SA3_CODE_2021,POL_Tamil_UOLSE_NWorNAA,POL_Tamil_UOLSE_Tot,POL_Tamil_NS,POL_Tamil_Tot,POL_Thai_SEO,POL_Thai_UOLSE_VWorW,POL_Thai_UOLSE_NWorNAA,POL_Thai_UOLSE_Tot,POL_Thai_NS,POL_Thai_Tot,POL_Turkish_SEO,POL_Turkish_UOLSE_VWorW,POL_Turkish_UOLSE_NWorNAA,POL_Turkish_UOLSE_Tot,POL_Turkish_NS,POL_Turkish_Tot,POL_Vietnamese_SEO,POL_Vietnamese_UOLSE_VWorW,POL_Vietnamese_UOLSE_NWorNAA,POL_Vietnamese_UOLSE_Tot,POL_Vietnamese_NS,POL_Vietnamese_Tot,POL_Oth_SEO,POL_Oth_UOLSE_VWorW,POL_Oth_UOLSE_NWorNAA,POL_Oth_UOLSE_Tot,POL_Oth_NS,POL_Oth_Tot,POL_Tot_SEO,POL_Tot_UOLSE_VWorW,POL_Tot_UOLSE_NWorNAA,POL_Tot_UOLSE_Tot,POL_Tot_NS,POL_Tot_Tot,P_LUatH_NS_SEO,P_LUatH_NS_UOLSE_VWorW,P_LUatH_NS_UOLSE_NWorNAA,P_LUatH_NS_UOLSE_Tot,P_LUatH_NS_NS,P_LUatH_NS_Tot,P_Tot_SEO,P_Tot_UOLSE_VWorW,P_Tot_UOLSE_NWorNAA,P_Tot_UOLSE_Tot,P_Tot_NS,P_Tot_Tot
10102,0,87,0,85,..,94,11,102,0,101,..,39,0,40,0,40,..,82,19,99,0,99,..,1009,106,1112,21,1135,..,7754,765,8517,78,8600,..,227,30,259,3102,3363,52829,7984,796,8774,3182,64793
10103,0,3,0,3,..,53,10,57,0,57,..,9,0,5,0,5,..,13,4,13,0,13,..,182,18,203,6,210,..,1153,132,1283,20,1304,..,39,3,45,1601,1648,17767,1193,142,1331,1627,20717
10104,0,7,0,7,..,89,20,108,0,111,..,18,0,20,0,20,..,66,16,82,0,79,..,504,49,558,11,567,..,2511,262,2779,45,2823,..,182,10,193,5283,5470,68436,2693,272,2969,5325,76736
10105,3,11,0,11,..,39,13,52,0,48,..,13,0,16,0,16,..,25,4,33,0,33,..,320,50,369,10,372,..,1833,273,2104,32,2142,..,109,16,133,2882,3014,33251,1948,287,2237,2917,38403
10106,0,10,0,10,..,24,7,30,0,30,..,9,0,9,0,9,..,29,18,47,0,47,..,215,28,243,9,253,..,1504,232,1738,24,1760,..,87,4,92,2294,2388,34006,1590,238,1829,2321,38159
10201,0,129,6,128,..,386,77,463,4,466,..,89,11,96,0,96,..,219,44,269,4,267,..,2065,229,2294,71,2362,..,13127,1678,14800,184,14989,..,560,77,634,7885,8524,154918,13689,1750,15440,8073,178427
10202,8,65,0,65,..,242,56,299,0,299,..,58,4,61,0,65,..,166,48,215,0,213,..,1628,199,1830,56,1883,..,8349,1166,9519,140,9656,..,523,41,559,8861,9424,149094,8871,1204,10076,9000,168171
10301,5,67,0,69,..,42,25,70,0,70,..,0,0,5,0,5,..,68,10,78,0,78,..,400,42,445,14,457,..,2316,279,2589,42,2631,..,91,5,100,3621,3727,42787,2409,284,2689,3665,49146
10302,0,9,0,9,..,28,7,31,0,33,..,0,0,6,0,6,..,18,11,24,0,26,..,354,43,393,9,400,..,1455,187,1641,31,1673,..,139,5,137,4528,4669,48339,1588,192,1785,4558,54684
10303,0,20,0,22,..,64,23,82,0,82,..,9,0,9,0,9,..,43,15,59,0,59,..,336,34,369,9,377,..,1570,191,1765,24,1786,..,136,10,141,3665,3805,42275,1706,201,1906,3689,47870
10304,0,68,0,68,..,53,31,86,0,86,..,21,4,26,0,26,..,48,13,60,0,63,..,525,73,598,26,623,..,3005,394,3393,55,3453,..,136,26,161,3355,3520,54301,3137,417,3555,3413,61266
10401,0,3,0,3,..,44,12,50,6,57,..,7,0,7,0,7,..,25,4,27,0,33,..,360,22,383,5,390,..,1332,130,1459,25,1480,..,117,19,138,4384,4523,47651,1448,150,1598,4413,53665
10402,0,21,0,21,..,117,22,140,0,140,..,13,0,13,0,16,..,68,20,87,3,90,..,1745,714,2457,56,2517,..,6112,1489,7602,122,7721,..,311,46,357,5430,5782,78955,6421,1537,7960,5556,92462
10501,0,0,0,0,..,16,3,16,0,16,..,3,0,3,0,3,..,11,8,19,0,19,..,189,8,200,4,204,..,759,71,834,11,841,..,59,3,56,3508,3567,17195,818,74,893,3518,21607
10502,4,7,0,7,..,6,0,6,0,6,..,0,0,0,0,0,..,13,0,13,0,13,..,135,14,150,5,153,..,562,64,626,4,634,..,58,4,62,1857,1920,17328,620,70,688,1860,19876
10503,8,80,4,88,..,50,12,58,0,62,..,0,0,0,0,0,..,55,14,66,0,67,..,666,63,732,17,754,..,4065,403,4468,62,4535,..,229,23,251,7862,8114,61432,4301,421,4721,7927,74084
10601,0,19,0,19,..,137,38,175,0,176,..,14,0,14,0,16,..,69,63,127,0,132,..,414,77,487,17,499,..,2292,344,2639,42,2680,..,244,22,269,6144,6415,88837,2538,363,2909,6188,97927
10602,4,51,0,51,..,101,26,125,0,125,..,15,4,20,0,20,..,94,41,134,0,134,..,808,124,927,35,967,..,4169,619,4789,65,4852,..,212,12,223,3150,3370,78794,4379,638,5010,3216,87019
10603,0,15,0,13,..,105,30,138,0,138,..,17,3,24,0,24,..,56,23,81,0,81,..,536,75,614,8,618,..,2695,333,3024,31,3053,..,185,14,202,3801,4002,69354,2882,348,3228,3828,76414
10604,11,30,0,35,..,37,9,48,0,48,..,0,0,0,0,0,..,12,5,18,0,18,..,223,33,254,4,262,..,1049,186,1233,17,1247,..,77,8,84,2127,2209,27126,1130,186,1322,2141,30584
10701,0,33,0,33,..,103,26,130,0,136,..,299,73,373,0,369,..,230,102,330,0,330,..,1346,249,1593,26,1620,..,10378,2305,12691,115,12803,..,278,50,329,3227,3552,63454,10656,2352,13011,3348,79819
10702,0,0,0,0,..,0,0,0,0,0,..,0,0,0,0,0,..,0,0,0,0,0,..,0,0,0,0,0,..,0,0,4,0,4,..,0,0,0,0,0,4,0,0,4,0,9
10703,0,22,0,23,..,154,37,186,0,194,..,285,58,346,0,346,..,144,54,200,0,200,..,936,131,1065,29,1090,..,7343,1065,8408,92,8501,..,320,29,355,4324,4677,86070,7661,1103,8759,4417,99254
10704,9,180,0,181,..,360,96,448,3,451,..,451,123,574,0,575,..,606,164,773,7,780,..,2024,411,2436,47,2488,..,17912,2975,20887,170,21055,..,453,72,525,5444,5967,107740,18360,3050,21411,5616,134762
10801,0,0,0,0,..,34,6,38,0,38,..,0,0,0,0,0,..,29,6,35,0,34,..,160,25,182,5,182,..,932,113,1043,19,1060,..,112,20,132,2192,2327,29921,1048,132,1177,2206,33311
10802,0,0,0,0,..,49,9,54,0,57,..,0,0,0,0,0,..,13,4,20,0,21,..,368,35,405,20,423,..,1332,193,1525,35,1558,..,157,10,168,4499,4669,44929,1491,203,1691,4540,51154
10803,0,0,0,0,..,0,0,0,0,0,..,0,0,0,0,0,..,0,0,0,0,0,..,19,0,15,0,15,..,27,6,34,0,32,..,0,0,0,34,34,382,27,6,34,37,445
10804,12,49,3,51,..,101,20,124,0,120,..,31,6,34,0,34,..,74,19,96,0,96,..,666,78,750,18,767,..,3105,323,3425,42,3464,..,203,15,218,3824,4049,79264,3307,336,3644,3869,86780
10805,0,10,0,10,..,62,16,72,0,72,..,5,0,5,0,5,..,31,13,42,0,42,..,310,38,351,13,365,..,1610,149,1764,29,1791,..,130,8,140,3816,3949,51600,1742,161,1899,3845,57345
10901,0,57,0,58,..,81,12,93,0,93,..,0,3,3,0,3,..,66,15,78,0,79,..,708,158,860,21,885,..,4198,782,4976,72,5053,..,180,36,209,3810,4022,57977,4374,811,5188,3882,67044
10902,0,4,0,4,..,17,11,28,0,28,..,13,0,13,0,13,..,7,7,14,0,14,..,144,30,173,0,176,..,548,141,689,9,696,..,51,11,63,1558,1621,10742,603,150,749,1567,13056
10903,0,11,0,11,..,34,4,37,0,37,..,7,3,6,0,6,..,29,7,37,0,37,..,202,18,226,17,238,..,1047,131,1178,24,1205,..,83,9,87,3446,3535,38706,1132,141,1274,3474,43453
11001,0,23,0,25,..,44,6,52,0,50,..,7,0,12,0,12,..,84,22,100,0,100,..,745,285,1028,9,1040,..,2732,432,3166,33,3191,..,130,40,170,3347,3518,30825,2867,472,3337,3377,37537
11002,0,0,0,0,..,22,3,26,0,26,..,0,0,0,0,0,..,28,4,35,0,35,..,278,29,308,14,322,..,971,131,1100,31,1130,..,125,11,135,3633,3764,33837,1095,140,1229,3662,38731
11003,0,19,0,19,..,21,3,24,0,24,..,3,0,5,0,5,..,10,4,14,0,14,..,152,15,169,6,172,..,683,79,759,10,775,..,52,4,57,3858,3909,20033,739,83,819,3866,24713
11004,4,35,0,35,..,53,19,65,0,73,..,13,0,13,0,12,..,214,147,359,0,366,..,788,107,898,27,927,..,3506,687,4196,74,4266,..,238,19,259,6296,6557,73756,3747,708,4452,6371,84579
11101,3,71,0,71,..,178,36,213,4,216,..,24,0,28,0,28,..,115,38,149,4,153,..,996,137,1134,44,1181,..,5808,753,6561,105,6665,..,380,21,398,4251,4650,115177,6187,777,6963,4358,126496
11102,0,73,0,73,..,114,48,162,0,163,..,13,4,13,0,13,..,74,13,86,0,95,..,745,115,858,25,887,..,3860,477,4336,59,4395,..,243,29,278,3292,3564,77069,4101,512,4609,3351,85022
11103,7,258,3,262,..,253,63,315,0,315,..,66,15,79,0,79,..,505,176,685,7,693,..,2553,419,2975,69,3044,..,15629,2421,18053,212,18269,..,546,90,637,7797,8428,152308,16182,2509,18689,8004,179000
11201,4,13,0,13,..,182,29,205,0,205,..,15,0,15,6,21,..,55,16,77,0,77,..,1059,88,1139,28,1165,..,5331,376,5707,74,5782,..,275,13,287,6447,6732,75259,5605,386,5997,6525,87772
11202,0,6,0,6,..,86,14,106,0,106,..,5,0,5,0,5,..,59,18,75,3,76,..,691,81,769,13,791,..,2764,262,3027,37,3069,..,204,17,221,5715,5939,62889,2967,278,3248,5757,71896
11203,0,30,0,33,..,188,22,210,0,210,..,25,0,25,0,25,..,74,9,88,0,88,..,644,85,737,22,756,..,4360,430,4793,72,4862,..,303,26,328,6379,6715,85814,4664,450,5117,6454,97392
11301,0,56,0,60,..,51,17,68,0,68,..,59,48,103,0,101,..,14,0,15,0,15,..,966,170,1138,21,1160,..,6274,1593,7867,92,7957,..,176,29,209,4057,4260,37347,6444,1623,8067,4146,49559
11302,0,15,0,15,..,27,11,40,0,40,..,0,0,0,0,0,..,10,0,10,0,10,..,146,20,168,3,168,..,585,58,648,3,653,..,42,0,43,1225,1267,13011,626,64,694,1230,14931
11303,6,117,0,119,..,81,20,99,0,101,..,4,0,4,0,4,..,113,23,137,0,137,..,1801,630,2432,40,2474,..,5754,1244,6994,94,7088,..,276,36,311,6336,6644,85428,6028,1277,7310,6430,99169
11401,0,43,0,46,..,130,38,166,0,166,..,20,4,22,0,22,..,87,23,111,0,111,..,879,100,986,27,1009,..,4643,562,5207,82,5292,..,288,22,310,6967,7275,95761,4938,582,5519,7047,108328
11402,3,18,0,18,..,86,18,110,0,110,..,26,4,30,0,30,..,39,9,47,0,51,..,431,50,484,10,495,..,3320,323,3640,46,3682,..,122,12,138,2503,2640,46357,3439,332,3777,2547,52678
11501,87,2871,23,2894,..,262,47,307,3,310,..,359,41,400,0,397,..,601,100,701,3,710,..,3605,310,3915,112,4027,..,56553,7941,64498,525,65021,..,617,104,720,3503,4225,85517,57172,8047,65214,4029,154767
11502,0,84,0,84,..,20,6,23,0,25,..,14,6,13,0,13,..,32,0,31,0,31,..,385,33,415,5,416,..,4188,505,4694,32,4726,..,94,3,95,832,927,22263,4275,515,4785,867,27914
11503,0,0,0,0,..,22,5,25,0,24,..,6,0,9,0,9,..,14,0,18,0,18,..,418,41,456,3,461,..,1112,130,1241,8,1250,..,55,3,58,827,890,22868,1167,137,1301,837,25006
11504,28,555,0,560,..,81,10,89,0,89,..,116,12,124,0,124,..,97,9,105,0,107,..,1857,173,2026,48,2077,..,16992,1871,18867,210,19075,..,237,37,277,1493,1769,35840,17229,1910,19139,1707,56682
11601,465,4386,46,4435,..,252,58,305,0,310,..,1008,288,1296,14,1311,..,400,109,515,0,513,..,7191,1356,8547,176,8726,..,58735,8726,67462,637,68099,..,841,216,1053,7372,8424,66077,59574,8940,68514,8012,142602
11602,158,3140,48,3183,..,230,47,281,9,287,..,310,57,376,0,376,..,275,69,341,4,348,..,7489,874,8370,206,8573,..,63174,5931,69114,744,69860,..,734,155,881,5807,6690,66222,63911,6086,69999,6552,142771
11603,87,882,11,898,..,145,41,185,0,186,..,648,181,833,6,842,..,435,215,653,5,650,..,6906,1390,8293,152,8445,..,42145,6000,48147,470,48621,..,895,202,1095,8365,9464,57541,43040,6205,49248,8838,115629
11701,9,161,0,160,..,423,116,541,9,544,..,563,149,711,3,712,..,441,62,499,9,511,..,2010,488,2499,57,2557,..,22601,3588,26191,236,26429,..,375,111,489,3102,3590,28760,22975,3699,26679,3337,58771
11702,0,75,5,76,..,298,92,390,6,394,..,143,56,198,0,198,..,1483,849,2336,12,2343,..,943,105,1049,20,1072,..,11492,3224,14711,128,14839,..,192,46,238,2328,2571,37362,11681,3268,14945,2457,54771
11703,10,370,10,380,..,4054,1859,5914,28,5945,..,580,97,679,5,683,..,2044,496,2544,15,2560,..,4246,493,4736,112,4848,..,63386,10755,74144,571,74707,..,907,208,1113,14310,15426,127659,64294,10964,75255,14882,217795
11801,5,47,0,50,..,242,51,291,0,290,..,152,16,170,0,170,..,240,31,266,0,266,..,3359,184,3543,54,3600,..,21451,1772,23227,216,23444,..,434,26,463,6579,7046,96686,21887,1799,23688,6796,127167
11802,3,210,0,215,..,449,92,542,0,541,..,227,37,263,3,266,..,576,90,666,3,667,..,3050,279,3329,71,3398,..,32981,4047,37026,295,37324,..,569,75,640,7513,8157,88766,33545,4118,37664,7809,134243
11901,21,246,0,246,..,331,88,419,8,431,..,436,102,540,3,546,..,12174,6491,18659,135,18797,..,4285,780,5062,147,5209,..,83525,20827,104357,880,105238,..,925,239,1161,11487,12648,68355,84452,21068,105517,12371,186245
11902,33,317,6,318,..,459,149,609,14,620,..,430,104,535,0,542,..,3728,1984,5708,32,5739,..,3922,1008,4932,136,5067,..,68539,20149,88688,820,89504,..,1009,347,1357,9226,10579,41001,69545,20492,90040,10042,141091
11903,0,144,0,148,..,475,122,598,0,594,..,143,25,169,4,173,..,949,293,1249,3,1254,..,1778,343,2120,93,2212,..,54744,14814,69563,526,70087,..,692,131,822,5424,6247,55531,55436,14950,70381,5951,131869
11904,12,277,7,279,..,916,269,1184,13,1199,..,522,76,597,3,595,..,1532,309,1835,17,1856,..,3279,869,4156,119,4276,..,67276,12458,79738,677,80411,..,992,274,1262,7782,9041,56462,68270,12726,80999,8460,145918
12001,11,351,4,353,..,248,44,295,4,293,..,403,52,455,4,456,..,632,93,727,4,730,..,1381,232,1616,61,1676,..,28000,5081,33082,295,33376,..,317,75,392,3246,3645,49689,28325,5151,33476,3546,86706
12002,4,43,3,50,..,151,31,185,3,187,..,113,11,122,0,126,..,213,43,263,3,267,..,882,74,954,20,978,..,7461,913,8375,110,8487,..,180,27,204,2180,2387,45526,7641,942,8589,2287,56398
12003,176,2737,27,2759,..,898,423,1316,10,1330,..,453,86,543,3,545,..,2787,583,3367,17,3386,..,4588,605,5187,150,5339,..,67503,15904,83406,667,84073,..,859,226,1089,6966,8055,69534,68367,16128,84494,7639,161666
12101,9,368,4,373,..,620,154,770,0,775,..,144,7,149,0,149,..,461,54,509,5,515,..,2555,294,2846,97,2943,..,36507,6387,42896,398,43300,..,419,86,501,3674,4172,69981,36926,6472,43399,4073,117456
12102,8,627,7,632,..,315,79,403,0,403,..,46,4,49,0,55,..,328,85,412,0,414,..,1927,224,2149,71,2224,..,26335,4429,30764,319,31086,..,359,64,421,2118,2543,53825,26698,4482,31184,2443,87455
12103,9,432,0,432,..,258,53,311,0,311,..,120,8,121,0,121,..,373,47,421,0,423,..,1939,156,2099,58,2159,..,35383,5775,41161,337,41501,..,413,67,480,2663,3144,79716,35796,5845,41641,3000,124357
12104,6,169,0,169,..,374,92,470,0,471,..,143,16,161,0,161,..,278,34,316,3,315,..,1710,135,1847,46,1887,..,18053,1737,19792,227,20017,..,310,22,330,3532,3863,70899,18358,1763,20122,3759,94778
12201,0,9,0,9,..,56,14,66,0,66,..,38,10,42,0,42,..,64,7,65,0,65,..,959,51,1012,22,1034,..,5631,413,6041,72,6111,..,119,6,125,1369,1499,35562,5750,415,6172,1440,43173
12202,0,4,0,4,..,94,15,111,4,117,..,35,0,33,0,33,..,85,8,94,0,94,..,824,53,877,11,892,..,5036,392,5429,58,5490,..,191,19,206,2321,2526,55470,5222,406,5629,2384,63482
12203,4,90,0,90,..,432,93,524,0,524,..,105,19,124,0,127,..,292,82,373,4,374,..,4390,622,5012,88,5097,..,25909,3228,29141,311,29447,..,615,89,707,4421,5127,122328,26532,3314,29842,4728,156903
12301,0,53,0,53,..,147,26,179,0,183,..,101,9,114,0,114,..,186,51,232,7,239,..,1310,172,1479,22,1504,..,8488,860,9347,70,9420,..,241,37,281,1876,2160,62000,8726,898,9634,1945,73578
12302,49,875,8,885,..,564,182,742,5,747,..,251,55,305,0,304,..,1231,425,1658,21,1678,..,6383,1177,7562,140,7711,..,55467,7458,62926,643,63568,..,1319,211,1533,9781,11317,102995,56783,7673,64456,10429,177879
12303,0,0,0,0,..,30,7,37,0,37,..,42,0,43,0,46,..,41,11,48,0,48,..,424,64,488,8,495,..,2215,261,2471,21,2495,..,127,8,137,2183,2315,41023,2344,266,2609,2205,45837
12401,0,21,0,21,..,134,22,160,0,160,..,20,0,19,0,19,..,129,28,155,3,156,..,965,104,1079,34,1114,..,4607,377,4981,74,5054,..,217,14,230,2399,2623,70263,4817,391,5208,2467,77950
12402,0,0,0,0,..,0,0,0,0,0,..,0,0,0,0,0,..,0,0,0,0,0,..,0,0,0,0,0,..,0,0,0,0,0,..,0,0,0,0,4,4,0,0,0,0,8
12403,30,505,9,521,..,326,98,425,9,432,..,193,36,235,5,239,..,258,55,310,5,314,..,3743,431,4169,84,4249,..,23707,2835,26546,306,26851,..,545,86,631,7449,8082,124379,24258,2921,27179,7754,159310
12404,0,22,0,22,..,54,9,64,0,64,..,22,0,20,0,20,..,35,19,51,0,51,..,639,73,717,11,726,..,2871,386,3259,35,3291,..,124,11,142,3042,3183,31532,2996,402,3396,3074,38002
12405,35,374,5,377,..,79,28,114,0,116,..,421,89,503,13,512,..,158,53,217,3,217,..,2448,388,2838,45,2883,..,13212,1759,14967,130,15101,..,272,68,343,3807,4157,37534,13484,1829,15308,3940,56790
12501,193,1784,17,1800,..,287,139,425,5,429,..,2958,1060,4011,27,4037,..,1651,566,2223,10,2233,..,4584,1482,6066,118,6187,..,53845,19679,73523,600,74117,..,831,326,1160,7142,8303,21123,54678,20001,74681,7742,103544
12502,19,683,6,687,..,187,39,230,0,230,..,215,42,259,0,259,..,395,68,461,0,461,..,2300,379,2678,64,2744,..,31849,8170,40018,332,40345,..,379,100,485,2732,3215,30459,32228,8272,40503,3063,74024
12503,93,1004,7,1009,..,310,120,434,0,434,..,2385,684,3064,26,3088,..,4732,2497,7222,52,7278,..,10982,3062,14047,250,14302,..,76112,20049,96168,846,97013,..,1272,442,1717,13364,15077,51729,77387,20491,97876,14209,163816
12504,761,8951,104,9055,..,310,99,412,0,412,..,611,157,766,0,772,..,758,124,881,15,893,..,10308,1156,11461,258,11714,..,75073,10606,85682,886,86564,..,827,250,1080,8068,9146,56413,75906,10856,86754,8957,152128
12601,28,827,9,835,..,132,26,157,0,157,..,68,0,75,0,75,..,321,38,359,0,358,..,1215,124,1340,45,1378,..,23124,4390,27515,249,27764,..,187,40,232,1361,1591,25476,23310,4436,27750,1609,54832
12602,31,982,12,998,..,578,133,709,11,714,..,264,20,287,0,282,..,1038,118,1157,17,1168,..,4773,692,5467,137,5605,..,57546,11567,69109,671,69781,..,570,146,714,5681,6400,71026,58114,11714,69827,6351,147202
12701,25,370,3,381,..,279,88,368,5,375,..,633,107,739,7,745,..,4897,2419,7313,57,7374,..,11016,2157,13174,153,13327,..,58151,11404,69558,633,70196,..,1202,290,1493,6590,8081,64809,59350,11701,71050,7223,143080
12702,7,107,0,104,..,643,392,1035,6,1041,..,751,212,968,7,974,..,24694,16275,40964,236,41201,..,21795,9657,31453,250,31706,..,91011,43973,134983,882,135865,..,1786,974,2758,10217,12974,46333,92802,44951,137749,11094,195172
12703,51,902,10,907,..,286,69,357,3,357,..,1025,225,1251,6,1256,..,3754,1629,5382,40,5424,..,6146,1258,7399,136,7532,..,58729,12775,71497,620,72121,..,886,225,1112,8491,9601,54460,59607,12995,72607,9115,136178
12801,0,30,0,30,..,293,46,335,0,338,..,100,11,114,0,114,..,224,40,262,4,271,..,1322,170,1494,48,1542,..,15050,1969,17024,184,17206,..,328,37,361,4122,4486,96171,15377,2006,17381,4311,117865
12802,0,68,0,68,..,224,32,258,0,258,..,89,8,97,0,97,..,279,52,330,4,331,..,1186,168,1351,40,1389,..,12715,1618,14339,141,14477,..,304,21,329,2879,3206,94059,13026,1637,14664,3021,111740
19797,0,0,0,0,..,0,0,0,0,0,..,0,0,0,0,0,..,0,0,0,0,0,..,0,0,0,0,0,..,0,0,0,0,0,..,0,0,0,0,0,0,0,0,0,0,0
19999,0,13,0,14,..,10,3,14,0,16,..,12,4,11,0,11,..,25,16,39,0,39,..,171,32,203,4,205,..,966,159,1125,25,1150,..,35,6,40,3764,3803,6417,1003,162,1166,3781,11371
20101,0,146,3,149,..,119,20,145,4,144,..,18,3,26,0,26,..,162,19,181,0,181,..,1137,130,1266,40,1309,..,7174,744,7915,116,8034,..,314,36,353,5243,5597,102572,7494,779,8268,5359,116201
20102,0,7,0,7,..,25,0,25,0,25,..,14,0,14,0,14,..,24,4,26,4,34,..,285,35,318,10,322,..,1204,112,1313,18,1328,..,73,0,74,2148,2220,27421,1276,111,1390,2163,30975
20103,0,0,0,0,..,12,0,12,0,12,..,0,0,0,0,0,..,11,3,12,3,14,..,178,18,198,0,199,..,641,56,701,15,709,..,68,0,72,2290,2361,23686,709,59,771,2300,26759
20201,3,83,0,81,..,74,15,83,0,83,..,22,3,25,0,25,..,124,41,159,5,167,..,1705,889,2594,48,2643,..,5939,1367,7307,107,7411,..,281,58,342,5110,5456,90175,6221,1425,7648,5219,103034
20202,0,9,0,9,..,32,9,36,0,36,..,10,3,12,0,12,..,20,9,32,0,32,..,393,65,457,3,465,..,1659,236,1897,28,1918,..,101,5,109,3890,4003,46577,1765,243,2004,3921,52500
20203,0,3,0,3,..,11,0,13,0,13,..,0,0,0,0,0,..,0,0,4,0,4,..,68,6,77,3,78,..,300,35,335,4,338,..,21,4,23,1236,1256,10633,319,34,357,1238,12224
20301,0,0,0,0,..,15,4,18,0,24,..,4,0,4,0,4,..,14,7,22,0,22,..,162,23,180,7,182,..,601,60,664,11,674,..,35,6,42,1124,1165,20638,633,67,705,1137,22483
20302,40,452,4,451,..,299,75,371,3,378,..,258,52,313,0,313,..,590,235,823,7,831,..,4449,1250,5701,116,5810,..,24446,3974,28420,331,28750,..,635,102,733,10471,11212,172021,25076,4078,29156,10803,211986
20303,0,9,0,9,..,70,11,80,0,80,..,23,3,28,0,28,..,72,11,82,7,84,..,916,73,984,31,1012,..,4121,365,4491,89,4574,..,187,8,200,4249,4448,84387,4310,378,4688,4342,93417
20401,3,22,0,22,..,86,10,100,0,100,..,36,3,37,0,37,..,41,20,65,0,65,..,435,59,499,13,510,..,2512,300,2814,29,2842,..,135,11,147,4485,4629,52531,2640,314,2957,4512,60002
20402,6,41,0,41,..,59,22,80,5,79,..,3,0,6,0,4,..,25,7,33,0,35,..,270,24,298,13,317,..,1878,239,2117,39,2162,..,113,11,128,2990,3120,43174,1999,251,2249,3031,48454
20403,4,18,0,18,..,55,10,66,0,66,..,6,0,6,0,6,..,125,88,220,0,219,..,811,218,1027,21,1047,..,3735,658,4398,69,4463,..,216,41,257,4276,4537,67479,3951,697,4652,4348,76475
20501,5,38,0,38,..,65,18,78,0,82,..,20,0,20,0,20,..,63,34,99,0,97,..,554,51,608,12,622,..,2491,317,2806,28,2838,..,128,6,135,3090,3223,51718,2618,324,2946,3117,57775
20502,3,40,0,41,..,32,33,66,0,72,..,6,0,6,0,6,..,74,39,114,0,114,..,290,39,329,10,336,..,1688,252,1939,28,1974,..,131,18,150,3538,3688,43173,1819,272,2091,3565,48830
20503,0,32,0,32,..,67,10,74,0,77,..,18,0,18,0,18,..,65,27,87,4,96,..,527,74,597,8,605,..,2870,343,3215,45,3266,..,174,17,188,4579,4767,63517,3042,361,3407,4622,71548
20504,0,44,0,44,..,75,19,98,3,100,..,18,4,16,0,16,..,87,32,122,3,127,..,1006,201,1208,36,1248,..,4351,703,5050,76,5121,..,225,38,268,5415,5680,66362,4575,740,5315,5493,77168
20505,5,44,0,49,..,40,13,57,0,57,..,7,0,7,0,7,..,58,32,88,3,90,..,261,31,289,8,303,..,1566,210,1772,21,1796,..,106,0,110,3908,4013,39712,1672,213,1882,3929,45525
20601,7,139,0,138,..,144,30,175,0,175,..,717,209,930,8,940,..,625,139,763,6,765,..,1442,184,1629,43,1676,..,20403,3786,24183,213,24398,..,302,35,335,2607,2940,62533,20704,3820,24522,2823,89874
20602,3,46,0,50,..,73,7,81,0,81,..,79,6,88,0,91,..,379,146,526,4,530,..,735,79,819,31,849,..,9233,2092,11323,107,11433,..,186,16,201,1510,1710,40129,9418,2110,11526,1616,53270
20603,7,141,4,144,..,135,20,152,0,158,..,380,63,447,0,446,..,1043,330,1369,17,1381,..,2186,391,2579,52,2633,..,15041,2415,17457,193,17649,..,249,38,286,2718,2995,48068,15288,2451,17740,2910,68712
20604,50,1122,10,1138,..,1515,392,1911,9,1916,..,405,61,464,5,471,..,2715,445,3157,19,3175,..,4896,540,5438,111,5545,..,60782,7686,68465,409,68877,..,527,105,633,10740,11370,69357,61313,7785,69097,11151,149601
20605,6,185,3,192,..,246,31,278,0,278,..,225,37,271,0,268,..,438,79,518,7,518,..,2522,264,2789,57,2846,..,19068,2180,21256,207,21464,..,337,40,376,6212,6591,73905,19413,2223,21634,6422,101956
20606,9,148,4,148,..,203,53,252,4,261,..,163,55,213,0,218,..,321,54,369,4,377,..,1137,113,1250,24,1274,..,11931,1688,13616,116,13736,..,147,23,173,3439,3610,45194,12081,1708,13788,3552,62539
20607,0,94,0,94,..,191,41,232,0,227,..,217,60,273,0,277,..,1799,1183,2978,24,3004,..,2177,348,2524,59,2586,..,14401,3659,18063,192,18256,..,313,47,361,4402,4761,68044,14716,3708,18427,4590,91060
20701,16,683,3,684,..,329,41,369,0,369,..,191,17,211,4,210,..,1792,272,2067,16,2080,..,2115,195,2310,60,2373,..,41121,6756,47878,346,48227,..,507,49,556,4555,5117,114556,41632,6809,48437,4906,167900
20702,16,387,0,388,..,132,21,152,0,153,..,220,40,258,0,258,..,627,120,748,10,757,..,1528,232,1762,68,1836,..,42614,8846,51455,449,51905,..,379,75,455,2572,3025,43453,42994,8918,51911,3020,98386
20703,24,638,12,648,..,251,52,306,0,306,..,73,7,80,0,80,..,1182,274,1461,6,1469,..,1694,199,1897,55,1952,..,34817,9565,44380,386,44760,..,310,58,367,3654,4026,58400,35133,9623,44751,4045,107187
20801,8,89,0,91,..,124,10,133,3,138,..,224,16,240,0,245,..,226,28,258,0,258,..,1665,135,1801,39,1842,..,13763,1725,15487,158,15645,..,306,33,342,3191,3534,82132,14071,1758,15830,3349,101306
20802,27,844,14,856,..,316,55,369,4,374,..,181,20,201,7,204,..,1075,149,1220,8,1234,..,6993,503,7496,137,7630,..,42718,5935,48656,452,49114,..,601,86,687,4679,5364,101992,43325,6026,49349,5134,156469
20803,23,383,4,387,..,237,41,276,0,279,..,508,104,610,8,616,..,549,98,645,8,652,..,2237,243,2483,52,2535,..,20521,2940,23465,243,23705,..,389,53,445,3679,4117,94872,20911,2997,23908,3916,122693
20804,5,119,0,119,..,67,3,71,0,73,..,44,0,45,0,45,..,244,40,286,7,287,..,661,54,717,18,732,..,8302,1085,9388,89,9474,..,90,8,99,1249,1344,31348,8395,1088,9487,1333,42162
20901,30,547,9,550,..,258,30,284,5,292,..,159,13,169,0,171,..,776,148,923,4,933,..,2642,356,3000,90,3089,..,23714,3542,27255,290,27548,..,430,56,479,3576,4061,94634,24146,3592,27742,3865,126236
20902,27,407,8,419,..,192,37,226,0,226,..,269,59,332,0,335,..,1861,668,2521,14,2538,..,2626,377,3006,63,3068,..,29526,6735,36261,307,36574,..,371,86,457,4280,4738,53993,29896,6826,36717,4587,95299
20903,0,60,0,59,..,50,8,56,0,56,..,107,24,127,0,127,..,82,9,86,0,86,..,665,73,743,23,763,..,5627,528,6151,66,6219,..,150,6,158,1956,2115,58767,5775,527,6308,2022,67105
20904,229,2573,30,2604,..,361,80,441,12,447,..,1587,391,1977,8,1984,..,3676,1606,5283,46,5330,..,8542,1356,9895,238,10133,..,90766,15626,106387,1120,107509,..,1490,334,1818,10171,11994,132518,92258,15955,108211,11294,252026
21001,12,146,0,153,..,109,20,137,0,134,..,423,56,483,7,489,..,1250,376,1628,9,1633,..,1475,155,1629,24,1646,..,16086,2646,18731,144,18874,..,265,38,310,1706,2013,40803,16354,2687,19039,1847,61687
21002,0,7,0,7,..,35,0,34,0,34,..,36,0,41,0,41,..,19,6,22,0,22,..,262,26,287,5,290,..,1323,96,1419,18,1433,..,68,0,62,1500,1564,29966,1386,99,1486,1515,32969
21003,24,293,0,295,..,152,21,175,0,175,..,1681,422,2104,19,2124,..,637,194,824,8,832,..,2548,443,2993,84,3074,..,29395,4706,34098,387,34484,..,486,92,578,4104,4686,41371,29881,4796,34675,4496,80537
21004,0,34,0,34,..,88,16,105,4,111,..,72,10,75,0,81,..,95,19,116,4,119,..,645,94,735,18,756,..,4590,466,5056,69,5126,..,110,7,120,1734,1855,38084,4703,472,5181,1803,45064
21005,66,933,18,953,..,333,96,431,4,433,..,11493,3150,14647,103,14751,..,1335,645,1975,12,1989,..,17286,5911,23193,295,23486,..,94665,19293,113955,1165,115121,..,1950,654,2609,10470,13074,75872,96616,19944,116567,11634,204071
21101,67,1452,6,1457,..,321,34,355,4,362,..,151,24,175,3,176,..,967,315,1282,10,1294,..,2951,518,3472,112,3583,..,38445,6804,45248,493,45739,..,586,107,690,4530,5218,108188,39028,6904,45933,5024,159148
21102,0,30,0,30,..,18,4,18,0,18,..,25,4,31,0,31,..,62,8,71,0,71,..,295,23,312,15,331,..,4840,825,5668,46,5716,..,70,12,86,711,795,19875,4917,835,5751,755,26386
21103,15,265,3,269,..,245,31,277,0,279,..,61,16,71,0,71,..,426,115,541,4,540,..,3039,1398,4431,108,4543,..,18083,4188,22270,275,22547,..,439,122,560,3301,3863,88179,18519,4311,22830,3574,114579
21104,20,367,0,372,..,150,27,179,0,179,..,64,8,70,0,70,..,642,229,874,9,874,..,1061,208,1270,51,1317,..,19640,4233,23872,260,24134,..,230,43,270,1859,2128,36674,19870,4269,24139,2120,62935
21105,5,86,5,90,..,183,29,221,0,219,..,38,0,40,0,40,..,157,25,184,9,189,..,2683,814,3503,64,3565,..,10510,1738,12249,146,12397,..,485,74,557,5172,5728,137129,10996,1810,12804,5319,155256
21201,71,646,3,651,..,170,29,200,0,200,..,89,12,102,0,105,..,184,54,239,0,241,..,3460,634,4094,83,4177,..,18459,2359,20815,247,21068,..,456,84,538,5471,6008,91260,18917,2443,21358,5720,118342
21202,201,2156,14,2173,..,181,38,221,5,225,..,577,151,729,0,729,..,933,312,1240,6,1249,..,10615,2700,13312,167,13480,..,45528,8146,53679,499,54181,..,1006,260,1262,5959,7225,75891,46541,8405,54940,6458,137287
21203,307,3809,58,3869,..,383,101,483,3,485,..,827,151,984,10,989,..,1204,496,1699,6,1708,..,19349,4959,24304,361,24667,..,84104,13138,97242,1110,98348,..,1794,507,2298,9391,11694,117910,85894,13647,99538,10500,227950
21204,359,3147,37,3186,..,505,268,771,5,778,..,1296,363,1661,12,1670,..,12734,7002,19736,126,19860,..,14934,4588,19518,232,19748,..,89608,28661,118270,1002,119272,..,1688,730,2419,8921,11341,63031,91294,29395,120686,9924,193644
21205,120,3116,16,3136,..,417,72,491,3,497,..,251,43,297,3,298,..,2799,586,3385,26,3412,..,5268,561,5830,108,5936,..,80390,14824,95217,727,95940,..,708,163,878,6758,7635,79264,81096,14991,96088,7481,182833
21301,163,980,13,993,..,345,84,428,3,427,..,1670,462,2129,7,2138,..,22743,12877,35612,299,35907,..,14472,3767,18238,217,18456,..,82505,25860,108364,884,109251,..,1211,419,1622,10620,12246,64574,83712,26277,109990,11502,186067
21302,11,174,0,172,..,182,39,217,5,219,..,110,16,131,3,133,..,1268,475,1737,26,1769,..,2840,395,3237,70,3299,..,18916,3268,22185,227,22415,..,337,61,398,3403,3799,60379,19257,3328,22583,3632,86589
21303,15,212,0,209,..,222,33,259,0,253,..,286,72,364,5,360,..,6951,2900,9851,76,9928,..,3471,546,4021,74,4097,..,25509,6597,32108,326,32435,..,369,85,451,4075,4533,48241,25878,6684,32559,4408,85209
21304,118,1305,15,1323,..,305,41,350,0,345,..,1144,156,1298,11,1308,..,3250,1310,4565,29,4590,..,11923,2110,14040,224,14264,..,61856,8291,70149,761,70907,..,1176,279,1458,11277,12736,114796,63034,8572,71609,12036,198439
21305,218,4230,67,4295,..,590,150,743,11,752,..,387,55,448,0,445,..,2424,819,3237,27,3266,..,24319,4664,28981,568,29550,..,128919,16855,145776,1941,147716,..,1912,441,2356,16120,18472,130559,130833,17298,148125,18061,296748
21401,24,329,3,333,..,296,56,349,4,353,..,154,28,181,0,180,..,263,62,330,0,327,..,2320,372,2698,62,2755,..,13605,1938,15545,184,15734,..,498,44,539,6591,7131,116411,14100,1985,16087,6778,139281
21402,0,34,0,34,..,198,27,219,0,225,..,64,13,76,0,76,..,104,23,130,0,130,..,1180,144,1328,28,1355,..,8207,842,9051,121,9177,..,430,24,455,8651,9108,150667,8641,871,9508,8780,168948
21501,4,30,0,31,..,35,0,32,3,35,..,19,7,26,0,29,..,50,13,60,3,66,..,570,219,786,15,804,..,2373,469,2844,44,2887,..,125,25,144,4601,4747,52700,2502,489,2987,4644,60340
21502,14,88,3,92,..,76,92,168,8,175,..,278,154,431,0,431,..,202,199,399,8,408,..,1032,346,1383,24,1404,..,5044,1862,6907,99,7004,..,212,33,250,4203,4455,45513,5252,1901,7159,4303,56972
21503,0,29,0,29,..,77,68,149,0,149,..,9,0,10,0,10,..,170,237,404,9,413,..,575,186,758,20,783,..,2707,1188,3893,71,3960,..,128,45,178,3082,3255,31050,2835,1237,4065,3145,38264
21601,0,10,0,10,..,27,23,52,0,52,..,6,4,6,0,6,..,23,12,32,0,32,..,195,29,228,7,229,..,1290,209,1502,27,1528,..,127,3,133,2533,2666,34693,1421,216,1634,2561,38889
21602,0,16,0,16,..,49,16,63,0,63,..,0,0,3,0,3,..,16,7,22,0,22,..,184,26,208,3,209,..,1260,311,1574,25,1601,..,90,6,95,2122,2215,26713,1355,314,1668,2144,30522
21603,14,161,0,159,..,111,47,157,0,158,..,356,122,483,0,483,..,69,27,95,8,102,..,1952,727,2683,50,2739,..,9483,2391,11875,167,12045,..,268,64,334,4912,5247,50912,9752,2459,12209,5085,68206
21701,0,5,0,5,..,47,5,59,0,59,..,0,0,0,0,0,..,22,11,33,0,34,..,180,28,208,9,214,..,982,88,1068,18,1088,..,85,5,88,2272,2358,33343,1069,90,1157,2287,36792
21703,0,11,0,11,..,26,8,37,0,35,..,11,0,11,0,11,..,26,9,32,0,32,..,276,48,318,12,328,..,1356,344,1704,24,1730,..,87,3,88,2510,2594,34178,1440,348,1790,2532,38497
21704,6,30,0,30,..,62,18,77,0,77,..,13,0,17,4,18,..,76,54,127,0,132,..,332,42,374,17,395,..,1881,343,2219,53,2276,..,143,14,148,2933,3080,47423,2017,356,2373,2983,52777
29797,0,0,0,0,..,0,0,0,0,0,..,0,0,0,0,0,..,0,0,0,0,0,..,0,0,0,0,0,..,5,0,5,0,5,..,0,0,0,27,27,13,5,0,5,27,38
29999,0,6,0,6,..,7,0,7,0,7,..,25,13,32,0,35,..,32,14,42,0,42,..,187,40,227,6,229,..,794,171,962,15,977,..,37,7,45,3575,3624,4485,834,179,1012,3592,9089
30101,6,80,0,80,..,117,15,132,0,132,..,29,0,29,0,29,..,130,40,169,0,168,..,1029,131,1161,28,1187,..,5983,647,6636,83,6716,..,234,14,248,2342,2591,64080,6220,662,6877,2424,73384
30102,4,45,0,45,..,130,23,156,4,162,..,32,3,36,0,36,..,92,20,112,0,112,..,1051,179,1226,22,1252,..,5670,592,6267,73,6338,..,259,19,276,3140,3417,83633,5933,609,6545,3212,93394
30103,9,74,0,74,..,123,21,147,3,150,..,21,6,22,0,22,..,217,69,284,0,285,..,1039,93,1135,28,1163,..,7077,719,7795,100,7888,..,289,23,313,2345,2651,62496,7370,742,8107,2442,73041
30201,8,201,6,203,..,79,8,85,0,89,..,20,3,23,0,23,..,115,27,145,0,145,..,1020,98,1115,27,1140,..,8042,807,8852,97,8948,..,186,19,205,1098,1300,35879,8230,829,9056,1195,46125
30202,8,140,0,140,..,153,34,188,0,188,..,37,3,41,0,41,..,192,28,223,3,226,..,1245,270,1511,33,1547,..,9779,1196,10973,120,11090,..,273,42,315,2751,3069,60174,10046,1239,11286,2875,74330
30203,5,133,0,136,..,135,20,155,0,155,..,16,0,15,0,15,..,128,48,176,0,178,..,926,135,1065,16,1076,..,6600,710,7313,74,7381,..,167,26,193,1695,1885,33695,6771,735,7501,1767,42971
30204,8,117,7,123,..,115,21,132,0,132,..,23,4,20,0,20,..,80,15,100,0,97,..,1448,258,1706,41,1746,..,9625,1152,10780,140,10918,..,280,38,313,2069,2384,47865,9910,1185,11094,2208,61171
30301,7,165,3,167,..,98,14,116,4,117,..,23,0,26,0,26,..,225,47,273,3,270,..,890,122,1008,29,1032,..,9082,1090,10170,119,10292,..,165,18,178,1342,1524,42462,9248,1101,10349,1466,54274
30302,15,214,0,214,..,219,36,255,0,255,..,54,10,70,0,70,..,678,174,857,12,865,..,1858,252,2106,58,2165,..,14107,1566,15677,179,15859,..,283,42,326,3038,3361,60171,14391,1611,16005,3220,79394
30303,16,476,5,478,..,165,27,196,0,197,..,91,18,112,0,112,..,705,205,918,6,920,..,1966,269,2234,51,2284,..,26587,5165,31745,300,32050,..,348,103,453,2659,3113,44211,26933,5261,32197,2961,79365
30304,6,129,0,131,..,68,11,78,0,78,..,30,0,33,0,33,..,447,110,553,4,556,..,1148,198,1345,31,1380,..,8698,1569,10269,106,10371,..,192,33,225,1256,1484,28055,8887,1601,10493,1364,39907
30305,29,455,0,453,..,113,22,140,0,140,..,99,16,113,3,114,..,1321,470,1791,33,1824,..,2948,600,3553,77,3628,..,26588,5487,32075,351,32432,..,450,100,554,2546,3100,32357,27035,5594,32631,2902,67890
30306,4,170,4,172,..,105,25,131,0,131,..,24,4,29,0,29,..,778,285,1067,5,1066,..,1893,354,2250,61,2305,..,21459,5899,27351,274,27627,..,285,82,367,1941,2307,20261,21741,5979,27723,2213,50190
30401,17,303,0,306,..,66,13,73,0,75,..,8,0,8,0,8,..,836,228,1062,6,1073,..,533,57,589,16,608,..,6723,889,7617,66,7687,..,114,17,128,575,706,24627,6841,912,7752,646,33016
30402,0,190,3,192,..,57,3,60,0,60,..,31,0,33,0,36,..,175,27,199,0,199,..,790,63,848,22,878,..,7305,610,7910,72,7990,..,139,15,150,951,1104,38641,7440,622,8061,1027,47733
30403,10,343,3,349,..,92,15,113,3,109,..,52,0,50,0,56,..,494,90,576,3,585,..,1132,106,1237,24,1263,..,12196,1231,13435,109,13537,..,165,16,185,1699,1888,38860,12367,1252,13617,1808,54285
30404,4,70,0,69,..,94,23,114,0,113,..,35,0,39,0,39,..,70,24,96,0,102,..,887,126,1012,21,1035,..,5120,470,5589,80,5672,..,137,11,144,1440,1581,46929,5254,481,5732,1516,54179
30501,5,242,4,242,..,481,142,632,0,633,..,124,5,132,0,132,..,862,174,1034,4,1039,..,1954,195,2151,54,2203,..,22943,2764,25710,207,25915,..,312,53,366,6339,6701,54849,23260,2816,26076,6543,87467
30502,0,41,0,41,..,103,26,130,0,130,..,39,4,45,0,45,..,105,12,120,0,116,..,663,60,729,12,743,..,4831,431,5261,59,5327,..,118,20,140,1707,1845,37199,4949,452,5401,1769,44376
30503,7,168,0,171,..,288,45,334,0,337,..,61,8,63,0,63,..,469,62,532,0,532,..,1802,147,1944,36,1986,..,14965,1324,16287,167,16457,..,303,34,335,4456,4793,78812,15266,1361,16625,4623,100063
30504,13,91,0,91,..,117,26,140,0,143,..,46,5,55,0,55,..,145,15,158,0,158,..,841,65,901,21,925,..,7363,609,7972,87,8055,..,160,14,174,1707,1873,50402,7520,623,8142,1792,60333
30601,0,41,3,38,..,174,26,196,0,196,..,13,3,11,0,11,..,87,5,91,0,92,..,1282,90,1367,31,1399,..,5956,503,6456,77,6539,..,286,33,315,3173,3495,47748,6241,537,6773,3252,57774
30602,3,69,0,69,..,287,62,352,0,350,..,39,9,45,0,43,..,257,78,336,10,341,..,4710,732,5445,122,5565,..,14194,2308,16501,249,16752,..,933,155,1086,10351,11433,77303,15129,2462,17592,10599,105489
30603,0,7,0,7,..,50,10,63,0,63,..,0,0,0,0,0,..,16,3,24,0,24,..,2647,211,2854,90,2943,..,4511,481,4988,124,5112,..,157,14,170,3224,3392,26826,4670,489,5159,3347,35333
30604,0,0,0,0,..,30,7,39,0,39,..,0,0,0,0,0,..,10,0,14,0,14,..,236,17,253,10,264,..,1064,55,1121,11,1135,..,67,7,80,1362,1443,9674,1131,61,1195,1381,12252
30605,0,9,0,9,..,66,7,74,0,74,..,0,0,0,0,0,..,17,12,33,3,30,..,832,95,923,29,953,..,2836,369,3203,57,3258,..,172,12,191,4103,4290,35347,3013,382,3387,4159,42900
30701,0,16,0,16,..,11,8,17,0,17,..,0,0,0,0,0,..,20,8,26,0,26,..,264,38,295,9,311,..,1529,149,1675,23,1705,..,126,11,146,4679,4823,37719,1660,163,1818,4708,44244
30702,0,0,0,0,..,10,0,14,0,14,..,0,0,0,0,0,..,14,9,16,0,16,..,237,32,270,13,281,..,1386,189,1580,32,1610,..,115,16,127,3389,3517,37732,1504,206,1710,3422,42862
30703,0,4,0,4,..,33,0,31,0,31,..,3,0,3,0,3,..,21,12,26,0,28,..,241,45,288,8,294,..,1415,236,1651,20,1668,..,84,11,96,3036,3127,36720,1502,248,1746,3055,41520
30801,0,19,0,19,..,44,8,53,0,53,..,7,0,12,0,12,..,23,8,29,0,29,..,376,50,428,15,445,..,1457,190,1645,28,1672,..,91,11,100,3141,3237,23946,1549,200,1745,3163,28849
30803,43,194,0,193,..,117,25,137,0,137,..,4,0,6,0,6,..,267,173,444,4,442,..,1008,190,1201,38,1238,..,5405,870,6279,91,6368,..,369,64,434,9467,9900,105097,5775,938,6712,9558,121360
30804,9,23,0,23,..,12,4,14,0,14,..,0,0,0,0,0,..,13,10,24,0,24,..,79,12,92,0,92,..,494,154,646,3,658,..,22,0,24,1809,1834,12028,514,152,675,1815,14513
30805,8,107,0,108,..,90,17,109,0,112,..,9,0,11,0,11,..,44,19,65,0,65,..,498,59,560,18,574,..,3285,280,3565,51,3613,..,158,19,174,4188,4369,55537,3443,295,3739,4244,63515
30901,0,8,0,8,..,121,33,155,0,155,..,50,8,54,0,54,..,119,25,148,0,144,..,868,101,967,14,983,..,6685,859,7548,79,7623,..,202,26,226,4106,4335,54438,6889,889,7775,4186,66400
30902,0,6,0,6,..,83,6,93,0,92,..,13,3,13,0,13,..,37,3,42,0,42,..,501,53,556,10,567,..,3260,284,3543,43,3580,..,200,12,209,2960,3162,50773,3455,291,3745,2993,57511
30903,5,61,0,61,..,266,42,311,0,308,..,120,17,136,0,136,..,201,41,243,5,244,..,1480,236,1718,23,1741,..,9018,1488,10507,90,10595,..,430,40,474,4083,4559,54235,9454,1529,10982,4171,69387
30904,0,0,0,0,..,22,0,20,0,20,..,0,0,0,0,0,..,4,0,4,0,3,..,203,13,210,6,217,..,884,54,940,12,954,..,54,4,53,1218,1277,17889,936,53,996,1235,20113
30905,0,9,0,14,..,39,5,47,0,47,..,14,0,13,0,13,..,40,16,52,0,55,..,436,47,477,6,486,..,2715,257,2971,30,3000,..,106,5,108,1410,1521,31511,2818,266,3080,1439,36033
30906,0,32,0,32,..,152,25,177,0,181,..,34,9,39,0,39,..,76,13,88,0,86,..,1032,109,1145,32,1175,..,6925,838,7759,97,7862,..,219,29,246,2805,3057,58770,7148,865,8006,2906,69688
30907,4,124,0,124,..,256,44,299,3,301,..,182,34,218,3,221,..,218,49,269,3,273,..,2823,277,3101,85,3187,..,16177,1991,18172,251,18417,..,525,63,595,8025,8612,131028,16702,2056,18764,8272,158062
30908,0,59,0,57,..,174,19,199,0,196,..,61,0,65,0,65,..,132,23,156,0,156,..,914,77,984,19,1002,..,8780,1291,10069,86,10158,..,217,32,243,2263,2504,41241,8998,1319,10317,2350,53903
30909,0,96,0,95,..,270,45,313,0,315,..,58,13,72,0,72,..,311,56,367,3,375,..,1310,194,1506,21,1532,..,11832,1921,13754,100,13852,..,297,33,328,4451,4777,45845,12126,1958,14086,4549,64482
30910,0,44,0,44,..,154,23,175,0,175,..,64,8,73,0,73,..,139,31,171,0,171,..,743,76,821,12,831,..,9005,1095,10100,59,10159,..,187,38,225,4530,4757,30284,9195,1130,10328,4588,45197
31001,41,400,3,409,..,119,27,150,0,149,..,29,11,42,0,42,..,7143,4159,11305,80,11381,..,4206,1140,5346,104,5453,..,23301,6947,30242,312,30554,..,542,164,706,6915,7629,40529,23839,7112,30951,7232,78711
31002,0,14,0,14,..,51,10,58,0,58,..,7,0,10,0,10,..,69,87,157,8,169,..,438,51,491,17,504,..,1540,297,1839,33,1871,..,165,12,183,5326,5505,59918,1703,313,2022,5358,67292
31003,12,82,0,83,..,126,23,148,3,151,..,23,0,27,0,27,..,161,59,224,0,224,..,1522,241,1759,51,1813,..,6663,844,7506,117,7624,..,346,32,378,5853,6233,102061,7008,876,7885,5972,115913
31004,35,463,10,467,..,163,37,197,6,199,..,48,13,61,0,61,..,1277,594,1871,15,1889,..,5096,823,5917,112,6030,..,21437,2948,24381,304,24684,..,619,93,709,5179,5894,74620,22050,3038,25093,5486,105202
31101,0,0,0,0,..,14,0,14,0,14,..,0,0,0,0,0,..,5,0,5,0,5,..,86,6,96,7,103,..,398,28,428,11,439,..,40,3,41,1198,1235,12998,435,32,466,1207,14674
31102,0,18,0,18,..,72,19,97,0,99,..,151,42,193,0,196,..,93,45,139,0,139,..,1247,265,1519,19,1536,..,4544,750,5296,63,5363,..,162,28,195,3368,3563,37401,4709,783,5492,3433,46316
31103,12,115,0,117,..,104,28,131,4,136,..,91,19,106,0,110,..,526,221,742,0,744,..,5352,1488,6844,99,6936,..,18124,3631,21754,283,22035,..,530,138,670,5994,6659,64926,18650,3773,22424,6274,93622
31104,0,27,0,31,..,47,14,58,0,58,..,7,0,7,0,7,..,105,60,167,0,170,..,1263,231,1500,22,1525,..,3879,615,4496,44,4540,..,196,21,220,2972,3190,53907,4073,643,4712,3014,61638
31105,7,78,0,85,..,67,19,83,5,87,..,58,7,69,0,74,..,203,78,278,6,278,..,2392,572,2962,49,3016,..,8359,1579,9939,140,10084,..,283,49,327,3671,4004,50374,8641,1627,10273,3806,64457
31106,14,235,0,233,..,132,49,188,0,188,..,85,13,100,3,100,..,300,104,402,0,403,..,5244,2003,7243,97,7345,..,16315,3980,20290,222,20515,..,560,147,707,5182,5889,52658,16878,4123,20998,5405,79066
31201,4,21,0,21,..,49,20,72,0,72,..,9,0,15,0,15,..,43,34,78,0,76,..,431,55,490,17,503,..,1734,272,2005,36,2035,..,120,12,138,6103,6238,27547,1856,282,2136,6131,35821
31202,8,74,0,74,..,183,36,223,0,230,..,7,0,7,0,7,..,74,25,101,3,104,..,1409,137,1550,28,1579,..,6557,587,7143,99,7239,..,420,42,461,10590,11055,103403,6976,627,7603,10688,121691
31203,0,9,0,9,..,58,9,61,0,61,..,9,0,9,0,9,..,36,10,41,0,41,..,233,12,247,5,247,..,1441,79,1521,14,1536,..,62,3,68,2527,2589,19251,1508,86,1591,2536,23382
31301,0,4,0,4,..,42,17,60,0,59,..,14,0,18,0,18,..,21,3,27,0,27,..,321,42,361,10,374,..,1161,162,1333,20,1352,..,94,7,93,1663,1752,33974,1254,167,1426,1682,37081
31302,0,21,0,21,..,112,116,228,0,228,..,7,4,13,0,13,..,135,56,199,5,201,..,951,152,1108,30,1135,..,4730,1117,5843,62,5902,..,265,48,316,4725,5042,68846,4995,1161,6156,4787,79787
31303,0,0,0,0,..,9,3,11,0,11,..,0,0,0,0,0,..,3,4,3,0,3,..,111,20,128,3,135,..,786,84,869,16,881,..,47,0,50,2418,2466,11548,833,88,916,2432,14897
31304,0,9,0,9,..,81,15,93,0,93,..,10,4,9,0,9,..,62,13,69,0,73,..,796,93,895,19,919,..,3644,452,4094,45,4140,..,215,10,225,3131,3359,61711,3862,468,4323,3176,69207
31305,0,11,0,11,..,99,10,109,0,113,..,20,3,27,0,27,..,84,19,106,0,106,..,767,102,869,20,893,..,3884,411,4294,45,4339,..,224,14,235,3144,3381,56054,4114,424,4537,3187,63771
31401,0,57,0,57,..,144,26,169,0,169,..,22,0,22,0,20,..,47,8,54,0,54,..,926,89,1012,25,1040,..,5657,402,6060,63,6121,..,191,16,212,2039,2250,81415,5851,421,6272,2096,89786
31402,9,156,4,161,..,158,17,173,4,180,..,25,3,34,0,34,..,130,30,165,0,165,..,1976,250,2222,53,2276,..,12922,1279,14198,195,14391,..,388,39,429,3156,3585,70091,13311,1317,14627,3346,88063
31403,4,40,0,46,..,58,8,62,0,62,..,5,0,5,0,5,..,47,9,56,0,56,..,791,169,959,10,979,..,3685,553,4239,41,4271,..,131,12,143,1594,1736,33838,3813,563,4380,1632,39846
31501,5,11,0,11,..,32,5,38,0,43,..,0,0,0,0,0,..,11,4,13,0,13,..,8511,1430,9940,339,10276,..,9333,1532,10865,364,11229,..,327,78,405,4493,4899,16082,9661,1615,11275,4856,32207
31502,0,29,0,29,..,28,3,27,0,30,..,0,3,7,0,7,..,21,5,24,0,24,..,975,31,1007,19,1027,..,2358,135,2493,40,2531,..,154,18,171,3213,3388,24462,2510,154,2669,3249,30377
31503,0,0,0,0,..,5,0,5,0,5,..,0,0,0,0,0,..,56,78,126,0,126,..,142,12,150,0,150,..,439,111,547,4,555,..,41,3,46,1822,1866,14822,475,112,593,1826,17238
31601,0,19,0,19,..,124,19,141,3,141,..,5,3,11,0,11,..,120,24,149,0,147,..,593,41,638,9,645,..,3915,314,4225,61,4285,..,159,13,170,2501,2675,51998,4074,326,4396,2562,58956
31602,0,33,0,33,..,128,26,154,0,154,..,19,0,22,0,15,..,104,20,124,0,124,..,931,90,1022,20,1041,..,5288,471,5759,69,5832,..,246,17,270,4306,4575,85902,5538,490,6024,4378,96305
31603,0,11,0,11,..,97,23,121,0,121,..,11,5,14,0,14,..,87,24,104,0,105,..,592,87,673,16,688,..,4243,389,4631,59,4691,..,179,44,222,3862,4089,54893,4424,435,4857,3924,63673
31605,0,7,0,7,..,73,11,84,0,87,..,11,0,11,0,11,..,23,5,29,0,31,..,500,40,542,15,555,..,3136,187,3326,39,3359,..,118,11,131,2261,2394,40902,3255,198,3458,2297,46660
31606,0,8,0,8,..,80,14,93,0,93,..,7,0,7,0,7,..,41,5,48,4,49,..,531,46,582,12,589,..,2533,192,2717,46,2765,..,160,7,173,3095,3267,53008,2687,195,2885,3142,59039
31607,0,26,0,26,..,93,12,103,0,103,..,6,0,6,0,6,..,33,6,39,3,40,..,490,59,549,12,566,..,2161,175,2335,42,2379,..,154,10,165,2150,2316,45304,2314,187,2502,2195,49996
31608,0,0,0,0,..,23,6,35,0,35,..,0,0,0,0,0,..,11,4,19,0,19,..,183,9,190,3,200,..,856,64,915,9,924,..,52,3,54,1316,1370,21915,904,65,969,1329,24207
31701,16,186,3,190,..,143,28,171,0,167,..,29,9,39,0,39,..,190,35,227,3,227,..,3758,1596,5344,107,5451,..,13577,3029,16610,223,16828,..,504,127,625,7470,8099,137132,14080,3153,17231,7691,162059
31801,0,0,0,0,..,24,4,30,0,31,..,0,0,0,0,0,..,55,16,71,0,71,..,1097,122,1217,27,1245,..,2429,311,2745,63,2805,..,138,7,141,3862,4004,34655,2568,324,2887,3923,41467
31802,9,230,0,230,..,249,56,301,0,301,..,13,0,19,0,19,..,311,116,424,3,429,..,3952,677,4627,69,4700,..,13464,1621,15084,161,15250,..,844,91,939,14816,15760,161813,14306,1711,16019,14980,192820
31901,0,41,0,43,..,103,125,231,0,231,..,53,17,71,0,71,..,161,84,250,0,251,..,821,142,964,18,985,..,4021,848,4868,66,4935,..,264,47,311,5508,5820,83044,4291,896,5180,5573,93797
31902,0,4,0,4,..,40,9,45,0,45,..,0,0,0,0,0,..,32,3,37,0,37,..,410,73,484,14,503,..,1509,238,1744,35,1779,..,133,16,147,4491,4635,43261,1643,247,1889,4526,49678
31903,0,8,0,15,..,43,5,49,0,49,..,0,0,0,0,0,..,27,11,44,0,44,..,276,34,315,6,319,..,1305,126,1432,26,1460,..,115,12,127,3427,3553,48133,1417,141,1562,3449,53141
31904,0,33,0,35,..,103,22,128,0,127,..,17,0,21,0,21,..,34,9,43,0,43,..,636,74,714,16,731,..,2845,260,3107,44,3143,..,155,11,161,3407,3565,56784,3000,262,3266,3446,63492
31905,0,13,0,13,..,55,6,65,0,65,..,0,0,0,0,0,..,17,3,20,0,22,..,268,47,315,7,324,..,1024,116,1134,12,1148,..,103,3,109,3682,3783,42697,1121,119,1245,3690,47629
39797,0,0,0,0,..,0,0,0,0,0,..,0,0,0,0,0,..,0,0,0,0,0,..,0,0,0,0,0,..,19,0,21,0,22,..,0,0,0,128,128,32,19,0,21,130,183
39999,0,0,0,0,..,13,3,18,0,18,..,5,0,5,0,5,..,21,5,23,0,23,..,272,31,300,7,316,..,1031,135,1163,19,1184,..,56,4,62,3455,3517,9972,1085,140,1226,3475,14670
40101,0,109,0,109,..,78,12,92,0,92,..,38,3,39,0,39,..,399,35,433,0,433,..,406,39,447,5,454,..,7963,998,8962,35,9001,..,104,4,111,1940,2051,13980,8071,1008,9073,1975,25026
40102,0,20,0,20,..,54,11,66,0,60,..,14,0,17,0,16,..,69,26,90,0,90,..,672,78,745,26,767,..,3790,323,4112,47,4164,..,135,11,150,3035,3184,72374,3930,331,4259,3085,79723
40103,4,202,4,204,..,80,6,85,0,81,..,25,0,30,0,30,..,291,27,318,0,318,..,738,52,792,18,813,..,11161,1385,12546,116,12661,..,136,9,140,845,988,32387,11294,1395,12683,958,46030
40104,7,286,0,286,..,48,12,61,0,61,..,14,0,14,0,19,..,255,52,311,5,310,..,1142,127,1265,28,1297,..,17136,2426,19563,179,19737,..,203,29,232,1510,1739,33690,17339,2455,19795,1689,55173
40105,6,115,0,115,..,70,12,78,0,80,..,15,0,15,0,15,..,278,21,301,3,302,..,601,84,686,29,712,..,8667,1218,9886,88,9969,..,83,9,95,1133,1228,26290,8752,1228,9976,1216,37487
40106,10,120,0,120,..,50,14,64,0,64,..,15,0,15,0,15,..,811,117,928,6,936,..,542,73,619,12,633,..,7262,851,8117,66,8183,..,78,14,93,841,937,21170,7346,870,8215,907,30289
40107,4,98,0,98,..,53,10,61,0,62,..,17,0,17,0,17,..,148,28,175,0,175,..,534,39,570,13,584,..,6613,824,7441,60,7496,..,108,14,124,805,927,30220,6723,834,7555,859,38641
40201,4,9,0,8,..,20,0,20,0,19,..,0,0,0,0,0,..,70,48,117,0,119,..,284,58,342,5,344,..,1500,216,1721,15,1732,..,93,10,100,1345,1439,34532,1598,221,1819,1356,37709
40202,7,81,0,81,..,110,20,136,0,141,..,92,16,104,0,104,..,553,389,938,3,945,..,4975,1568,6537,99,6639,..,11535,3561,15098,203,15303,..,528,116,639,5277,5920,78713,12062,3680,15740,5480,99932
40203,22,327,3,333,..,132,27,159,0,159,..,59,9,67,0,67,..,1475,459,1936,10,1949,..,4080,1450,5523,117,5639,..,27040,4761,31803,351,32157,..,392,124,512,3409,3923,40778,27433,4890,32318,3766,76855
40204,22,420,0,420,..,220,75,296,3,300,..,111,19,132,0,132,..,3764,1962,5725,35,5754,..,8896,3200,12101,162,12260,..,36537,9804,46336,453,46791,..,951,309,1265,5399,6659,91096,37486,10117,47602,5852,144550
40205,7,183,3,191,..,73,15,86,0,86,..,41,7,52,0,52,..,183,37,220,3,224,..,1677,283,1958,43,2002,..,12271,1562,13836,176,14013,..,285,38,324,2358,2687,79968,12562,1604,14164,2528,96660
40301,0,34,0,34,..,38,6,43,0,46,..,21,5,28,0,28,..,65,15,79,0,79,..,478,81,559,20,573,..,3445,345,3793,44,3839,..,110,9,119,1064,1180,30692,3555,356,3910,1107,35711
40302,5,297,0,298,..,127,21,147,0,147,..,34,0,39,0,38,..,322,55,379,8,383,..,1815,329,2144,58,2199,..,17293,2458,19755,216,19968,..,389,59,446,2556,3003,73355,17676,2518,20196,2775,96326
40303,3,117,0,115,..,75,3,78,0,82,..,15,7,18,0,18,..,219,41,264,3,264,..,1017,91,1109,27,1139,..,9059,1003,10066,108,10173,..,178,19,192,1395,1596,54522,9241,1021,10262,1507,66290
40304,5,117,0,117,..,151,24,173,0,175,..,8,5,12,0,12,..,151,17,171,0,176,..,1890,278,2168,56,2225,..,11125,1277,12405,159,12564,..,397,21,424,6431,6857,157114,11521,1301,12829,6590,176533
40401,13,265,3,278,..,133,30,162,0,168,..,65,7,74,0,77,..,2348,993,3348,28,3371,..,2935,524,3462,68,3531,..,27145,4819,31962,294,32256,..,486,95,576,3698,4273,81910,27631,4909,32544,3990,118442
40402,16,182,0,187,..,66,17,81,0,81,..,17,0,17,0,17,..,3163,1856,5019,34,5049,..,1744,367,2110,40,2152,..,12641,3621,16265,145,16405,..,266,50,314,2311,2629,41814,12908,3672,16579,2451,60848
40403,13,159,3,165,..,120,34,152,0,152,..,31,4,37,0,37,..,385,94,480,0,480,..,1456,271,1724,66,1793,..,17038,2432,19472,193,19666,..,254,34,289,1839,2124,43264,17293,2466,19758,2034,65057
40501,0,0,0,0,..,29,0,31,0,31,..,0,0,0,0,0,..,26,9,31,0,31,..,208,38,248,13,263,..,926,95,1020,25,1043,..,68,0,70,1760,1831,35097,989,99,1091,1786,37975
40502,0,0,0,0,..,14,3,15,0,15,..,0,0,0,0,0,..,8,0,8,0,8,..,83,13,93,6,105,..,577,61,634,14,647,..,52,3,54,1331,1386,20663,627,62,688,1344,22691
40503,0,7,0,13,..,14,7,22,0,22,..,0,0,0,0,0,..,19,6,21,0,21,..,200,36,237,0,238,..,821,114,936,11,949,..,97,4,100,1709,1806,24404,924,110,1034,1720,27164
40504,0,0,0,0,..,21,5,18,0,18,..,0,0,0,0,0,..,11,0,12,0,12,..,106,12,121,5,128,..,489,43,529,13,545,..,59,5,67,1873,1932,24178,545,45,593,1885,26652
40601,0,47,0,49,..,43,11,53,0,53,..,7,0,9,0,9,..,28,7,36,0,36,..,795,61,860,52,916,..,2655,201,2859,84,2949,..,238,13,251,3860,4106,50034,2895,217,3112,3943,57092
40602,0,22,3,28,..,15,7,16,0,16,..,5,0,5,0,6,..,38,6,43,0,43,..,2174,286,2459,134,2590,..,3350,381,3729,157,3887,..,157,18,176,2874,3052,18618,3507,405,3903,3031,25560
40701,0,3,0,3,..,39,9,48,6,58,..,4,0,5,0,5,..,29,3,32,0,32,..,371,34,399,11,414,..,1504,119,1623,34,1657,..,110,0,114,2626,2738,51201,1614,124,1735,2660,55593
40702,3,39,0,42,..,73,21,102,0,95,..,7,0,8,0,8,..,70,24,97,0,97,..,894,480,1375,30,1402,..,3018,846,3863,65,3928,..,164,28,191,4677,4870,58063,3182,876,4058,4739,66851
40703,0,30,0,30,..,51,5,55,0,55,..,93,28,122,0,122,..,126,75,199,0,202,..,731,202,929,15,947,..,4300,950,5246,51,5298,..,203,22,225,5173,5400,60564,4498,968,5467,5228,71259
49797,0,0,0,0,..,0,0,0,0,0,..,0,0,0,0,0,..,0,0,0,0,0,..,0,0,0,0,0,..,8,0,8,0,8,..,0,0,0,5,5,0,8,0,8,5,12
49999,0,0,0,0,..,0,0,0,0,0,..,0,0,0,0,0,..,9,0,8,0,8,..,85,10,92,11,105,..,270,33,302,11,314,..,32,6,32,770,806,2261,300,34,334,777,3377
50101,0,20,0,17,..,97,15,114,0,114,..,0,0,0,0,0,..,72,30,98,0,98,..,499,143,645,15,659,..,2942,345,3288,55,3341,..,185,17,201,3531,3738,50256,3130,357,3487,3587,57332
50102,6,55,0,55,..,131,24,157,0,157,..,11,0,11,0,11,..,101,54,154,0,154,..,1196,143,1341,36,1375,..,7194,805,8000,101,8102,..,318,23,339,6349,6688,92765,7510,824,8336,6453,107549
50103,0,6,0,6,..,24,0,27,0,26,..,0,0,0,0,0,..,18,11,30,0,30,..,256,40,298,9,308,..,1004,127,1130,14,1148,..,38,6,51,1768,1819,20901,1040,133,1178,1784,23863
50201,4,47,0,47,..,273,50,320,3,328,..,9,0,9,0,9,..,119,40,159,0,162,..,1220,117,1335,31,1363,..,6110,536,6643,68,6715,..,463,31,492,6114,6606,94318,6576,566,7140,6183,107641
50301,5,175,0,175,..,82,9,93,0,89,..,31,4,32,0,32,..,206,29,229,0,230,..,1085,57,1145,25,1167,..,9548,756,10305,94,10396,..,198,15,211,2557,2772,58567,9748,772,10512,2649,71735
50302,8,319,7,323,..,378,70,449,0,447,..,69,8,72,0,72,..,996,244,1237,8,1242,..,3424,249,3670,66,3740,..,23394,2739,26133,260,26397,..,551,49,602,6050,6651,77482,23947,2787,26734,6308,110530
50401,5,240,3,238,..,249,40,290,5,293,..,80,26,99,0,99,..,1823,787,2615,19,2630,..,2501,350,2845,52,2902,..,17379,3267,20638,232,20869,..,390,56,441,3516,3959,59632,17765,3322,21082,3750,84462
50402,0,30,0,30,..,89,15,103,0,108,..,8,0,8,0,8,..,33,15,47,0,47,..,536,49,591,15,603,..,2690,247,2934,28,2963,..,131,8,143,3834,3968,36855,2820,257,3072,3863,43792
50403,46,593,13,601,..,385,70,459,0,459,..,40,10,54,0,54,..,2066,980,3048,20,3069,..,6843,1224,8064,139,8201,..,29797,4618,34413,368,34780,..,787,126,918,6679,7602,105946,30583,4746,35333,7047,148324
50501,6,118,3,124,..,302,50,348,0,352,..,37,0,37,0,37,..,358,98,458,3,460,..,2068,207,2278,45,2321,..,15656,1452,17111,169,17279,..,518,28,550,4420,4972,138390,16180,1487,17659,4587,160641
50502,19,351,6,358,..,530,94,627,0,630,..,194,66,256,3,263,..,3196,1373,4576,26,4594,..,8654,1618,10273,170,10443,..,48776,8081,56860,592,57455,..,1089,187,1276,9208,10486,140207,49865,8268,58136,9808,208149
50503,15,310,3,317,..,534,71,609,6,611,..,82,7,89,0,89,..,3431,1921,5353,40,5392,..,7750,1531,9280,154,9430,..,36644,6178,42821,388,43210,..,1108,207,1321,8187,9510,155783,37753,6386,44149,8579,208506
50601,114,1286,13,1299,..,246,33,280,0,281,..,47,4,53,0,53,..,120,32,153,3,158,..,3781,590,4373,91,4465,..,19708,2193,21902,309,22213,..,442,83,524,4528,5049,66921,20153,2276,22423,4842,94184
50602,16,193,0,194,..,316,76,394,3,399,..,110,41,144,4,147,..,613,150,763,6,775,..,2894,435,3331,69,3405,..,18528,2565,21097,263,21359,..,446,53,496,4548,5051,48899,18979,2619,21591,4820,75312
50603,63,1324,13,1339,..,290,56,344,3,350,..,384,117,494,6,502,..,565,166,736,4,739,..,4027,443,4465,105,4567,..,35850,5314,41169,418,41584,..,642,99,736,3973,4712,52839,36492,5416,41906,4396,99139
50604,208,1933,22,1947,..,399,73,467,4,469,..,264,56,319,3,318,..,487,169,661,11,670,..,7052,1801,8856,136,8985,..,37716,6810,44527,470,44991,..,811,197,1009,6840,7846,73536,38522,7009,45530,7305,126376
50605,15,171,0,172,..,164,23,182,3,188,..,19,4,26,0,26,..,68,20,83,0,83,..,1437,236,1672,31,1703,..,6571,726,7298,99,7399,..,202,18,220,2274,2501,48865,6771,743,7517,2380,58762
50606,8,90,0,88,..,35,4,37,0,37,..,4,0,4,0,4,..,19,14,32,0,32,..,876,81,954,21,971,..,3172,283,3451,40,3494,..,125,15,135,1660,1794,26955,3296,296,3591,1702,32242
50607,3,134,0,133,..,136,25,163,0,163,..,45,7,60,0,60,..,221,51,266,0,270,..,938,111,1052,33,1088,..,7917,866,8789,109,8895,..,200,22,217,1988,2204,32350,8117,889,9005,2092,43448
50701,16,283,7,286,..,265,54,315,0,318,..,50,12,59,0,59,..,263,75,338,3,348,..,2429,304,2727,77,2802,..,21808,2903,24706,283,24992,..,537,72,606,4518,5122,85716,22338,2972,25312,4798,115824
50702,0,11,0,11,..,54,5,59,0,58,..,26,0,25,0,25,..,34,8,49,6,49,..,589,73,664,9,671,..,4104,556,4659,46,4709,..,111,16,125,2207,2331,32872,4211,577,4785,2255,39910
50703,15,158,0,158,..,130,21,145,0,148,..,0,0,0,0,0,..,86,27,111,0,114,..,1435,116,1553,44,1592,..,8779,887,9666,146,9812,..,195,23,219,3374,3602,32453,8980,909,9891,3523,45867
50704,10,473,0,474,..,258,43,300,0,300,..,48,3,54,0,54,..,292,45,336,0,337,..,1399,141,1535,26,1566,..,19300,2167,21468,170,21636,..,412,36,451,3347,3796,80696,19714,2205,21918,3510,106127
50705,0,128,0,129,..,377,54,432,4,436,..,24,0,26,0,25,..,206,71,280,6,285,..,2357,256,2614,64,2683,..,9937,980,10917,134,11049,..,512,40,553,7340,7890,116738,10449,1022,11473,7473,135678
50901,0,24,0,24,..,78,12,88,0,88,..,8,0,6,0,6,..,61,17,81,0,81,..,876,335,1214,18,1228,..,3453,602,4061,40,4098,..,151,22,170,4503,4678,53100,3606,630,4233,4550,61880
50902,0,20,0,20,..,51,21,68,0,68,..,0,0,0,0,0,..,49,30,80,4,81,..,550,63,613,29,642,..,2361,272,2634,69,2703,..,141,16,157,6002,6157,47076,2509,285,2791,6068,55937
50903,0,9,0,9,..,6,4,15,4,14,..,0,0,0,0,0,..,8,7,12,0,12,..,204,22,221,6,227,..,830,67,896,17,914,..,44,12,52,1983,2036,16411,875,76,947,2000,19357
51001,0,16,0,16,..,81,16,97,0,95,..,10,0,9,0,10,..,42,7,51,0,51,..,4739,361,5100,163,5264,..,6417,479,6898,201,7101,..,374,190,561,5177,5738,22253,6791,672,7462,5378,35092
51002,5,27,0,32,..,128,21,146,6,152,..,10,4,12,0,18,..,54,0,54,0,54,..,1742,157,1897,27,1925,..,3957,314,4275,55,4333,..,223,15,242,4580,4823,16293,4181,333,4514,4642,25443
51003,0,32,0,32,..,169,24,191,3,194,..,3,0,3,0,3,..,41,13,54,0,54,..,1135,64,1198,36,1233,..,3304,221,3523,60,3584,..,188,13,200,5055,5254,20757,3487,234,3725,5111,29594
51101,0,6,0,6,..,37,0,42,0,42,..,0,0,0,0,0,..,20,0,27,0,27,..,158,12,167,3,170,..,682,52,730,8,742,..,65,5,66,1591,1660,13572,750,53,797,1600,15970
51102,0,3,0,3,..,14,8,20,0,20,..,0,0,0,0,0,..,103,77,174,0,178,..,170,19,193,5,199,..,791,172,967,22,984,..,39,4,45,1353,1396,7157,831,175,1013,1372,9537
51103,0,48,4,49,..,152,27,183,0,184,..,10,0,10,0,10,..,46,14,59,0,61,..,2308,163,2471,48,2520,..,5134,371,5509,80,5591,..,252,37,293,5133,5424,27246,5391,410,5803,5214,38267
51104,0,24,0,24,..,116,23,140,0,140,..,4,0,4,0,4,..,114,53,166,4,169,..,785,68,855,22,874,..,3264,337,3602,53,3657,..,223,15,242,6437,6673,44652,3490,352,3844,6492,54981
59797,0,0,0,0,..,0,0,0,0,0,..,0,0,0,0,0,..,0,0,0,0,0,..,11,0,11,0,11,..,61,3,66,0,66,..,0,0,0,219,221,232,59,3,65,218,514
59999,3,4,0,4,..,3,0,3,0,3,..,0,0,0,0,0,..,10,0,15,0,15,..,97,16,114,3,117,..,432,51,479,9,486,..,70,5,78,3411,3488,4079,497,56,555,3421,8055
60101,0,6,0,6,..,9,0,13,0,13,..,0,0,0,0,0,..,16,7,26,0,26,..,98,19,124,4,127,..,600,80,678,13,695,..,39,9,47,1029,1073,17819,644,87,725,1038,19589
60102,0,32,0,32,..,63,7,75,0,72,..,16,0,16,0,13,..,159,21,183,0,182,..,404,65,473,17,490,..,4520,459,4980,57,5034,..,158,11,170,2661,2832,51292,4681,468,5150,2715,59161
60103,9,105,3,104,..,59,9,67,4,71,..,5,0,4,0,4,..,309,65,377,10,379,..,1000,290,1288,39,1332,..,8399,1112,9515,141,9651,..,228,51,279,2656,2942,45416,8630,1165,9794,2800,58008
60104,5,49,0,49,..,54,5,56,0,59,..,6,3,12,0,12,..,89,7,99,6,100,..,390,44,432,25,460,..,3735,380,4113,66,4180,..,86,11,96,983,1076,31386,3821,396,4211,1046,36641
60105,6,102,0,102,..,90,12,101,0,101,..,24,4,30,0,30,..,343,23,367,4,372,..,749,121,872,29,902,..,10426,905,11331,92,11428,..,174,17,193,2181,2374,41365,10603,924,11528,2279,55163
60106,0,3,0,3,..,17,0,18,0,22,..,0,0,0,0,0,..,4,4,10,0,10,..,126,10,140,5,139,..,642,52,684,16,706,..,33,0,37,1033,1072,16740,673,52,726,1050,18515
60201,3,101,0,101,..,91,13,104,0,104,..,10,0,10,0,10,..,214,32,244,3,247,..,1167,362,1531,40,1573,..,7667,1263,8932,110,9037,..,285,58,340,3601,3938,74371,7952,1318,9274,3707,87345
60202,0,0,0,0,..,10,3,11,0,11,..,4,0,4,0,4,..,8,0,9,0,9,..,130,21,154,10,159,..,621,77,696,14,712,..,35,0,34,1316,1352,22190,654,78,733,1331,24254
60203,0,17,0,17,..,30,4,36,0,36,..,5,0,5,0,5,..,3,0,3,0,9,..,239,14,254,10,261,..,926,78,1001,18,1021,..,105,4,107,2315,2420,36158,1028,83,1110,2336,39600
60301,0,0,0,0,..,9,0,9,0,9,..,0,0,0,0,0,..,0,0,0,0,0,..,47,9,55,3,53,..,222,7,230,0,235,..,21,0,20,962,976,11231,238,9,250,964,12440
60302,0,0,0,0,..,18,0,18,0,18,..,8,5,8,0,11,..,8,5,10,0,10,..,147,11,159,0,160,..,844,47,892,13,904,..,53,0,47,1365,1413,19390,893,53,944,1373,21707
60303,0,0,0,0,..,4,3,3,0,3,..,0,0,0,0,0,..,6,0,8,0,8,..,58,4,56,0,56,..,368,27,397,4,398,..,24,0,28,562,588,6597,394,26,418,563,7582
60401,0,31,0,31,..,39,10,48,0,48,..,0,0,0,0,0,..,24,0,27,0,27,..,291,45,333,3,342,..,1465,146,1611,19,1627,..,106,4,113,2461,2568,45828,1570,150,1718,2477,50028
60402,0,12,0,12,..,36,7,40,0,40,..,0,0,0,0,0,..,50,22,73,0,77,..,346,61,411,16,425,..,2010,225,2238,26,2261,..,129,3,128,2373,2499,43525,2137,231,2366,2398,48293
60403,0,0,0,0,..,5,4,9,0,9,..,0,0,0,0,0,..,7,0,7,0,9,..,120,11,134,0,136,..,657,44,701,9,710,..,36,0,35,1513,1553,15574,693,45,735,1526,17841
69797,0,0,0,0,..,0,0,0,0,0,..,0,0,0,0,0,..,0,0,0,0,0,..,0,0,0,0,0,..,0,0,0,0,0,..,0,0,0,3,3,11,0,0,0,3,19
69999,0,0,0,0,..,3,0,3,0,3,..,0,0,0,0,0,..,0,0,0,0,0,..,18,3,27,0,23,..,63,11,73,3,74,..,4,0,4,314,325,978,70,11,77,318,1377
70101,3,96,0,96,..,109,29,141,0,141,..,16,0,23,0,23,..,272,42,317,0,317,..,747,77,825,35,860,..,6988,558,7551,81,7630,..,160,29,186,2350,2540,16879,7147,584,7733,2435,27044
70102,24,282,0,284,..,296,80,380,0,380,..,18,0,19,0,19,..,438,143,578,0,583,..,1954,314,2270,63,2333,..,15309,1953,17264,210,17474,..,374,62,439,3978,4419,32805,15686,2017,17703,4186,54701
70103,0,3,0,3,..,95,23,119,0,121,..,0,0,0,0,0,..,69,66,136,0,136,..,253,33,288,5,292,..,1033,197,1232,10,1240,..,70,8,73,3076,3148,16595,1103,208,1307,3081,20983
70104,7,112,0,111,..,190,42,235,0,231,..,4,0,4,0,4,..,210,69,287,4,289,..,1162,164,1322,30,1351,..,5894,642,6537,98,6633,..,265,41,304,3240,3543,27004,6158,680,6842,3335,37176
70201,5,29,0,29,..,66,10,72,0,72,..,5,3,5,0,5,..,76,25,97,0,97,..,8074,1148,9220,306,9525,..,11630,1465,13096,357,13455,..,287,55,343,2946,3294,19727,11923,1524,13446,3307,36471
70202,0,3,0,3,..,7,7,12,0,12,..,5,0,5,0,5,..,7,0,7,0,7,..,1822,135,1954,18,1972,..,2110,150,2255,27,2284,..,39,22,57,439,496,2506,2140,174,2316,466,5287
70203,0,0,0,0,..,16,3,23,0,23,..,0,0,0,0,0,..,60,56,107,0,106,..,7934,1369,9304,247,9555,..,8369,1468,9838,254,10094,..,80,29,112,1226,1339,4371,8452,1499,9944,1478,15805
70204,0,14,0,14,..,8,0,12,0,12,..,0,0,0,0,0,..,0,0,6,0,6,..,6113,1490,7607,195,7800,..,6454,1568,8017,204,8227,..,156,21,176,1178,1358,3217,6605,1589,8195,1384,12798
70205,0,10,0,10,..,26,3,30,0,30,..,4,0,4,0,4,..,22,12,27,0,27,..,6046,648,6687,74,6762,..,6948,700,7649,94,7744,..,192,29,223,2284,2506,8492,7138,732,7871,2378,18739
79797,0,0,0,0,..,0,0,0,0,0,..,0,0,0,0,0,..,0,0,0,0,0,..,5,0,5,0,5,..,7,0,11,0,11,..,0,0,0,24,24,63,7,4,11,24,99
79999,0,0,0,0,..,0,0,0,0,0,..,0,0,0,0,0,..,0,0,0,0,0,..,310,41,349,36,392,..,454,56,514,42,551,..,109,11,125,1214,1343,1605,567,70,636,1259,3500
80101,3,341,3,351,..,282,51,332,0,335,..,83,7,86,0,89,..,1253,326,1579,14,1592,..,3430,464,3892,65,3961,..,22466,2731,25200,223,25419,..,411,61,473,3397,3876,76764,22874,2795,25669,3621,106061
80103,0,4,0,4,..,13,0,13,0,13,..,0,0,0,0,0,..,7,0,7,0,7,..,54,6,60,4,61,..,191,22,213,5,214,..,6,0,6,773,769,950,191,22,213,773,1934
80104,40,870,14,883,..,222,46,261,5,269,..,94,11,99,6,108,..,1215,307,1522,10,1532,..,3932,507,4440,103,4541,..,29520,3863,33381,344,33719,..,444,83,531,2575,3109,50856,29964,3948,33914,2919,87682
80105,4,197,0,197,..,135,35,168,0,169,..,31,3,34,0,34,..,548,119,667,11,673,..,1790,195,1983,31,2016,..,11885,1153,13034,112,13148,..,222,34,258,3320,3572,44461,12102,1187,13294,3433,61188
80106,5,111,0,111,..,51,6,57,0,57,..,55,4,60,0,59,..,162,22,177,3,182,..,638,62,697,12,708,..,5696,385,6082,60,6140,..,113,15,122,1790,1914,23533,5811,404,6210,1848,31592
80107,12,325,5,326,..,204,54,260,0,264,..,27,3,34,4,33,..,565,131,696,9,704,..,1833,290,2126,37,2159,..,12664,1417,14078,158,14237,..,266,30,293,2498,2788,72435,12930,1449,14370,2654,89461
80108,0,55,0,55,..,42,11,53,0,53,..,16,0,15,0,15,..,67,23,95,0,95,..,505,68,569,22,594,..,3448,375,3819,47,3866,..,52,7,58,809,860,19905,3496,382,3881,851,24630
80109,29,354,3,356,..,74,15,87,3,88,..,27,3,33,0,33,..,145,20,161,3,168,..,1389,118,1508,24,1529,..,9036,774,9815,104,9910,..,193,17,212,1287,1502,27870,9232,791,10025,1388,39279
80110,8,125,0,131,..,44,5,46,0,46,..,16,6,24,0,22,..,82,3,87,0,87,..,634,51,690,19,700,..,4482,357,4830,60,4897,..,74,9,82,336,412,6120,4551,363,4913,396,11435
80111,0,0,0,0,..,0,0,0,0,0,..,0,0,0,0,0,..,0,0,0,0,0,..,3,0,3,0,3,..,18,0,18,0,18,..,0,0,0,42,45,560,21,0,21,42,625
89797,0,0,0,0,..,0,0,0,0,0,..,0,0,0,0,0,..,0,0,0,0,0,..,0,0,0,0,0,..,0,0,0,0,0,..,0,0,0,0,0,0,0,0,0,0,0
89999,0,0,0,0,..,5,0,5,0,5,..,0,0,0,0,0,..,0,0,0,0,0,..,18,3,19,0,19,..,71,10,78,0,81,..,5,0,5,125,130,400,76,10,82,127,605
90101,0,4,0,4,..,5,3,6,0,6,..,0,0,0,0,0,..,5,4,7,0,7,..,5,0,8,0,8,..,541,200,744,14,757,..,3,3,3,431,443,495,539,206,746,451,1692
90102,0,0,0,0,..,0,0,0,0,0,..,0,0,0,0,0,..,0,0,0,0,0,..,5,0,6,0,6,..,254,124,382,4,381,..,0,4,3,93,100,113,257,128,385,102,593
90103,0,0,0,0,..,0,0,0,0,0,..,0,0,0,0,0,..,0,0,0,0,0,..,6,0,9,0,9,..,13,0,14,0,13,..,0,0,0,91,92,200,13,0,14,94,310
90104,0,0,0,0,..,0,0,6,0,6,..,0,0,0,0,0,..,0,0,0,0,0,..,696,14,706,8,719,..,756,18,778,14,787,..,7,9,13,239,256,1146,765,28,790,253,2188
99797,0,0,0,0,..,0,0,0,0,0,..,0,0,0,0,0,..,0,0,0,0,0,..,0,0,0,0,0,..,0,0,0,0,0,..,0,0,0,0,0,0,0,0,0,0,0
99999,0,0,0,0,..,0,0,0,0,0,..,0,0,0,0,0,..,0,0,0,0,0,..,0,0,0,0,0,..,3,3,5,0,5,..,0,0,0,3,3,5,3,3,5,3,11
