SA4_CODE_2021,F_Chile_0_4,F_Chile_5_14,F_Chile_15_24,F_Chile_25_44,F_Chile_45_54,F_Chile_55_64,F_Chile_65_74,F_Chile_75_84,F_Chile_85ov,F_Chile_Tot,F_China_0_4,F_China_5_14,F_China_15_24,F_China_25_44,F_China_45_54,F_China_55_64,F_China_65_74,F_China_75_84,F_China_85ov,F_China_Tot,F_Croatia_0_4,F_Croatia_5_14,F_Croatia_15_24,F_Croatia_25_44,F_Croatia_45_54,F_Croatia_55_64,F_Croatia_65_74,F_Croatia_75_84,F_Croatia_85ov,F_Croatia_Tot,F_Egypt_0_4,F_Egypt_5_14,F_Egypt_15_24,F_Egypt_25_44,F_Egypt_45_54,F_Egypt_55_64,F_Egypt_65_74,F_Egypt_75_84,F_Egypt_85ov,F_Egypt_Tot,F_England_0_4,F_England_5_14,F_England_15_24,F_England_25_44,F_England_45_54,F_England_55_64,F_England_65_74,F_England_75_84,F_England_85ov,F_England_Tot,F_Fiji_0_4,F_Fiji_5_14,F_Fiji_15_24,F_Fiji_25_44,F_Fiji_45_54,F_Fiji_55_64,F_Fiji_65_74,F_Fiji_75_84,F_Fiji_85ov,F_Fiji_Tot,F_France_0_4,F_France_5_14,F_France_15_24,F_France_25_44,F_France_45_54,F_France_55_64,F_France_65_74,F_France_75_84,F_France_85ov,F_France_Tot,F_Germany_0_4,F_Germany_5_14,F_Germany_15_24,F_Germany_25_44,F_Germany_45_54,F_Germany_55_64,F_Germany_65_74,F_Germany_75_84,F_Germany_85ov,F_Germany_Tot,F_Greece_0_4,F_Greece_5_14,F_Greece_15_24,F_Greece_25_44,F_Greece_45_54,F_Greece_55_64,F_Greece_65_74,F_Greece_75_84,F_Greece_85ov,F_Greece_Tot,F_Hong_Kong_SAR_Ch_0_4,F_Hong_Kong_SAR_Ch_5_14,F_Hong_Kong_SAR_Ch_15_24,F_Hong_Kong_SAR_Ch_25_44,F_Hong_Kong_SAR_Ch_45_54,F_Hong_Kong_SAR_Ch_55_64,F_Hong_Kong_SAR_Ch_65_74,F_Hong_Kong_SAR_Ch_75_84,F_Hong_Kong_SAR_Ch_85ov,F_Hong_Kong_SAR_Ch_Tot,F_India_0_4,F_India_5_14,F_India_15_24,F_India_25_44,F_India_45_54,F_India_55_64,F_India_65_74,F_India_75_84,F_India_85ov,F_India_Tot,F_Indonesia_0_4,F_Indonesia_5_14,F_Indonesia_15_24,F_Indonesia_25_44,F_Indonesia_45_54,F_Indonesia_55_64,F_Indonesia_65_74,F_Indonesia_75_84,F_Indonesia_85ov,F_Indonesia_Tot,F_Iran_0_4,F_Iran_5_14,F_Iran_15_24,F_Iran_25_44,F_Iran_45_54,F_Iran_55_64,F_Iran_65_74,F_Iran_75_84,F_Iran_85ov,F_Iran_Tot,F_Iraq_0_4,F_Iraq_5_14,F_Iraq_15_24,F_Iraq_25_44,F_Iraq_45_54,F_Iraq_55_64,F_Iraq_65_74,F_Iraq_75_84,F_Iraq_85ov,F_Iraq_Tot,F_Ireland_0_4,F_Ireland_5_14,F_Ireland_15_24,F_Ireland_25_44,F_Ireland_45_54,F_Ireland_55_64,F_Ireland_65_74,F_Ireland_75_84,F_Ireland_85ov,F_Ireland_Tot,F_Italy_0_4,F_Italy_5_14,F_Italy_15_24,F_Italy_25_44,F_Italy_45_54,F_Italy_55_64,F_Italy_65_74,F_Italy_75_84,F_Italy_85ov,F_Italy_Tot,F_Japan_0_4,F_Japan_5_14,F_Japan_15_24,F_Japan_25_44,F_Japan_45_54,F_Japan_55_64,F_Japan_65_74,F_Japan_75_84,F_Japan_85ov,F_Japan_Tot,F_Korea_South_0_4,F_Korea_South_5_14,F_Korea_South_15_24,F_Korea_South_25_44,F_Korea_South_45_54,F_Korea_South_55_64,F_Korea_South_65_74,F_Korea_South_75_84,F_Korea_South_85ov,F_Korea_South_Tot,F_Lebanon_0_4,F_Lebanon_5_14,F_Lebanon_15_24,F_Lebanon_25_44,F_Lebanon_45_54,F_Lebanon_55_64,F_Lebanon_65_74,F_Lebanon_75_84,F_Lebanon_85ov,F_Lebanon_Tot,F_Malaysia_0_4,F_Malaysia_5_14,F_Malaysia_15_24,F_Malaysia_25_44,F_Malaysia_45_54,F_Malaysia_55_64,F_Malaysia_65_74,F_Malaysia_75_84,F_Malaysia_85ov,F_Malaysia_Tot
101,0,0,0,16,15,20,14,12,3,82,0,6,13,170,69,50,25,12,4,358,0,0,0,10,15,36,64,55,22,201,0,7,0,18,3,6,7,4,0,54,8,56,85,376,485,951,1034,674,219,3881,0,9,11,76,40,18,18,7,0,165,0,3,12,33,18,26,16,10,4,132,0,5,8,78,66,98,231,145,56,684,0,0,0,3,3,20,25,44,27,136,0,10,3,18,10,18,14,6,0,73,10,64,53,643,53,59,29,16,13,932,0,5,9,62,28,26,21,3,0,152,0,4,3,21,6,5,5,0,0,37,0,0,0,9,3,0,0,0,0,16,0,10,14,45,25,47,36,21,13,215,0,4,3,21,14,54,81,90,38,313,0,6,3,24,25,9,12,0,0,82,0,4,5,62,15,9,0,3,0,104,0,3,4,25,22,20,13,6,0,89,0,4,4,56,38,47,27,8,4,188
102,0,3,3,34,47,26,58,28,4,206,0,22,32,380,235,250,200,47,14,1184,0,0,0,10,15,31,35,36,14,145,3,17,0,33,4,31,37,43,22,195,16,226,294,1157,1059,1684,1634,1292,564,7932,0,4,11,80,53,44,35,12,4,246,0,0,4,61,32,31,23,10,4,170,0,5,11,111,58,98,181,143,69,682,0,0,7,12,5,22,53,55,20,166,0,8,15,45,24,48,40,5,0,187,12,69,73,665,88,76,73,47,14,1128,0,10,16,122,65,34,36,15,3,305,0,4,6,44,20,24,11,4,0,106,0,0,4,10,4,7,0,4,0,25,0,42,17,111,108,103,118,69,30,593,0,7,3,34,25,67,117,82,46,375,5,18,12,89,73,38,20,8,0,255,5,19,30,196,104,53,28,14,0,458,0,0,4,17,17,26,18,12,3,99,0,6,17,78,48,60,61,18,7,292
103,0,0,0,14,3,5,10,4,0,32,5,11,13,104,52,35,50,18,0,279,0,0,0,6,6,19,16,8,0,50,0,0,0,9,0,0,4,3,0,15,5,22,46,213,236,476,462,355,128,1949,0,3,10,30,24,24,15,8,0,106,0,3,0,20,6,4,10,9,0,50,0,3,10,34,17,42,97,72,28,304,0,0,0,3,3,4,20,15,5,45,0,3,0,18,11,14,13,0,0,58,7,49,37,372,46,30,20,14,4,570,0,4,8,40,6,13,11,0,4,81,0,4,0,14,3,4,4,0,0,24,0,3,3,9,5,4,0,0,0,27,0,3,5,30,14,15,27,12,7,113,0,5,0,9,12,18,35,25,22,125,0,0,4,19,24,9,0,0,3,64,0,9,3,56,7,4,0,0,0,78,0,0,4,8,4,7,5,0,3,30,0,0,3,32,34,15,10,4,4,108
104,0,0,0,12,10,0,8,0,0,30,0,4,8,72,37,32,20,0,3,176,0,0,0,5,0,7,5,5,3,18,0,0,0,6,0,0,8,3,0,20,0,51,51,231,254,519,560,404,173,2247,0,4,4,16,15,12,9,4,0,67,0,0,6,22,9,16,17,11,0,81,0,3,8,57,31,76,91,60,26,346,0,0,0,0,0,4,3,0,0,15,0,3,3,22,7,17,7,3,0,63,4,33,47,422,87,81,69,21,10,763,0,7,4,33,24,11,7,8,0,91,0,0,4,5,0,3,0,0,0,12,11,66,38,73,10,6,3,0,0,204,0,3,3,27,12,12,19,16,3,107,0,0,5,12,8,18,20,12,14,86,0,10,5,51,25,7,6,0,0,105,0,0,0,35,0,0,0,0,0,43,0,0,0,0,3,3,0,0,0,10,14,33,9,71,35,21,18,5,4,209
105,0,0,0,6,0,0,0,0,0,14,0,6,6,60,28,21,5,0,0,124,0,0,0,0,0,0,0,3,3,11,0,0,0,4,0,3,0,0,0,9,3,15,9,92,59,132,120,101,26,558,0,3,0,21,12,8,0,0,0,45,0,0,0,10,0,5,0,0,4,19,0,0,0,22,11,10,36,28,5,118,0,0,0,0,4,4,6,5,3,28,0,0,0,11,0,3,3,0,0,19,17,45,17,345,21,22,8,5,0,488,0,0,0,21,6,5,0,0,0,27,0,0,0,10,0,0,0,0,0,13,0,0,0,0,3,0,0,0,0,5,0,4,0,24,9,3,8,3,0,56,0,0,0,3,0,6,4,13,12,37,0,0,0,6,3,5,0,0,0,20,0,0,4,28,0,0,0,0,0,33,0,0,0,0,3,0,3,4,0,19,0,0,0,20,9,9,0,0,5,47
106,0,0,0,6,10,11,15,9,0,50,0,10,8,146,81,61,23,13,10,349,0,0,0,0,8,19,16,16,3,64,0,4,9,12,3,3,17,6,0,48,8,71,120,415,488,784,866,576,193,3525,0,3,4,43,19,22,11,9,0,113,0,0,4,47,11,13,11,5,0,87,0,6,13,53,20,48,182,107,28,457,0,0,3,0,9,7,10,11,6,45,0,6,4,30,8,27,7,3,0,94,5,48,43,404,51,35,26,25,4,642,0,0,5,57,22,16,10,9,0,111,0,5,0,14,6,0,5,5,0,27,0,5,0,3,0,0,4,0,0,16,0,13,14,57,30,38,45,14,7,215,0,0,0,7,11,22,41,16,7,115,0,3,8,25,23,10,5,0,0,65,0,0,10,58,10,10,3,0,0,87,0,0,3,4,4,12,4,0,0,36,4,5,6,73,48,48,32,11,3,226
107,0,4,4,50,87,67,91,80,13,396,3,37,89,522,180,144,86,35,20,1106,0,0,0,61,60,91,114,112,55,497,4,21,3,41,8,17,30,11,9,144,12,145,209,694,841,1565,1341,1176,424,6402,0,8,7,55,22,37,24,15,4,172,0,5,8,46,19,34,17,7,6,147,6,3,9,107,71,120,294,178,106,897,0,5,7,9,15,61,111,135,89,426,0,12,8,48,18,28,16,5,0,134,11,54,131,626,88,65,63,25,16,1076,0,14,26,85,55,23,25,6,3,233,0,7,21,101,19,26,8,3,0,186,0,33,34,92,39,36,19,7,0,257,0,37,14,69,55,61,51,51,20,353,0,8,11,59,52,201,403,390,325,1456,0,7,8,62,35,22,21,8,0,167,0,11,11,107,43,23,7,5,0,206,0,9,8,93,72,92,66,30,9,379,4,16,22,78,51,42,21,14,4,250
108,0,0,0,7,14,7,14,3,4,48,0,6,13,81,59,49,32,4,3,237,0,0,0,5,0,13,19,14,4,48,0,6,0,8,4,10,10,8,3,55,3,48,52,258,403,756,1121,950,379,3963,0,0,5,17,26,29,12,12,0,96,3,4,0,27,14,20,24,14,0,106,0,4,4,52,37,80,162,119,60,519,0,0,0,6,0,3,11,10,8,37,0,0,0,19,14,14,8,0,0,60,9,31,13,231,30,15,22,21,5,377,5,3,7,38,24,14,14,10,3,105,0,0,0,15,4,4,4,0,0,32,0,0,0,5,0,0,3,0,0,14,0,8,3,26,28,38,40,28,11,180,0,0,0,3,13,12,28,22,12,91,0,5,8,25,30,12,3,0,0,79,0,3,3,38,15,8,3,0,0,68,0,0,0,0,7,16,9,0,0,26,0,6,4,35,22,32,27,0,5,125
109,0,0,0,5,0,5,3,0,0,20,5,3,12,54,32,20,10,4,0,138,0,0,0,0,4,3,10,5,4,39,0,3,0,5,0,0,0,0,0,15,0,13,36,95,119,289,293,234,80,1169,0,0,6,21,14,12,6,0,0,55,0,0,5,9,3,9,3,0,0,20,0,0,5,22,13,33,87,62,24,242,0,0,0,0,0,7,5,14,10,31,0,0,0,10,3,4,5,0,0,29,13,25,31,412,32,24,13,7,9,553,0,0,8,23,14,3,5,0,0,52,0,0,0,3,0,3,0,0,0,12,0,0,0,5,0,0,0,0,0,8,0,5,0,15,11,10,9,9,3,50,0,4,0,4,0,10,34,26,24,96,0,3,0,12,4,0,0,0,0,20,0,0,4,23,0,0,0,0,0,32,0,0,0,0,0,0,0,0,0,9,0,6,9,43,24,12,4,3,0,95
110,0,0,0,0,5,3,0,5,0,14,0,12,18,159,45,38,22,3,3,295,0,0,0,0,4,5,5,4,0,16,0,8,0,13,0,0,3,6,0,30,4,17,29,155,152,312,312,266,71,1318,0,13,9,75,14,14,5,0,0,121,0,4,4,30,4,4,4,0,0,51,0,3,3,40,14,40,46,38,13,209,0,3,0,0,3,0,3,6,3,16,0,7,0,13,10,8,8,0,0,48,9,39,37,315,29,28,12,11,5,479,0,10,12,36,10,12,4,3,4,98,0,0,0,27,3,0,0,0,0,31,12,94,86,78,32,15,0,0,0,316,0,0,4,14,11,18,16,4,6,71,0,0,0,3,0,3,14,15,9,44,3,5,0,29,10,12,6,0,3,64,0,0,3,55,6,8,0,0,0,65,0,0,0,3,4,6,0,0,6,19,0,0,12,37,13,18,4,4,0,94
111,0,0,0,35,17,18,12,5,0,89,0,29,90,524,180,148,92,31,11,1104,0,0,5,16,20,34,23,40,14,156,5,6,0,23,3,8,24,15,3,89,16,142,241,814,628,858,905,746,287,4641,0,0,9,49,31,37,32,12,3,164,0,5,8,54,23,17,4,10,0,132,3,13,27,122,59,86,273,187,61,829,0,5,0,12,7,20,75,94,49,257,4,16,64,75,15,51,29,0,5,257,8,94,117,732,142,75,62,47,18,1293,3,15,26,110,59,25,18,10,4,258,3,9,9,110,12,6,3,4,0,161,0,16,12,33,10,0,3,0,0,69,0,21,26,111,65,40,40,31,17,347,0,4,4,49,21,54,127,116,110,490,5,13,9,82,33,19,12,7,9,188,0,10,47,199,63,26,11,5,3,357,0,0,8,15,13,10,4,3,0,42,4,9,56,165,75,76,60,27,5,476
112,0,0,0,56,14,11,11,7,0,96,0,19,6,86,58,48,21,7,6,254,0,0,0,4,5,5,11,0,3,34,0,0,0,5,3,0,8,10,8,38,14,118,144,731,651,990,1057,897,399,4999,0,9,3,18,21,18,14,11,4,105,0,6,11,157,42,27,30,14,12,295,0,7,23,192,91,146,193,101,40,797,0,0,0,0,3,7,11,5,3,36,5,10,3,22,15,19,6,3,0,79,7,20,31,242,40,46,36,23,18,461,4,8,6,61,33,21,13,3,4,155,0,0,0,14,3,3,3,0,0,26,0,0,0,5,0,0,4,0,0,9,0,3,7,63,37,29,25,25,10,203,0,4,14,96,22,24,50,34,42,290,6,14,23,185,86,41,19,10,0,388,0,0,0,51,17,7,3,0,0,81,0,0,0,5,4,0,0,0,0,10,0,9,0,49,38,34,32,14,4,182
113,0,0,0,7,3,3,7,0,0,25,3,17,20,197,46,33,19,7,5,354,0,0,0,0,0,3,3,3,0,24,0,14,0,30,11,6,7,3,0,72,7,23,41,125,107,256,219,142,64,986,5,10,11,73,31,29,11,3,0,176,0,0,4,8,3,3,6,0,0,28,0,0,11,34,9,13,42,27,17,157,0,0,0,3,0,3,8,8,4,27,0,0,0,22,9,4,9,0,0,48,16,86,96,912,196,119,47,10,6,1500,4,0,13,32,9,10,3,0,0,71,0,4,11,18,3,0,0,0,0,43,7,100,115,144,36,24,13,3,0,441,0,13,8,23,9,13,7,4,3,80,0,0,3,29,9,42,153,183,141,565,0,0,0,16,4,3,0,0,0,28,0,0,8,45,5,3,0,0,0,54,0,6,0,5,0,3,0,3,0,16,9,29,25,147,37,27,6,0,0,280
114,0,0,0,12,6,14,19,4,0,66,0,13,21,85,57,54,26,15,9,282,0,0,0,9,6,28,42,21,6,115,0,0,0,0,0,6,18,11,0,38,9,50,70,316,375,832,1105,844,323,3913,0,4,0,15,13,20,18,3,0,81,0,0,0,20,15,20,18,6,3,91,0,6,0,46,41,78,148,87,54,458,0,0,0,9,6,14,34,26,11,98,0,11,5,15,6,18,16,4,0,79,3,28,28,255,34,34,29,20,10,429,0,4,5,36,14,9,13,5,4,92,0,0,0,16,3,4,4,6,0,34,0,0,0,3,4,7,0,0,0,18,0,0,5,15,21,33,42,28,5,148,0,0,3,17,10,40,57,49,26,202,0,4,3,34,14,11,16,0,0,80,0,0,4,34,3,9,8,0,0,57,0,0,0,12,7,4,8,0,0,39,0,6,7,18,20,22,14,5,0,85
115,0,5,10,41,44,47,41,19,3,203,28,311,228,3794,1302,1256,1003,233,134,8287,0,0,5,17,32,52,76,56,27,251,4,81,32,186,69,79,92,41,19,602,16,190,254,567,657,740,678,469,216,3788,0,0,7,192,162,140,70,31,8,626,0,8,6,31,21,13,12,5,6,92,0,9,23,60,63,51,108,90,40,435,0,0,0,15,5,29,52,50,22,182,11,85,70,404,211,487,324,55,14,1668,30,557,376,3732,1145,688,479,222,88,7316,0,17,31,326,162,112,96,52,14,814,3,70,98,858,308,210,125,38,14,1730,0,6,0,51,21,28,9,3,8,134,5,27,15,83,73,53,59,30,10,351,0,0,6,41,40,115,197,162,102,659,3,18,14,74,58,33,20,8,3,232,6,109,163,690,566,273,141,58,16,2013,0,0,11,81,156,161,97,61,10,579,3,65,117,356,246,289,337,124,30,1567
116,0,3,8,64,65,60,87,33,21,349,8,75,119,1537,602,691,396,169,59,3656,0,0,6,52,62,105,131,100,37,477,7,63,106,257,112,164,182,96,27,1008,6,116,108,377,326,476,445,322,121,2308,6,62,200,1490,894,713,425,207,30,4022,0,0,0,21,10,25,12,13,9,90,4,7,17,61,27,44,121,95,65,435,0,3,10,13,20,44,105,115,43,354,4,19,34,163,103,163,90,10,0,585,214,1715,1936,14595,2280,1296,890,276,75,23278,5,21,62,445,235,160,124,30,17,1087,3,41,92,542,155,141,72,25,7,1088,3,81,122,418,191,165,75,23,9,1086,0,18,22,71,32,40,40,33,6,258,0,8,6,49,38,97,178,138,79,590,5,13,15,49,31,17,7,3,0,131,3,32,71,414,281,193,104,47,11,1160,3,19,38,216,191,242,204,48,22,984,5,49,58,282,143,164,163,51,14,934
117,0,11,19,248,65,64,71,54,7,546,29,125,2775,6081,939,1100,699,355,160,12257,0,0,0,54,28,41,43,52,22,244,0,0,0,41,18,30,90,74,38,286,34,93,422,3021,804,666,436,207,70,5749,0,0,19,161,84,94,79,29,11,464,0,9,59,642,68,43,24,10,10,880,0,13,75,372,111,63,75,50,12,773,0,5,21,54,41,128,346,689,271,1559,18,44,311,815,187,201,181,27,27,1810,27,59,274,1489,131,96,81,37,11,2203,7,33,1148,2616,419,243,186,66,13,4744,0,9,18,393,41,37,25,7,4,536,0,9,22,112,43,31,26,5,4,265,3,8,86,1390,112,80,34,19,12,1749,0,0,60,467,77,67,112,121,85,1000,14,15,96,722,246,107,34,21,5,1257,6,16,176,1097,206,89,39,24,9,1649,0,5,9,79,56,115,130,78,54,519,3,15,202,972,197,174,162,61,12,1797
118,3,6,13,314,43,43,50,37,9,525,9,106,454,1306,501,544,299,200,118,3539,0,0,0,32,20,25,42,48,17,185,0,3,7,20,18,22,112,134,68,388,65,308,494,4041,1172,771,566,424,154,7990,0,0,13,51,66,58,38,25,7,251,7,89,108,806,168,48,63,24,25,1334,4,19,42,428,134,85,120,88,69,995,3,4,8,39,24,81,221,400,228,1015,14,110,138,327,172,225,157,52,20,1205,7,42,114,442,117,89,94,77,26,1011,3,17,155,475,222,196,148,71,22,1316,0,3,10,193,32,43,28,13,5,326,0,0,5,30,31,29,27,9,16,147,5,13,77,1867,229,122,68,57,23,2465,0,8,45,460,59,61,173,164,115,1080,5,25,32,262,170,99,32,27,4,661,0,9,33,255,109,47,24,12,5,491,3,0,6,47,46,54,45,43,19,264,0,14,143,339,160,186,215,81,23,1168
119,0,15,20,165,137,111,139,81,13,673,50,370,1200,8719,4416,5437,3087,1404,879,25559,0,0,4,83,57,127,251,244,71,842,15,104,119,613,295,423,533,316,169,2585,19,96,93,571,382,463,406,337,159,2527,0,25,78,518,382,426,304,136,31,1900,0,14,13,114,39,31,23,14,9,249,0,6,14,137,64,65,106,130,67,590,7,65,115,286,285,727,1738,2427,979,6626,21,58,162,1130,498,941,725,132,48,3719,62,332,296,2290,485,336,229,139,62,4235,14,75,282,1690,773,500,355,127,35,3849,6,10,26,196,48,45,24,9,3,366,3,36,68,408,196,110,44,28,8,898,4,17,17,208,77,74,68,57,25,545,4,15,29,193,111,339,606,802,520,2617,9,11,39,311,203,116,35,14,5,737,5,25,84,615,409,365,264,147,72,1984,38,163,370,2588,2590,3107,2095,878,303,12133,14,68,158,930,337,322,349,105,26,2309
120,0,9,4,89,50,46,59,24,9,286,31,235,1138,6067,1973,2253,1253,541,340,13827,0,0,0,23,29,47,111,99,45,366,0,6,11,79,37,86,125,61,35,439,20,193,180,1116,801,695,484,265,91,3854,0,7,18,137,88,109,70,40,11,478,3,9,21,160,45,27,33,10,4,300,3,20,20,171,77,57,99,64,19,530,0,5,9,33,38,106,329,594,264,1378,18,75,186,692,282,369,350,65,24,2060,94,386,275,2786,422,296,190,114,46,4603,4,16,100,555,154,93,98,46,14,1078,4,7,20,246,39,39,21,7,0,392,0,0,11,50,19,16,4,5,0,103,0,16,18,350,169,114,71,39,14,803,0,16,32,287,167,477,963,1120,797,3866,0,21,29,287,146,83,28,14,5,613,9,54,257,1658,658,461,264,154,92,3606,0,8,26,188,222,299,279,176,66,1277,0,19,112,655,228,160,204,92,31,1492
121,0,6,15,112,49,58,45,34,5,319,71,970,1004,8386,3298,2611,1960,796,327,19430,0,0,4,34,40,65,83,74,40,341,0,19,5,60,16,39,75,66,37,316,62,720,796,2018,1768,1621,1163,946,430,9533,0,6,14,125,73,69,73,46,12,420,9,47,35,309,95,54,46,42,15,648,14,30,39,285,173,122,176,161,67,1064,0,5,0,24,12,35,69,100,37,282,46,413,383,1537,822,962,888,192,67,5317,70,580,243,3451,680,488,327,190,76,6104,0,20,89,625,262,145,138,84,28,1393,4,76,86,1161,338,264,222,79,38,2262,0,0,4,39,12,23,13,8,6,98,3,31,28,267,183,157,83,64,31,847,0,22,16,191,82,104,172,175,133,899,29,165,128,996,694,369,168,76,21,2643,14,146,260,1602,940,465,277,95,25,3821,0,8,8,65,67,89,104,62,22,425,3,72,127,875,567,452,436,202,44,2778
122,0,8,0,94,32,28,23,22,0,207,4,40,104,675,487,451,231,114,73,2182,0,0,0,43,35,83,96,91,35,385,0,0,3,14,9,23,51,52,23,178,53,603,670,2683,2036,1675,1115,920,412,10170,0,0,0,49,32,47,39,18,5,190,10,42,58,323,135,56,37,16,5,678,5,32,44,387,193,110,150,123,57,1105,0,0,6,4,3,23,49,49,22,158,12,73,50,140,92,107,100,17,14,599,3,72,90,404,125,80,65,46,13,905,0,9,24,115,75,55,45,14,8,345,0,0,7,149,69,66,58,25,21,401,0,0,3,7,5,14,8,0,0,43,3,40,26,232,173,131,73,51,24,764,3,11,12,191,71,173,300,234,163,1154,0,29,36,207,177,130,44,21,12,653,4,4,15,198,87,71,36,14,6,440,0,4,3,20,36,39,21,16,3,148,0,7,20,75,90,74,87,48,9,408
123,0,4,10,93,113,138,112,81,12,554,3,33,48,540,264,301,150,60,19,1424,0,3,4,54,28,92,85,55,6,332,4,27,30,159,67,87,70,37,15,502,9,64,88,382,516,909,877,594,194,3634,0,25,65,709,425,339,181,84,23,1848,0,0,0,12,16,19,8,9,0,61,0,9,10,64,36,61,133,100,38,453,0,0,11,10,26,47,56,56,9,222,0,12,15,62,31,60,34,3,4,224,27,271,286,2032,524,305,171,74,19,3708,0,11,33,242,115,81,57,16,3,568,0,4,19,80,22,25,18,3,6,176,0,27,87,407,146,91,54,12,14,830,0,17,15,67,45,54,47,48,12,298,4,0,4,37,40,107,128,108,47,471,0,6,8,41,20,13,3,0,3,104,0,0,5,87,26,14,10,6,0,150,3,10,19,228,176,200,114,39,4,795,0,13,23,92,48,70,69,25,5,343
124,0,0,0,50,49,52,46,22,7,228,0,26,55,467,235,194,136,45,11,1172,0,0,6,18,43,93,96,73,16,340,0,17,35,99,49,63,77,30,6,373,11,88,126,589,730,1411,1293,865,288,5396,3,14,44,326,176,181,105,40,11,902,0,5,0,45,16,29,24,9,13,140,0,8,9,93,71,93,233,170,54,724,0,0,0,14,20,43,70,102,27,276,0,0,0,51,28,26,19,9,3,149,17,207,248,2166,376,280,228,100,36,3665,6,5,14,165,64,45,31,22,4,353,5,9,11,138,33,34,37,16,0,283,0,5,24,134,47,45,14,19,3,297,0,37,19,96,68,74,110,57,18,478,0,5,5,39,37,113,133,100,59,481,0,8,7,74,50,23,16,8,0,179,3,12,23,161,84,44,27,7,6,372,0,6,14,118,109,105,61,19,6,442,0,17,18,99,67,80,65,31,5,377
125,0,8,13,97,71,86,104,56,12,441,49,370,975,8580,3371,3748,1981,892,414,20390,0,3,5,47,52,106,211,165,57,649,7,74,44,225,44,110,114,68,32,731,13,78,98,372,201,354,338,270,134,1857,6,18,65,575,387,415,259,96,37,1854,0,5,9,60,17,15,10,6,0,121,5,8,20,96,51,29,84,97,43,424,3,0,5,26,24,65,163,276,83,641,14,85,153,923,347,774,442,61,19,2821,491,2126,1353,13047,1377,810,562,223,83,20054,4,38,98,642,303,168,123,50,9,1431,5,117,250,1185,295,257,140,49,17,2319,8,103,213,945,445,288,83,55,25,2166,6,17,9,70,53,39,54,27,25,293,0,3,23,93,58,149,276,299,207,1101,0,14,39,195,96,44,11,13,5,421,23,176,444,3071,1434,1003,468,224,54,6894,39,132,243,1879,1622,1949,1294,556,164,7883,8,61,149,855,304,258,286,89,25,2041
126,0,0,3,46,32,17,29,12,3,139,34,373,782,6898,1987,2071,1481,549,274,14445,0,0,0,19,23,30,51,41,17,180,0,21,6,70,23,43,37,39,19,268,12,100,128,400,276,342,291,204,96,1853,0,0,8,84,68,58,42,36,5,301,0,10,12,61,14,12,10,9,7,130,6,3,16,83,40,36,41,47,27,292,0,4,7,9,17,35,72,97,38,281,17,129,176,1039,451,742,600,81,29,3270,73,431,287,2498,367,338,194,99,31,4316,5,22,116,507,188,112,88,55,18,1107,8,31,46,628,131,155,136,59,27,1213,0,3,5,33,18,17,11,10,7,112,0,15,10,78,49,52,24,34,8,271,0,9,7,89,44,121,237,255,162,929,8,23,33,229,162,69,31,12,7,572,10,154,349,1818,852,544,321,129,35,4216,0,10,8,79,84,139,121,78,30,544,3,30,112,563,239,229,268,95,22,1571
127,0,5,30,226,278,387,319,164,49,1458,7,55,105,1131,682,864,510,252,247,3856,0,0,4,293,206,344,477,343,136,1811,12,84,83,369,157,175,150,99,42,1180,7,72,80,239,205,321,285,217,93,1515,5,67,187,1707,991,1034,464,217,45,4719,0,5,12,36,19,24,13,9,5,114,0,12,26,91,41,28,126,106,47,480,0,13,46,85,43,97,169,202,46,705,0,11,22,222,50,83,69,5,9,475,26,265,306,2414,655,406,225,71,36,4395,0,36,57,455,175,113,106,36,4,978,3,33,84,412,135,193,136,60,26,1084,17,1543,2391,7269,3220,2672,1781,795,279,19974,0,31,7,39,22,22,41,21,10,207,0,14,15,62,128,435,818,898,520,2888,0,7,9,50,35,13,5,0,3,119,0,4,18,120,44,33,11,0,4,239,49,133,146,1007,733,783,409,139,40,3438,0,16,50,258,93,113,90,35,5,681
128,0,3,8,49,47,34,30,27,3,208,3,40,60,770,350,434,250,82,41,2027,0,0,0,26,26,51,62,47,18,221,0,9,14,80,57,85,130,66,32,474,21,161,152,887,655,704,581,518,233,3913,0,0,3,52,52,58,31,19,4,229,3,9,13,66,31,21,8,8,4,165,0,4,8,117,64,51,107,85,43,476,0,13,17,25,42,106,173,173,55,598,3,17,29,109,67,121,82,16,3,451,3,21,26,212,107,70,50,51,21,560,0,11,22,127,89,51,36,20,6,353,0,3,6,54,12,14,9,0,0,97,0,0,0,22,7,4,6,0,0,48,5,25,26,176,84,80,50,27,12,487,0,8,4,71,31,92,128,129,102,570,0,9,16,92,75,33,10,4,3,242,0,0,8,83,35,26,18,5,4,179,0,5,7,56,84,96,70,26,6,346,0,4,19,69,64,75,93,29,12,356
197,0,0,0,0,0,0,0,0,0,0,0,0,0,0,0,0,0,0,0,0,0,0,0,0,0,0,0,0,0,0,0,0,0,0,0,0,0,0,0,0,0,0,0,0,0,0,0,0,0,0,0,0,0,0,0,0,0,0,0,0,0,0,0,0,0,0,0,0,0,0,0,0,0,0,0,0,0,0,0,0,0,0,0,0,0,0,0,0,0,0,0,0,0,0,0,0,0,0,0,0,0,0,0,0,0,0,0,0,0,0,0,0,0,0,0,0,0,0,0,0,0,0,0,0,0,0,0,0,0,0,0,0,0,0,0,0,0,0,0,0,0,0,0,0,0,0,0,0,0,0,0,0,0,0,0,0,0,0,0,0,0,0,0,0,0,0,0,0,0,0,0,0,0,0,0,0,0,0,0,0,0,0,0,0,0,0,0,0,0,0,0,0,0,0,0,0,0,0,0,0
199,0,0,0,7,0,0,5,0,0,9,0,0,0,29,8,6,0,0,0,53,0,0,0,0,0,0,3,0,0,5,0,0,0,0,0,0,0,0,0,7,0,0,12,43,7,37,19,9,0,131,0,0,3,10,3,0,0,0,0,14,0,0,8,11,8,0,0,0,0,23,0,0,5,4,0,0,0,4,0,14,0,0,0,0,0,0,0,0,0,4,0,0,3,4,0,4,0,0,0,16,0,0,5,17,3,0,4,0,0,25,0,0,0,9,0,0,0,0,0,16,0,0,3,5,5,0,0,0,0,16,0,0,3,5,0,0,0,0,0,5,0,0,0,11,0,4,0,0,0,20,0,0,0,8,4,0,0,0,0,16,3,0,0,6,0,0,0,0,0,13,0,0,0,9,0,0,0,0,0,11,0,0,0,0,0,3,0,0,0,9,0,0,7,18,3,5,0,0,0,41
201,0,6,0,3,6,8,5,6,0,21,0,15,29,217,65,43,39,6,0,420,0,0,0,0,6,17,28,22,10,91,0,0,4,4,0,4,7,3,0,28,8,77,53,242,276,523,627,388,153,2353,0,4,4,16,18,6,7,4,0,59,0,4,4,14,8,9,7,6,0,55,0,0,6,39,27,46,104,62,33,325,0,0,0,0,0,5,18,20,4,52,0,4,5,14,9,9,0,0,0,40,6,54,148,547,53,36,23,12,0,889,0,3,10,32,14,0,7,0,4,73,0,0,7,16,6,0,3,0,0,40,0,0,4,11,8,5,0,0,0,23,0,6,6,39,30,14,33,11,11,142,0,0,0,12,6,19,39,14,18,113,0,0,3,53,20,9,3,0,7,98,0,0,3,26,5,5,0,0,0,41,0,0,0,3,0,3,0,0,0,9,0,10,12,62,40,36,20,5,3,179
202,0,0,0,4,3,7,0,0,0,11,0,6,26,132,42,35,12,4,0,262,0,0,0,7,4,10,16,16,3,52,0,5,3,17,0,3,3,3,0,41,4,61,55,225,267,465,488,321,121,2006,0,0,4,14,11,5,0,0,0,40,0,4,0,31,10,4,11,0,0,60,0,0,9,22,23,47,79,46,14,238,0,0,0,5,3,3,18,12,6,51,0,3,3,10,9,5,4,0,0,36,6,37,61,410,39,32,22,11,3,629,0,6,7,27,20,17,5,0,0,89,0,7,10,10,3,3,0,0,0,24,0,0,0,6,0,0,0,0,0,10,0,5,0,33,14,12,18,14,10,97,0,0,0,6,8,20,45,21,9,108,0,0,4,24,13,6,5,5,0,56,5,0,0,34,3,6,0,0,0,46,0,0,0,0,0,6,0,0,0,8,0,9,18,73,35,35,21,5,4,189
203,0,0,0,25,20,9,11,3,0,57,5,55,91,456,154,107,74,28,3,970,0,0,4,53,70,119,204,187,74,712,5,13,11,34,0,17,17,10,0,103,19,182,231,784,651,1178,1252,843,367,5501,0,3,5,47,18,19,10,0,0,100,0,7,14,60,17,17,3,8,5,138,3,8,7,134,54,83,297,168,115,878,0,7,0,12,14,39,69,97,34,268,0,23,12,65,19,22,11,0,4,161,20,105,233,1453,99,71,70,23,12,2083,3,13,19,111,46,12,27,4,3,238,0,21,42,123,20,23,4,6,0,247,0,14,11,54,22,19,9,4,0,126,0,26,16,124,66,62,60,32,19,400,0,0,8,42,34,105,260,226,162,837,0,18,8,67,40,12,7,3,0,159,0,11,8,79,17,5,3,0,0,124,0,6,3,12,11,19,6,3,0,66,0,24,33,158,63,73,33,9,3,405
204,0,0,0,11,3,4,0,4,0,28,3,16,25,105,32,27,14,4,0,229,0,0,0,0,4,21,26,28,18,101,0,4,3,6,3,0,5,3,0,20,4,43,66,254,281,567,577,459,171,2421,0,0,0,21,10,13,3,4,0,47,0,0,4,32,3,10,12,6,0,67,4,7,7,51,33,75,205,121,53,559,0,0,0,3,3,9,17,11,7,53,0,3,8,26,7,8,4,5,0,50,10,36,47,316,26,22,17,11,8,491,0,0,5,39,11,6,3,6,0,80,0,0,0,12,0,3,0,0,0,15,0,0,0,5,3,0,0,0,0,11,0,11,4,40,9,26,18,20,0,126,0,0,5,9,17,47,116,122,87,403,0,5,0,24,20,8,10,0,0,62,0,0,0,14,7,0,0,0,0,25,0,0,0,3,0,6,0,7,0,10,4,19,19,58,32,27,8,4,0,159
205,0,0,0,13,13,27,11,8,0,72,0,11,16,180,79,78,25,10,0,409,0,0,0,5,17,16,34,27,10,116,0,0,0,17,0,3,22,4,3,55,7,68,88,375,514,1314,1570,1142,416,5501,0,3,0,33,20,13,12,0,0,89,0,0,0,22,11,20,14,10,4,85,0,3,6,84,59,99,295,195,73,816,0,0,0,0,7,19,41,47,12,132,0,9,3,24,8,17,7,0,0,64,4,43,106,447,59,45,43,17,4,771,0,5,3,62,20,12,20,9,4,142,0,3,0,14,3,0,0,0,0,20,0,5,0,11,3,0,0,0,0,16,0,7,10,44,21,36,62,42,21,239,0,0,4,25,18,78,183,211,132,654,3,0,7,28,19,16,12,0,5,85,0,0,0,41,8,0,0,0,0,54,0,0,0,4,7,6,3,0,0,21,0,15,23,81,42,55,33,6,0,257
206,9,12,18,446,67,48,38,29,4,658,25,241,3890,6978,1248,1061,576,342,217,14577,0,0,0,108,49,94,97,84,38,470,3,22,28,136,35,81,112,79,52,536,70,306,715,4204,1248,1201,876,463,177,9254,0,0,19,162,48,55,41,11,4,344,10,37,85,809,111,69,53,19,10,1202,10,28,93,701,174,122,225,140,48,1535,3,9,38,167,158,434,960,1776,785,4326,8,56,353,1051,198,168,131,33,10,2012,123,338,1023,5156,325,267,186,102,30,7543,7,40,990,1284,178,68,101,26,4,2712,6,21,55,746,77,39,37,20,0,997,0,0,12,98,30,19,20,5,3,189,8,19,64,1459,144,115,78,39,26,1943,3,21,79,679,148,467,956,1343,1052,4738,7,35,144,1067,281,90,47,12,11,1701,11,32,228,1529,180,62,15,3,0,2052,0,0,20,130,178,222,226,98,29,910,7,50,1015,2988,440,397,360,112,25,5385
207,0,5,0,53,20,31,18,9,4,139,101,1244,2221,9886,3831,3238,1857,708,358,23445,0,3,3,29,25,48,68,83,50,309,4,34,23,123,37,110,106,89,40,572,29,287,323,633,547,677,596,552,287,3932,0,0,3,69,71,50,41,23,11,269,0,18,20,78,41,38,21,13,13,242,3,15,16,92,60,59,171,167,84,681,4,24,41,62,110,359,772,1182,472,3030,29,275,235,1092,589,683,590,120,55,3680,33,306,483,2488,510,364,305,166,52,4709,3,18,115,571,192,102,123,48,17,1189,15,129,192,1026,322,182,118,59,10,2045,0,7,7,52,26,14,9,0,0,116,0,14,15,90,49,75,58,38,33,379,0,12,26,105,75,216,685,809,533,2445,11,25,50,233,153,60,39,27,8,610,4,65,131,620,261,114,54,7,10,1269,0,0,3,36,54,95,60,36,17,303,10,202,513,2065,1104,990,927,369,93,6287
208,0,7,3,90,65,41,26,22,4,264,23,402,870,3638,1300,1065,504,206,96,8109,0,0,4,53,43,82,89,77,31,381,0,9,12,42,40,84,124,107,56,475,45,599,598,1716,1479,1333,1143,847,436,8200,0,0,4,81,58,60,34,14,3,258,10,47,42,223,123,49,87,26,27,636,5,30,42,275,182,129,304,204,130,1297,0,22,23,85,133,339,671,1097,439,2819,12,79,92,333,99,117,97,25,7,863,64,377,372,3102,502,402,305,172,77,5369,3,10,72,417,115,52,53,17,9,756,0,7,11,213,48,28,25,11,0,351,0,0,3,28,19,10,11,3,0,74,3,38,54,593,153,151,94,88,43,1218,0,17,24,145,94,186,378,432,302,1583,13,71,57,402,237,99,49,16,10,960,4,35,57,366,114,51,18,7,0,673,0,5,0,44,47,64,38,31,6,233,9,44,113,731,251,257,219,89,29,1737
209,0,6,5,74,58,49,32,17,8,255,19,161,376,2985,972,995,560,165,80,6315,0,0,3,60,81,175,201,176,63,763,0,36,47,192,81,129,192,95,50,815,20,249,316,1062,843,1037,841,581,250,5196,3,12,23,221,130,97,71,22,8,582,0,8,11,89,47,34,23,11,5,226,3,3,23,217,97,81,177,157,69,825,3,38,98,204,240,602,1102,1192,441,3922,11,33,45,307,90,101,72,18,4,683,94,582,1024,7267,798,613,400,120,51,10947,0,30,58,398,131,66,36,13,8,744,3,137,179,1086,199,93,49,12,5,1767,3,73,151,728,382,198,77,51,11,1670,0,32,21,181,81,81,82,44,32,557,3,37,42,281,191,959,1886,1930,1150,6488,4,23,29,231,145,43,25,4,0,510,0,16,30,250,67,32,15,6,0,407,9,21,59,343,389,449,272,103,30,1671,9,84,134,852,246,290,289,69,14,1986
210,0,5,3,53,44,44,42,32,3,223,0,38,88,700,296,275,148,53,30,1638,0,0,3,51,51,141,231,208,57,733,4,48,40,201,85,141,171,150,68,917,6,107,138,573,445,682,591,426,169,3137,3,12,42,300,156,140,79,34,10,779,0,0,3,37,14,21,14,16,4,115,0,7,14,97,58,52,201,143,71,633,0,18,46,92,81,198,420,541,186,1584,0,11,15,136,42,38,25,0,0,272,78,581,693,6502,677,573,410,137,62,9711,5,9,34,243,82,35,14,11,0,433,0,60,70,349,69,64,29,28,10,675,14,662,981,3272,1341,934,519,257,78,8055,0,17,14,134,51,52,46,35,19,378,0,20,36,157,143,742,1621,1591,945,5262,4,15,13,113,62,20,8,6,5,235,3,6,9,142,40,8,4,0,0,224,24,92,129,891,704,594,342,105,32,2918,5,37,46,374,95,81,93,19,6,761
211,0,0,3,37,59,52,45,19,0,220,30,446,629,5845,1820,1605,1027,337,150,11889,0,0,4,29,28,75,90,75,27,323,0,19,30,87,60,79,110,71,22,470,24,178,330,1036,1324,2143,2124,1684,758,9602,0,8,17,94,75,86,47,19,7,345,0,11,9,59,35,26,26,20,8,191,0,16,29,161,153,191,417,388,231,1579,0,8,10,26,53,121,219,243,90,769,21,118,118,775,317,438,244,41,15,2085,39,378,405,2916,795,521,341,207,72,5673,6,31,45,437,184,73,87,40,12,912,0,85,95,777,200,137,62,28,16,1396,0,13,19,44,18,21,17,17,5,149,0,24,22,101,64,95,131,83,37,560,0,14,7,76,68,217,515,413,251,1559,0,14,24,156,121,41,38,12,10,421,3,44,102,439,207,92,34,8,0,929,0,0,3,49,52,71,35,12,0,229,32,293,381,1366,713,713,582,182,49,4310
212,0,7,16,182,237,223,255,137,35,1097,59,765,1748,8454,3090,2679,1592,619,276,19280,0,0,8,183,134,304,351,242,95,1316,0,85,147,323,144,173,254,187,78,1395,30,294,500,1139,1251,1817,1732,1381,624,8772,4,33,106,734,424,363,145,84,26,1913,0,0,18,85,52,45,17,21,24,260,5,8,63,195,112,138,297,321,150,1287,4,59,151,260,267,557,1170,1509,558,4531,21,105,171,759,261,400,282,47,9,2052,205,1729,3068,18006,3212,2135,1404,639,255,30649,14,94,225,1051,404,183,193,44,18,2221,8,203,360,815,158,113,52,14,6,1729,4,48,78,275,107,90,48,30,8,685,0,81,26,145,84,87,120,100,48,692,0,21,37,132,116,387,883,1018,587,3176,4,45,69,326,193,45,49,16,0,759,12,85,191,880,387,149,55,31,0,1791,0,14,55,202,216,222,161,57,21,954,41,299,738,2576,835,886,740,250,69,6429
213,9,9,29,244,243,225,237,104,12,1104,32,202,382,3646,1103,1094,655,164,80,7362,0,4,5,202,215,479,595,502,171,2174,10,105,175,345,136,196,240,107,54,1364,32,320,362,1454,1082,1424,1177,770,311,6925,7,34,93,654,330,247,137,49,11,1552,0,3,12,133,41,44,29,11,9,287,4,24,50,248,144,135,426,262,125,1419,0,31,42,115,131,363,650,827,359,2516,10,42,49,587,125,132,85,4,3,1038,397,2499,2821,24859,2089,1565,1090,320,86,35720,4,55,115,1221,300,117,119,23,4,1964,3,50,82,458,92,56,18,11,0,777,3,258,204,564,165,121,95,33,0,1443,0,40,31,293,116,83,93,55,22,735,0,32,52,219,173,618,1027,937,575,3623,9,28,43,330,150,29,19,0,3,617,7,44,57,523,132,48,28,13,5,852,16,44,90,542,354,314,178,51,11,1606,31,336,234,1581,393,329,251,55,6,3217
214,0,0,5,35,37,37,32,12,0,154,0,38,89,328,184,137,85,27,11,909,0,0,0,32,34,73,60,53,23,277,0,3,7,24,5,19,72,37,17,182,20,249,430,1120,1455,1964,1996,1708,748,9699,0,0,9,62,48,33,19,8,11,204,0,5,8,51,26,28,30,17,9,176,0,5,24,105,98,123,220,186,83,843,0,8,15,14,38,79,144,199,57,556,0,8,48,51,35,19,28,9,0,193,4,54,86,485,146,129,82,53,25,1062,0,8,7,95,40,23,17,0,0,196,0,0,8,42,14,10,3,4,0,80,0,0,3,12,3,6,4,0,0,23,0,18,32,149,84,93,115,63,37,581,0,10,11,55,41,112,294,206,89,817,0,9,10,50,48,19,15,0,0,155,0,0,3,68,26,3,4,0,0,105,0,4,0,20,24,30,18,6,4,105,0,8,21,78,66,80,85,18,4,368
215,0,0,0,8,0,0,0,0,0,9,0,3,20,152,40,26,11,3,0,266,0,0,0,4,4,14,12,14,19,61,0,0,0,6,0,0,5,5,0,15,3,19,26,107,130,249,288,209,71,1108,0,6,8,21,25,14,6,0,0,84,0,0,5,18,0,8,4,6,0,36,0,0,3,35,15,13,63,36,13,174,0,0,0,0,3,10,22,38,17,91,0,0,7,33,0,7,0,0,0,60,7,47,39,436,46,27,20,15,0,639,0,5,7,43,24,3,6,0,0,86,0,3,0,10,0,0,0,0,0,15,0,8,0,11,11,0,0,0,0,28,0,4,0,22,10,12,4,9,0,64,0,0,0,17,6,47,101,147,94,417,0,0,0,24,3,0,0,0,0,35,0,0,4,37,3,0,0,0,0,51,0,0,0,5,0,0,0,0,0,8,3,35,89,531,108,46,11,3,0,819
216,0,0,0,6,0,0,0,0,0,8,0,6,12,130,31,28,8,0,0,219,0,0,0,3,5,6,16,13,0,40,0,11,5,12,0,0,3,0,0,28,0,14,20,94,115,248,329,217,83,1121,3,0,13,36,17,6,4,0,0,73,0,0,0,12,0,8,4,0,0,27,0,4,5,32,10,16,59,26,15,154,0,0,5,3,5,9,18,27,18,87,4,0,5,26,0,3,3,0,0,42,7,61,65,711,87,75,44,8,6,1061,0,0,6,33,19,4,0,0,0,65,0,21,18,16,0,0,0,0,0,57,0,18,28,131,49,19,8,4,0,257,0,10,5,14,6,9,13,8,3,73,0,4,0,10,10,67,176,176,84,531,0,0,0,10,5,0,0,0,0,18,0,0,0,18,0,0,0,0,0,27,0,0,0,0,0,5,4,0,0,9,0,32,42,279,64,38,8,4,0,462
217,0,0,0,0,0,0,0,4,0,4,0,20,26,133,34,20,6,0,0,244,0,0,0,0,0,0,4,4,0,13,0,5,3,8,0,0,3,0,0,20,0,35,32,131,139,305,345,238,92,1310,0,0,0,9,3,0,4,0,0,24,0,0,0,16,4,3,6,0,0,36,0,0,3,33,13,18,49,23,11,169,0,0,0,0,0,5,8,4,5,20,0,0,6,14,0,0,0,0,0,21,4,17,10,139,9,12,6,8,0,214,0,4,8,34,13,6,3,0,0,60,0,0,0,6,0,4,0,0,0,13,0,0,0,0,0,0,0,0,0,0,0,0,6,36,7,14,12,7,0,88,0,0,0,8,0,7,17,12,14,57,0,4,0,20,13,5,0,0,0,47,0,0,0,27,0,0,0,0,0,32,0,0,0,3,0,0,0,0,0,4,0,3,4,27,16,16,0,0,0,69
297,0,0,0,0,0,0,0,0,0,0,0,0,0,0,0,0,0,0,0,0,0,0,0,0,0,0,0,0,0,0,0,0,0,0,0,0,0,0,0,0,0,0,0,0,0,0,0,0,0,0,0,0,0,0,0,0,0,0,0,0,0,0,0,0,0,0,0,0,0,0,0,0,0,0,0,0,0,0,0,0,0,0,0,0,0,0,0,0,0,0,0,0,0,0,0,0,0,0,0,0,0,0,0,0,0,0,0,0,0,0,0,0,0,0,0,0,0,0,0,0,0,0,0,0,0,0,0,0,0,0,0,0,0,0,0,0,0,0,0,0,0,0,0,0,0,0,0,0,0,0,0,0,0,0,0,0,0,0,0,0,0,0,0,0,0,0,0,0,0,0,0,0,0,0,0,0,0,0,0,0,0,0,0,0,0,0,0,0,0,0,0,0,0,0,0,0,0,0,0,0
299,0,0,0,6,6,0,0,0,0,8,0,0,3,15,8,0,3,0,0,34,0,0,0,0,0,0,0,0,0,6,0,0,6,0,0,0,0,0,0,3,3,0,3,22,6,12,8,9,0,75,0,0,0,0,0,0,0,0,0,3,0,0,0,7,0,0,0,0,0,10,0,0,0,5,0,4,0,6,0,16,0,0,0,5,0,0,0,0,0,5,0,3,0,0,0,0,0,0,0,3,0,3,3,20,4,0,0,0,0,29,0,0,0,4,3,0,0,0,0,14,0,0,0,14,0,0,0,0,0,14,0,0,0,0,0,0,0,0,0,3,0,0,4,9,0,0,0,0,0,7,0,0,0,0,0,0,5,3,0,9,0,0,0,3,0,0,0,0,0,9,0,0,0,4,0,0,0,0,0,5,0,0,0,0,0,0,0,0,0,3,0,0,6,25,5,0,0,0,0,34
301,0,4,6,13,14,4,12,3,0,57,3,47,41,367,166,121,59,27,6,840,0,0,5,20,20,20,20,14,5,102,0,4,4,10,0,9,6,11,0,50,14,264,477,1084,1232,1329,1211,909,330,6849,0,0,10,142,72,73,53,18,8,380,4,18,5,57,27,26,20,10,4,181,6,7,15,103,70,92,128,81,46,552,0,0,3,3,13,11,21,21,6,83,3,12,9,54,31,42,28,8,3,181,4,38,56,475,113,69,48,35,12,851,0,14,10,58,43,24,34,14,6,201,0,5,3,75,22,12,11,3,0,144,0,0,0,9,5,4,4,0,0,13,3,23,29,230,81,50,54,21,13,499,5,9,3,37,20,25,50,46,25,216,0,7,12,84,70,22,14,4,0,214,0,16,11,129,38,15,10,0,0,219,0,0,0,4,11,12,8,6,4,39,0,12,8,78,55,61,44,16,3,277
302,0,0,8,27,9,16,9,4,0,76,0,32,89,561,208,197,125,40,26,1283,0,0,0,13,7,12,12,9,8,66,0,4,4,11,0,7,3,5,3,39,12,187,238,788,524,532,447,368,171,3278,0,6,45,253,138,154,104,39,8,740,0,10,11,55,24,15,12,13,6,139,4,8,13,113,57,39,74,41,23,378,0,3,0,5,4,6,17,17,14,59,0,24,44,151,55,61,66,14,6,427,22,219,324,2295,386,231,152,68,27,3716,0,9,30,127,53,24,21,16,4,282,0,19,22,219,44,14,16,3,3,344,0,17,23,45,20,13,4,3,0,126,0,26,27,142,32,37,29,36,17,345,0,7,7,69,32,64,155,188,116,639,6,10,18,205,134,25,10,3,0,418,0,11,30,270,66,24,17,0,0,421,4,0,3,7,12,3,3,0,0,36,4,16,29,173,71,81,56,28,10,463
303,0,5,5,64,18,30,28,15,6,174,46,400,1084,6192,1475,1472,932,313,133,12050,0,0,3,53,37,73,67,51,15,300,0,25,20,78,20,21,33,14,14,230,14,228,406,922,605,617,534,427,190,3963,0,10,44,387,229,223,160,56,12,1121,4,14,28,110,32,27,8,10,7,240,6,13,27,183,87,49,129,90,35,617,0,9,13,32,19,46,105,152,77,456,21,120,217,907,234,407,268,50,15,2242,42,382,739,4279,600,349,257,89,35,6772,5,16,64,350,150,90,68,60,4,803,3,42,55,366,71,36,17,10,0,602,0,17,50,129,56,20,12,4,0,294,0,47,24,197,81,48,37,35,15,480,4,8,19,83,28,42,107,138,101,535,3,56,72,515,236,54,33,16,4,992,24,158,288,1703,561,201,72,33,3,3048,0,3,9,33,37,25,32,10,6,156,5,74,218,921,337,319,253,97,20,2240
304,0,14,12,47,15,11,7,9,0,118,9,189,301,1203,353,210,160,48,27,2512,0,0,0,10,10,14,4,8,3,49,0,19,13,33,0,4,7,5,0,87,26,305,456,769,764,762,556,409,185,4230,0,4,19,81,64,58,40,21,4,288,4,16,22,79,50,23,15,12,0,226,7,17,27,140,87,68,88,75,25,535,0,0,5,5,3,4,9,5,4,28,4,57,100,145,68,91,70,17,4,557,15,164,132,899,280,126,95,50,25,1796,9,31,35,155,71,41,38,8,3,399,0,43,41,324,106,47,41,16,5,617,0,0,4,21,16,4,12,0,0,57,4,26,22,111,53,33,36,24,22,322,0,13,4,40,28,24,47,25,23,209,4,40,47,218,146,61,27,15,7,567,6,54,77,269,158,42,24,5,3,641,0,0,0,12,8,13,12,3,0,48,0,35,133,275,156,118,121,47,10,895
305,8,9,17,147,27,16,8,4,0,229,17,128,1231,1791,416,212,142,53,29,4021,0,0,0,30,12,10,15,6,8,75,0,4,7,39,3,4,12,4,0,77,49,340,624,1664,878,810,457,277,87,5192,0,0,24,107,62,53,30,14,0,307,7,28,45,291,46,42,17,11,6,488,6,9,58,295,78,67,65,55,14,653,0,0,3,20,5,17,73,96,76,281,10,66,256,346,87,80,51,3,4,903,43,181,260,1493,170,86,62,31,6,2333,0,17,102,240,68,27,21,9,0,493,0,12,35,401,51,31,17,4,6,545,0,0,10,30,17,7,5,0,0,66,0,19,35,366,111,62,41,30,18,684,0,7,30,252,52,56,110,144,125,781,18,41,124,492,165,59,22,3,4,934,3,55,167,899,158,38,13,0,0,1331,0,6,0,22,7,12,0,0,3,49,5,17,196,451,104,111,63,17,0,967
306,0,0,4,97,4,3,0,3,0,118,0,21,35,286,130,100,36,18,6,636,0,0,0,4,4,15,17,19,18,72,3,0,11,6,5,8,6,5,3,47,11,108,144,872,761,1059,873,588,157,4573,0,10,25,72,53,31,21,10,3,225,0,11,19,128,32,32,29,14,4,268,0,15,38,224,116,156,181,147,48,924,0,0,0,0,9,3,6,15,15,50,0,10,4,79,18,35,18,6,0,179,10,76,108,798,119,84,55,23,6,1272,3,18,19,136,79,30,43,10,13,348,0,0,0,14,3,7,4,0,0,33,0,0,5,0,0,0,0,0,0,8,0,15,16,89,47,24,37,20,12,255,0,6,17,126,24,63,160,185,137,728,0,39,47,568,478,135,30,21,5,1318,6,13,24,307,63,7,8,0,0,431,0,0,0,8,0,8,0,6,0,18,0,15,7,66,44,50,44,11,3,240
307,0,0,0,12,5,4,3,6,0,29,0,0,0,37,26,9,4,0,0,75,0,0,0,0,0,0,3,3,4,20,0,0,0,0,0,0,5,0,0,8,3,8,24,119,132,272,279,234,48,1123,0,0,6,21,17,15,9,0,0,69,0,0,5,15,0,7,3,5,0,32,0,0,0,36,20,29,33,24,10,147,0,0,0,0,0,0,0,3,0,6,0,0,0,10,0,6,0,0,0,16,3,3,17,96,5,8,7,3,0,151,0,5,4,18,9,3,0,3,0,48,0,0,0,0,0,0,0,0,0,4,0,0,0,0,0,0,0,0,0,0,0,3,4,23,10,8,9,14,5,59,0,0,0,13,3,11,21,37,19,102,0,0,0,12,5,0,0,0,0,24,0,0,0,54,3,4,0,0,0,62,0,0,0,0,0,0,0,0,0,6,0,5,0,17,6,5,6,0,0,44
308,0,0,0,7,0,0,0,0,0,14,6,28,21,242,58,36,15,6,0,410,0,3,0,0,3,10,4,3,0,28,0,10,3,14,0,0,0,0,0,28,3,63,65,308,339,501,378,282,90,2030,0,5,13,55,35,23,14,0,0,146,0,0,0,19,8,9,3,10,0,56,0,4,10,69,22,47,51,38,14,254,0,0,0,5,0,0,0,0,6,12,0,3,4,17,6,12,0,0,0,32,11,42,58,389,56,24,15,5,0,591,7,3,6,47,28,8,8,0,5,109,0,0,0,16,10,5,0,3,0,29,0,0,0,0,6,0,0,0,0,3,0,8,4,49,20,9,8,9,5,109,0,3,5,16,3,5,6,3,0,46,0,8,0,34,12,6,3,0,0,67,0,0,3,26,16,8,0,0,0,52,0,0,0,0,0,0,0,0,0,3,6,9,9,54,16,24,14,3,0,127
309,3,0,15,201,54,48,33,28,7,391,29,260,458,2423,873,697,317,123,50,5219,0,4,5,54,53,105,126,102,39,478,0,15,13,52,28,42,79,56,23,307,52,609,1114,2936,2609,2984,2759,2059,844,15971,0,3,39,205,123,127,69,44,18,626,7,29,27,232,74,78,70,55,24,586,5,11,62,376,169,209,366,339,142,1679,0,4,3,34,13,34,61,82,28,262,5,76,116,310,133,159,101,16,6,922,19,157,338,1927,254,169,144,83,37,3128,3,28,77,308,184,99,84,28,11,824,0,29,35,251,46,71,50,17,9,499,0,6,11,66,16,21,13,0,6,141,0,37,48,242,113,113,110,89,31,780,0,15,33,159,59,102,221,135,72,792,18,107,205,1214,890,385,172,68,25,3076,7,106,197,905,406,222,64,33,7,1951,0,3,6,33,27,33,24,19,5,150,0,30,91,311,196,231,141,50,19,1076
310,0,3,4,36,41,41,34,11,0,172,6,41,65,429,186,123,64,18,7,944,0,0,0,9,14,23,21,14,8,87,8,8,35,12,4,0,3,4,0,72,13,143,269,713,808,1278,928,770,244,5177,4,24,63,345,187,121,84,27,13,863,0,0,7,40,21,24,17,19,0,130,3,9,14,106,86,74,158,83,27,563,0,3,0,8,0,3,6,7,0,26,0,6,30,91,23,35,22,3,3,225,24,234,247,2262,308,161,104,45,8,3394,0,23,23,129,79,35,18,23,3,323,0,17,29,131,37,17,15,4,0,246,0,17,31,67,26,7,7,0,0,150,0,17,18,57,41,39,37,24,10,242,0,3,5,17,17,15,28,39,19,147,3,11,14,116,60,20,5,4,9,235,3,16,30,218,71,19,5,5,0,373,0,3,0,12,5,11,4,0,0,43,0,15,28,210,100,85,56,20,0,519
311,0,0,0,17,7,18,20,4,3,77,7,49,78,608,227,204,90,52,32,1344,0,0,0,38,37,65,49,39,13,247,0,7,8,26,14,11,19,9,5,92,10,88,224,769,901,1454,1306,956,348,6058,3,29,71,475,263,194,115,52,13,1220,0,0,5,30,11,21,15,11,0,90,0,6,17,93,66,101,200,95,52,627,0,0,4,7,5,9,24,18,3,73,3,14,25,149,40,84,37,5,7,364,28,154,209,1729,158,127,92,40,16,2560,0,13,27,158,76,44,46,11,15,400,0,52,98,131,19,12,9,0,0,323,0,48,70,179,48,26,16,3,3,410,0,15,10,82,42,41,47,36,16,295,0,3,5,21,9,35,45,20,18,153,0,5,12,114,75,26,12,7,5,261,3,37,74,391,155,56,29,9,0,760,3,7,11,38,25,37,6,4,0,128,4,103,46,164,87,95,65,22,4,594
312,0,0,0,57,3,0,0,0,0,63,4,0,16,158,52,32,15,6,0,281,0,0,0,0,4,3,0,6,0,18,0,0,0,10,0,0,0,0,0,14,0,47,94,374,329,419,301,199,49,1812,0,6,11,50,22,23,10,8,0,119,0,0,12,40,14,15,6,6,0,93,0,6,8,99,25,49,51,34,10,280,0,0,0,0,0,4,5,0,0,14,0,0,0,16,0,8,3,0,0,31,10,32,34,270,34,8,11,9,4,405,4,12,14,72,25,7,6,0,5,135,0,0,0,19,0,0,0,0,0,26,0,0,0,0,0,0,0,0,0,0,0,11,5,70,16,10,16,4,0,133,3,3,4,28,3,7,21,16,16,107,0,4,6,33,13,10,3,0,0,66,0,0,4,63,5,0,0,0,0,74,0,0,0,0,4,0,0,0,0,9,0,0,4,43,16,18,14,0,0,99
313,0,0,0,14,13,11,8,6,0,49,4,16,21,167,98,64,35,17,11,432,0,0,0,10,9,10,15,12,8,58,0,0,0,7,3,0,11,13,3,36,17,137,336,751,954,1389,1520,1197,371,6668,0,7,20,113,80,66,64,22,0,371,0,5,11,37,19,24,18,18,4,137,0,5,7,77,69,85,194,119,26,582,0,0,3,7,9,3,12,10,0,40,0,3,8,40,17,24,13,5,0,110,0,19,16,220,37,39,41,22,10,404,0,0,6,61,30,14,18,13,4,162,0,3,0,13,5,7,4,5,0,43,0,0,3,11,0,0,0,0,0,26,0,18,19,63,49,32,58,36,20,292,0,6,0,19,14,18,48,48,30,177,0,9,15,106,42,22,12,3,0,199,0,9,14,155,22,13,4,0,0,216,0,0,0,4,0,4,4,4,0,16,0,4,14,54,51,42,54,12,4,240
314,0,0,0,24,10,10,5,3,0,50,0,15,24,271,82,83,32,3,3,521,0,0,0,9,9,8,4,0,0,32,0,8,13,18,3,4,3,0,0,49,15,214,437,879,976,923,626,464,154,4681,0,12,21,243,105,89,68,20,7,563,0,6,7,41,20,27,11,6,4,115,0,11,17,97,72,59,98,29,17,398,0,0,0,3,0,6,3,3,3,27,4,4,14,47,29,12,9,5,3,129,15,127,114,1400,168,107,62,26,15,2036,0,6,14,57,45,9,16,12,0,171,0,5,11,87,16,9,4,0,0,133,0,20,15,38,15,9,10,8,0,122,0,21,18,96,56,30,27,20,8,275,0,3,6,36,13,35,40,23,20,173,0,5,3,60,65,19,9,4,4,181,3,30,16,194,31,9,3,0,0,297,0,0,0,0,7,11,0,0,5,25,0,8,9,91,57,51,39,14,4,271
315,0,0,0,7,0,0,0,0,0,6,0,0,3,45,5,9,3,0,0,64,0,0,0,0,0,0,0,3,0,5,0,0,0,0,0,0,0,0,0,3,0,6,24,133,62,127,70,37,19,483,0,3,8,40,21,17,9,0,0,96,0,0,0,15,3,0,3,0,0,28,0,0,5,34,9,16,15,13,4,96,0,0,0,0,0,0,0,0,0,0,0,0,0,8,0,0,0,0,0,7,3,9,5,90,4,10,0,4,0,127,0,0,0,29,3,5,0,0,0,46,0,0,0,0,0,0,0,0,0,0,0,0,0,0,0,0,0,0,0,0,0,0,0,24,5,3,4,5,0,37,0,0,0,10,4,4,13,29,11,67,0,3,6,18,5,0,0,0,0,27,0,0,0,6,0,0,0,0,0,10,0,0,0,0,0,0,0,0,0,0,0,0,3,9,3,6,0,0,0,25
316,0,0,0,44,22,8,10,9,0,99,4,21,36,246,82,74,37,16,5,525,0,0,0,14,14,25,31,20,7,114,0,0,4,8,8,3,12,17,8,66,43,482,749,1950,2042,2424,2316,1713,689,12406,0,3,14,55,46,48,39,18,8,232,0,13,21,171,46,46,46,24,17,390,3,14,26,274,162,242,336,247,91,1389,0,0,3,4,9,12,8,13,9,61,3,36,18,49,18,30,17,7,5,183,10,68,110,715,79,66,41,42,21,1156,4,12,17,104,55,23,46,15,11,288,0,6,7,43,9,4,6,6,0,80,0,0,0,0,0,0,0,0,0,11,0,26,25,138,103,73,82,60,23,524,0,16,11,100,36,54,64,41,46,377,6,12,40,171,101,44,18,0,3,399,0,20,21,289,32,12,4,0,0,378,0,0,0,0,8,4,0,0,0,19,0,6,12,87,80,86,58,14,4,351
317,0,3,0,0,4,0,0,7,0,19,7,23,43,221,67,43,19,4,11,433,0,0,0,4,0,3,5,9,0,22,0,4,8,12,4,0,3,0,0,31,0,38,59,234,192,324,345,264,108,1557,0,4,11,45,17,17,6,0,3,99,0,0,5,22,8,4,4,0,5,42,0,4,9,35,20,27,53,36,21,208,0,0,0,3,0,3,4,0,3,15,0,0,22,33,7,6,3,0,0,84,12,61,159,675,52,41,11,12,6,1034,0,4,10,28,23,3,13,0,0,87,0,0,17,28,3,11,4,9,0,78,43,335,274,315,72,40,25,13,0,1128,0,7,6,22,20,12,14,14,6,99,0,0,6,9,5,4,10,7,9,52,0,0,10,61,22,4,0,0,4,107,0,11,15,133,15,0,0,0,0,174,0,0,0,0,5,0,3,0,0,10,0,10,12,82,32,34,13,5,5,195
318,0,0,0,8,3,0,3,0,0,15,0,7,19,140,49,39,15,7,7,277,0,0,0,5,0,10,3,7,0,19,0,3,8,12,4,3,0,0,4,36,11,72,173,440,387,562,474,339,111,2568,0,6,15,54,32,29,19,4,4,169,0,0,10,39,16,18,13,15,3,113,0,13,18,106,51,65,82,51,23,403,0,0,0,8,3,12,18,16,12,69,0,0,11,38,8,5,10,3,0,80,6,52,112,462,143,51,32,12,3,873,4,11,14,44,32,22,9,9,0,144,0,0,0,21,9,7,4,3,0,38,0,4,3,11,4,3,4,0,0,22,3,25,6,75,16,27,25,13,11,205,0,0,6,35,20,41,119,121,119,469,0,4,8,69,25,13,5,0,0,134,3,15,12,122,31,3,4,0,0,192,0,0,0,0,3,4,0,4,0,4,0,6,23,79,39,53,12,14,9,241
319,0,0,0,13,3,3,3,0,0,23,0,4,19,108,61,66,21,4,6,293,0,0,0,7,6,6,19,10,5,48,3,8,0,16,6,7,8,4,3,52,8,57,130,407,607,1353,1621,1224,326,5740,0,4,10,56,24,48,20,9,0,182,0,0,6,34,14,22,30,18,9,126,0,4,12,73,62,139,231,197,71,783,0,0,0,0,0,0,7,0,0,16,0,0,3,27,8,18,7,0,0,69,13,35,19,280,44,19,18,20,4,450,0,0,5,60,37,22,34,21,6,181,0,0,0,9,8,6,0,0,0,21,0,3,0,5,0,0,4,0,0,7,0,0,7,31,20,23,45,35,8,180,0,4,0,25,12,25,42,47,36,192,0,0,10,56,24,12,9,0,0,120,0,6,14,130,9,0,0,0,0,164,0,0,0,3,5,3,0,0,0,13,0,0,27,103,45,67,33,8,0,282
397,0,0,0,0,0,0,0,0,0,0,0,0,0,0,0,0,0,0,0,0,0,0,0,0,0,0,0,0,0,0,0,0,0,0,0,0,0,0,0,0,0,0,0,0,0,0,0,0,0,0,0,0,0,0,0,0,0,0,0,0,0,0,0,0,0,0,0,0,0,0,0,0,0,0,0,0,0,0,0,0,0,0,0,0,0,0,0,0,0,0,0,0,0,0,0,0,0,0,0,0,0,0,0,0,0,0,0,0,0,0,0,0,0,0,0,0,0,0,0,0,0,0,0,0,0,0,0,0,0,0,0,0,0,0,0,0,0,0,0,0,0,0,0,0,0,0,0,0,0,0,0,0,0,0,0,0,0,0,0,3,0,0,0,0,0,0,0,0,0,0,0,0,0,0,0,0,0,0,0,0,0,0,0,0,0,0,0,0,0,0,0,0,0,0,0,0,0,0,0,0
399,0,0,0,26,0,0,0,0,0,28,0,0,7,33,4,5,0,0,0,53,0,0,0,0,0,0,0,0,0,0,0,0,0,0,0,0,0,0,0,0,0,4,23,89,35,86,78,14,0,333,0,0,0,0,4,5,0,0,0,7,0,0,11,28,0,6,4,0,0,43,0,0,6,26,6,0,6,0,0,52,0,0,0,0,0,0,0,0,0,3,0,0,0,6,0,0,3,0,0,9,0,0,0,16,0,0,3,0,0,21,0,0,0,13,0,0,4,0,0,24,0,0,0,0,0,0,0,0,0,0,0,0,0,3,0,0,0,0,0,0,0,0,3,19,0,0,5,3,0,26,0,0,0,12,0,3,0,0,0,21,0,0,4,6,0,0,0,0,0,14,0,0,0,11,0,0,0,0,0,14,0,0,0,0,0,0,0,0,0,0,0,0,4,17,0,0,0,0,0,23
401,0,4,8,36,16,15,6,6,0,83,38,336,1186,3522,760,499,328,82,33,6786,0,0,0,23,18,39,55,33,24,192,0,18,12,50,22,11,11,23,7,160,20,218,390,813,953,1730,1492,1054,497,7182,0,3,0,30,18,17,11,11,5,101,3,22,16,102,37,34,23,18,12,263,0,9,16,147,84,125,285,195,133,993,0,3,15,16,28,106,246,356,203,970,16,71,221,350,85,112,109,15,3,976,45,374,503,2468,346,150,137,69,32,4140,3,17,52,155,37,23,33,7,5,337,6,46,56,376,109,60,45,22,8,717,0,3,16,34,10,11,5,0,0,82,0,13,7,55,49,44,48,41,29,288,0,17,25,122,85,288,947,1059,737,3285,0,30,38,169,116,30,24,17,9,426,3,51,138,479,183,56,6,0,6,924,0,5,11,47,25,40,38,25,13,203,7,102,400,758,277,209,227,103,23,2104
402,0,7,0,43,32,42,24,17,4,168,5,61,227,1397,402,333,216,71,18,2725,0,0,4,50,50,91,97,90,30,403,3,26,18,57,8,14,28,28,3,188,15,116,300,851,1513,3919,3035,2573,1272,13586,0,11,18,96,60,61,23,8,3,284,0,0,0,19,14,32,19,12,10,101,0,0,20,64,64,155,390,285,175,1154,0,0,9,28,20,88,175,205,77,598,0,10,70,212,48,47,31,4,0,429,73,581,957,5749,630,304,228,74,32,8621,0,25,33,187,74,25,25,7,0,381,4,101,217,462,80,42,21,14,0,948,0,21,50,179,83,37,11,3,0,389,0,23,13,43,39,62,72,66,39,362,0,8,24,58,54,219,534,449,331,1680,3,6,7,98,38,24,5,0,0,189,0,30,54,250,100,19,7,0,0,467,5,12,16,105,49,62,48,14,8,321,12,165,123,458,146,112,103,22,6,1134
403,0,6,0,30,11,15,11,10,0,84,13,102,276,1438,375,299,190,41,21,2746,0,0,5,18,16,44,58,44,30,213,0,9,12,61,19,23,40,22,15,196,26,414,1017,1826,2366,3326,2825,2129,992,14913,0,0,10,54,21,31,31,9,3,154,6,12,4,80,47,41,22,18,12,236,0,12,22,182,131,169,336,291,174,1327,0,3,14,28,14,66,167,223,86,596,7,17,48,169,35,47,48,6,6,378,23,188,321,1494,308,131,97,72,32,2659,0,17,30,159,53,38,28,11,5,347,3,19,44,246,86,89,52,18,13,568,0,17,8,45,16,20,10,5,0,126,0,23,28,105,81,71,81,57,41,491,3,5,10,63,43,85,215,165,127,714,3,11,25,131,100,20,12,8,0,311,0,14,64,205,78,21,3,0,0,391,5,4,13,54,43,52,45,29,10,254,6,30,73,292,135,119,107,50,8,814
404,0,0,5,29,10,19,13,6,0,82,3,46,161,910,258,234,126,83,40,1868,0,0,0,76,47,97,119,105,58,502,9,30,15,71,11,12,32,25,14,212,7,121,225,614,592,1113,896,555,290,4414,0,0,8,21,20,15,8,5,3,83,0,10,4,59,13,20,10,7,10,123,4,5,22,109,52,69,203,165,97,716,0,4,24,58,50,165,490,662,404,1855,0,11,42,141,20,16,15,3,3,249,60,328,596,2662,311,167,98,57,21,4303,0,8,14,110,40,19,10,3,0,207,0,12,34,142,33,26,15,9,0,268,0,6,12,62,18,21,6,5,0,129,0,12,17,69,31,44,27,29,28,250,5,14,26,77,66,266,622,793,540,2408,5,3,13,86,38,13,8,0,8,170,0,3,27,160,39,9,3,0,0,245,0,4,3,16,21,23,20,19,8,113,10,13,64,356,67,59,58,23,7,648
405,0,0,0,0,0,0,5,0,0,8,0,0,4,34,3,15,4,0,0,62,0,0,0,0,5,0,0,4,0,12,0,3,0,3,0,0,0,3,0,8,0,12,50,145,293,871,745,451,141,2711,0,0,0,5,0,7,0,0,0,17,0,0,0,8,3,8,4,5,0,34,0,0,4,25,15,37,91,72,32,265,0,0,3,0,0,3,8,10,0,31,0,0,0,7,3,3,0,0,0,18,0,9,18,59,7,10,4,10,0,111,0,0,5,13,9,5,5,0,6,41,0,0,0,5,0,0,0,0,0,3,0,0,0,0,0,0,0,0,0,0,0,0,0,5,11,8,16,14,0,55,0,0,0,4,3,11,20,30,19,94,0,0,3,3,3,0,0,0,0,18,0,0,0,10,0,0,0,0,0,10,0,0,0,0,0,0,0,0,0,0,0,0,7,16,9,3,3,0,0,40
406,0,0,0,3,0,0,0,0,0,10,0,4,3,44,7,4,0,0,0,66,0,0,0,0,3,7,16,19,5,56,0,0,0,4,0,0,0,0,0,10,0,11,17,74,141,460,314,253,95,1368,0,0,0,9,3,5,0,0,0,22,0,0,3,10,3,0,5,3,0,22,0,0,0,24,11,30,52,40,12,172,0,0,0,0,0,7,8,18,6,42,0,0,0,3,0,0,0,0,0,6,4,12,20,164,18,8,11,0,5,243,0,0,0,25,11,0,0,0,0,41,0,0,0,6,0,0,0,0,0,6,0,0,0,0,0,0,0,0,0,0,0,0,0,6,0,9,7,3,6,38,0,0,0,0,0,8,13,19,11,57,0,0,0,3,3,3,5,0,0,14,0,0,0,17,4,4,0,0,0,22,0,0,0,0,0,0,0,0,0,4,0,0,3,15,8,6,8,0,0,37
407,0,3,0,5,0,0,0,0,0,4,5,18,20,165,62,45,18,3,0,321,0,0,0,0,0,5,18,12,8,45,0,3,0,4,0,0,0,0,0,18,3,51,75,260,440,1168,1327,994,375,4694,0,0,0,12,4,12,4,0,4,37,0,0,0,16,10,9,8,11,0,50,0,0,4,44,32,85,154,116,59,498,0,0,0,8,5,20,39,79,39,188,0,3,0,27,11,3,0,0,0,46,7,23,49,258,49,49,33,11,7,495,0,4,8,48,14,9,6,0,0,89,0,0,0,4,0,4,0,0,0,15,4,0,4,3,0,0,0,0,0,22,0,4,5,34,12,17,23,22,5,113,0,5,0,17,7,42,74,83,55,278,0,0,3,20,9,8,5,0,0,54,0,0,3,35,0,0,4,0,0,44,0,0,0,0,4,0,0,0,4,13,0,13,18,116,30,19,18,7,0,223
497,0,0,0,0,0,0,0,0,0,0,0,0,0,0,0,0,0,0,0,0,0,0,0,0,0,0,0,0,0,0,0,0,0,0,0,0,0,0,0,0,0,0,0,0,0,0,0,0,0,0,0,0,0,0,0,0,0,0,0,0,0,0,0,0,0,0,0,0,0,0,0,0,0,0,0,0,0,0,0,0,0,0,0,0,0,0,0,0,0,0,0,0,0,0,0,0,0,0,0,0,0,0,0,0,0,0,0,0,0,0,0,0,0,0,0,0,0,0,0,0,0,0,0,0,0,0,0,0,0,0,0,0,0,0,0,0,0,0,0,0,0,0,0,0,0,0,0,0,0,0,0,0,0,0,0,0,0,0,0,0,0,0,0,0,0,0,0,0,0,0,0,0,0,0,0,0,0,0,0,0,0,0,0,0,0,0,0,0,0,0,0,0,0,0,0,0,0,0,0,0
499,0,0,0,0,0,0,0,0,0,0,0,0,0,0,0,6,0,0,0,7,0,0,0,0,0,0,0,0,0,0,0,0,0,0,0,0,0,0,0,0,3,0,8,11,6,18,11,6,0,64,0,0,0,0,0,0,0,0,0,4,0,0,3,7,0,0,0,0,0,9,0,0,0,3,0,0,4,0,0,5,0,0,0,0,0,0,0,0,0,0,0,0,0,8,0,0,3,0,0,11,0,0,4,4,0,0,0,0,0,10,0,0,0,0,0,0,0,0,0,0,0,0,0,0,0,0,0,0,0,0,0,0,0,0,0,0,0,0,0,0,0,0,0,0,0,0,0,0,0,5,0,0,0,0,0,0,3,0,0,9,0,0,0,0,0,0,0,0,0,0,0,0,0,0,0,0,0,0,0,0,0,0,0,0,0,0,0,0,0,0,0,0,0,3,0,0,0,0,0,3
501,0,0,0,12,4,3,0,0,0,30,0,8,11,110,52,29,10,8,0,228,0,0,0,0,0,5,3,3,4,19,0,0,0,7,0,0,10,0,0,19,4,112,180,841,959,1568,1411,952,318,6356,0,0,0,9,10,3,0,4,0,31,0,0,0,75,28,18,13,10,6,149,3,7,16,161,69,61,113,70,26,527,0,0,0,6,0,6,6,13,5,25,0,3,3,30,6,10,8,0,0,61,3,24,14,236,26,36,32,31,9,411,3,11,7,115,43,13,13,10,5,209,0,0,0,17,0,0,0,0,0,22,0,3,3,10,3,3,0,0,0,24,0,21,31,110,52,54,53,32,5,358,0,3,4,69,18,33,106,97,66,391,0,4,6,72,28,8,3,0,0,117,0,5,3,95,7,0,0,0,0,115,0,0,0,7,0,7,3,4,0,22,3,5,7,79,32,43,32,13,0,208
502,0,0,0,8,5,0,4,0,0,17,0,4,3,49,56,31,7,0,0,153,0,0,0,0,0,3,12,6,0,29,0,0,0,5,0,3,3,0,0,11,6,117,364,779,870,1276,1254,1098,309,6074,0,0,6,6,4,3,6,0,0,26,0,0,0,21,5,0,8,0,0,38,0,4,9,34,21,46,71,48,16,242,0,0,0,0,0,4,6,3,0,16,0,0,0,10,3,4,11,4,0,36,0,30,25,163,27,41,26,24,0,332,6,12,10,93,55,22,19,0,0,221,0,8,0,13,6,4,3,0,0,34,0,0,0,0,0,0,0,0,0,4,0,19,15,73,34,26,41,17,5,235,0,0,0,11,11,10,32,31,4,101,0,0,3,15,23,0,9,3,0,52,0,0,4,28,4,5,0,0,0,45,0,0,0,0,0,0,0,0,0,0,0,3,14,40,29,28,33,11,5,150
503,0,13,14,80,15,8,0,4,0,139,8,94,428,1078,295,215,124,57,25,2327,0,0,0,40,16,27,32,15,14,140,0,6,3,24,4,6,21,13,6,81,31,235,446,1302,897,1121,775,498,256,5558,0,0,3,14,3,8,0,3,6,35,4,24,38,192,44,23,20,6,6,351,0,18,34,180,79,76,77,56,15,533,0,6,4,18,11,15,25,43,63,182,7,47,103,190,65,49,64,10,10,545,43,112,128,910,145,110,96,74,32,1649,10,32,108,337,118,52,57,25,4,745,5,11,22,216,43,37,26,13,7,382,0,0,5,14,4,4,0,4,0,22,8,29,39,468,84,104,80,59,62,921,0,18,37,169,42,49,148,214,206,878,21,60,51,326,130,53,29,7,4,683,0,32,28,334,56,12,9,0,0,477,0,0,0,12,9,8,3,3,0,34,9,47,163,679,283,231,251,99,39,1809
504,0,0,6,29,13,15,8,4,0,76,6,27,97,581,264,233,107,18,22,1358,0,3,6,47,35,73,86,52,26,339,0,3,18,22,9,11,12,14,0,95,12,144,364,1477,1418,2110,1519,1026,395,8467,0,0,6,22,16,19,6,6,0,74,0,0,7,104,30,24,18,11,5,200,0,6,19,173,84,80,143,95,25,634,0,3,14,8,8,17,42,34,26,153,3,14,12,176,48,57,26,5,0,347,23,229,252,2398,387,404,358,197,74,4319,6,28,35,304,110,67,34,11,8,595,0,19,42,167,34,30,13,10,4,310,4,33,32,202,58,39,14,6,0,377,4,34,22,381,93,84,86,56,14,782,4,9,14,106,55,133,352,290,206,1161,6,11,8,154,95,20,12,6,0,311,3,8,15,178,33,10,0,4,0,251,0,0,0,21,15,9,5,5,0,57,3,39,81,423,211,254,239,82,25,1354
505,4,3,12,84,42,46,31,18,3,241,4,96,157,1341,489,436,251,69,43,2891,0,4,12,90,68,118,161,113,70,630,3,45,62,128,45,81,73,46,23,493,77,1156,2692,6577,5628,5694,4205,2755,1067,29856,0,9,8,33,17,34,14,9,0,112,0,16,26,233,72,57,29,22,6,460,0,28,62,423,231,189,305,173,58,1467,3,0,13,31,22,64,117,161,101,519,3,31,46,288,109,106,93,24,7,720,39,235,448,2975,554,517,444,307,107,5617,12,55,91,549,252,123,85,30,5,1208,0,49,80,508,152,121,65,22,6,1011,3,36,80,297,136,60,33,10,0,660,13,170,235,1656,392,363,307,162,60,3363,5,33,56,365,149,281,737,659,434,2703,9,40,51,341,242,92,41,19,4,840,3,10,25,320,75,32,16,5,0,487,0,7,11,32,15,34,20,7,3,135,11,132,168,991,420,468,456,162,48,2859
506,0,9,13,65,43,55,37,22,5,245,19,254,511,3043,1132,775,392,94,46,6260,0,0,5,37,24,43,52,31,21,213,4,50,37,98,23,12,23,24,12,285,29,335,680,2265,2362,3922,3123,2397,903,16014,0,4,10,76,35,29,15,9,0,181,4,11,17,151,34,42,15,21,4,294,0,19,39,206,129,131,208,154,49,937,0,0,0,12,9,13,26,21,12,100,9,36,134,541,97,130,85,22,10,1067,101,825,1133,7248,1262,820,631,371,162,12552,21,150,329,1565,646,311,255,70,26,3378,0,36,77,398,76,64,34,12,14,711,3,32,62,221,102,42,24,5,0,499,4,75,60,505,140,182,153,124,37,1281,0,20,17,153,49,141,387,342,230,1338,15,18,48,314,182,73,34,14,6,697,13,93,98,833,228,104,47,13,6,1437,3,15,12,70,44,42,33,7,0,221,32,315,893,2835,1184,1128,952,347,81,7752
507,0,5,5,81,56,46,33,16,5,242,6,103,164,1173,463,358,172,65,38,2551,0,8,10,118,71,178,253,136,98,851,0,7,13,29,3,14,35,32,18,151,23,644,1268,3586,3313,4199,2937,2187,826,18987,0,7,11,49,28,29,6,3,3,136,6,17,18,248,76,51,25,19,12,468,0,30,45,384,157,143,206,128,46,1145,0,0,3,8,11,3,16,16,14,75,13,33,58,222,84,104,86,17,9,636,36,188,240,1822,383,356,272,155,64,3522,10,63,124,825,354,229,209,77,20,1904,0,26,36,285,83,49,52,11,6,556,0,11,9,52,15,10,9,4,0,108,10,82,77,501,177,170,131,102,30,1277,4,27,30,238,92,201,488,417,326,1823,6,17,39,220,156,63,26,9,3,543,7,31,30,379,123,53,23,6,0,655,0,5,0,20,12,31,12,5,0,92,10,102,243,1049,554,464,552,206,50,3234
509,0,0,0,3,0,4,0,0,0,5,0,0,12,47,25,20,7,0,0,113,0,0,0,3,0,7,3,3,0,16,0,0,0,3,0,0,4,0,0,11,5,35,97,474,646,1207,1037,748,260,4495,0,0,0,3,5,0,0,0,0,8,0,3,3,33,4,5,11,3,0,66,0,0,9,100,44,58,133,58,14,424,0,0,0,0,0,0,0,3,0,6,0,0,0,14,4,8,0,0,0,26,0,15,13,106,15,21,26,23,8,222,3,4,11,58,28,11,23,0,0,142,0,0,5,6,0,0,0,5,0,13,0,0,0,0,0,0,0,0,0,8,0,4,5,71,14,26,25,21,9,175,0,5,0,25,3,17,46,38,23,156,0,0,3,22,7,11,5,0,0,44,0,0,3,17,7,0,0,0,0,28,0,0,0,0,0,0,0,0,0,3,0,0,9,31,8,30,8,7,0,103
510,0,0,0,16,4,3,0,0,0,25,0,0,19,136,16,10,5,0,0,182,0,0,0,10,0,0,3,0,0,15,0,4,0,0,0,0,0,0,0,3,4,25,43,366,175,247,63,26,0,945,0,4,5,17,11,0,6,0,0,42,0,0,14,77,4,5,0,0,0,108,0,0,10,67,13,18,9,5,0,130,0,0,0,3,3,0,0,0,0,8,0,4,0,20,0,0,0,0,0,33,5,30,9,208,35,18,8,0,0,312,0,22,13,98,34,10,3,0,0,183,0,0,0,9,0,3,0,0,0,14,0,0,0,0,0,0,0,0,0,3,0,7,4,106,10,6,4,0,0,151,0,0,0,34,9,9,0,0,0,54,0,0,0,25,13,0,0,0,0,44,0,0,0,26,3,0,0,0,0,26,0,0,0,3,0,0,0,0,0,3,0,4,9,54,23,10,4,5,0,100
511,0,0,0,24,9,5,3,0,0,47,0,3,0,82,26,14,6,0,0,133,0,0,0,0,3,13,10,7,3,41,4,0,0,9,0,0,3,0,0,16,0,38,68,332,297,505,384,256,93,1980,0,0,11,40,15,10,0,0,0,85,0,3,4,31,0,10,4,0,0,62,0,0,13,83,41,36,51,29,7,253,0,0,0,5,0,5,0,0,0,10,3,0,3,10,3,3,3,0,0,23,6,33,15,195,24,15,13,18,0,316,0,8,10,84,33,10,8,0,0,162,0,0,0,18,3,0,0,0,0,24,0,0,0,5,0,0,0,0,0,6,0,3,7,77,15,12,20,8,4,141,0,3,0,20,3,10,29,22,24,118,0,0,0,17,10,0,0,0,0,37,0,0,0,27,4,0,0,0,0,38,0,0,0,0,0,0,0,0,0,3,0,0,10,56,21,17,12,3,6,117
597,0,0,0,0,0,0,0,0,0,0,0,0,0,0,0,0,0,0,0,0,0,0,0,0,0,0,0,0,0,0,0,0,0,0,0,0,0,0,0,0,0,0,0,0,0,0,0,0,0,3,0,0,0,0,0,0,0,0,0,0,0,0,0,0,0,0,0,0,0,0,0,0,0,0,0,0,0,0,0,0,0,0,0,0,0,0,0,0,0,0,0,0,0,0,0,0,0,0,0,0,0,0,0,0,0,0,0,0,0,0,0,0,0,0,0,0,0,0,0,0,0,0,0,0,0,0,0,0,0,0,0,0,0,0,0,0,0,0,0,0,0,0,0,0,0,0,0,0,0,0,0,0,0,0,0,0,0,0,0,0,0,0,0,0,0,0,0,0,0,0,0,0,0,0,0,0,0,0,0,0,0,0,0,0,0,0,0,0,0,0,0,0,0,0,0,0,0,0,0,0
599,0,0,4,0,0,0,0,0,0,6,0,0,0,5,0,0,0,0,0,8,0,0,0,0,0,0,0,0,0,0,0,0,0,0,0,0,0,0,0,0,0,3,11,44,18,45,31,4,0,155,0,0,0,0,0,0,0,0,0,0,0,0,4,13,0,0,0,0,0,15,0,0,4,7,3,3,4,0,0,18,0,0,0,0,0,0,0,0,0,0,0,0,0,5,0,0,0,0,0,5,0,0,0,9,0,0,0,0,0,10,0,0,0,6,0,0,0,0,0,9,0,0,0,0,0,0,0,0,0,0,0,0,0,0,0,0,0,0,0,0,0,0,0,7,0,4,3,0,0,20,0,0,0,12,0,0,0,0,0,20,0,0,0,0,0,0,0,0,0,0,0,0,0,0,0,0,0,0,0,3,0,0,0,0,0,0,0,0,0,0,0,0,0,5,0,0,0,0,0,5
601,0,0,0,32,18,15,11,5,5,85,14,97,273,2404,112,114,69,30,9,3109,0,0,3,7,8,12,29,21,9,81,9,3,8,7,3,7,3,3,3,49,13,96,110,412,521,892,932,761,316,4061,0,3,3,25,15,19,20,13,0,94,0,6,4,55,15,17,11,3,3,122,0,7,15,96,52,74,116,119,60,550,0,0,4,13,13,23,41,77,31,193,5,18,40,182,34,17,20,0,5,322,24,94,174,1228,73,48,32,25,16,1712,0,12,35,104,27,15,17,5,0,220,0,18,22,65,14,9,0,4,0,129,0,9,10,10,3,7,3,0,0,41,0,3,12,29,30,39,39,31,10,201,0,0,0,35,14,26,45,64,36,223,0,6,23,100,50,23,14,3,3,225,0,14,18,180,33,25,12,5,0,285,0,0,7,5,9,8,3,0,0,27,3,15,80,235,63,58,51,10,3,518
602,0,5,0,15,9,7,6,4,0,39,0,12,55,331,38,32,19,3,0,495,0,0,0,0,0,3,0,5,0,8,0,6,3,7,0,4,3,0,0,21,0,30,47,169,246,591,754,571,203,2611,0,0,0,5,11,3,0,0,0,23,0,0,0,10,3,8,4,0,0,38,0,0,7,33,17,47,59,64,23,245,0,0,0,5,0,3,7,8,3,25,0,3,10,45,8,9,5,0,0,85,5,34,53,386,26,27,11,8,5,562,0,0,5,30,5,4,9,0,0,65,0,54,37,28,7,5,6,0,0,126,0,0,0,0,0,0,0,0,0,3,0,6,5,20,6,15,16,15,9,96,0,0,0,5,4,9,32,31,27,107,0,0,4,28,12,12,7,0,0,63,0,4,9,47,13,6,3,0,0,85,0,3,0,0,3,3,0,0,0,9,3,22,36,90,18,28,19,6,0,225
603,0,0,5,3,0,0,0,0,0,13,3,0,3,47,6,5,4,0,0,73,0,0,0,0,0,0,3,0,0,3,0,0,0,0,0,0,0,0,0,0,0,10,13,87,135,262,288,138,35,981,0,0,0,3,0,0,0,0,0,4,0,6,0,18,4,10,6,0,3,42,0,0,4,24,21,28,31,16,0,119,0,0,0,0,0,0,0,0,0,6,0,0,0,11,0,5,0,0,0,9,0,0,0,24,5,5,6,5,5,45,0,5,0,9,3,0,3,0,0,32,0,0,0,0,0,0,0,0,0,0,0,0,0,0,0,0,0,0,0,0,0,0,0,7,8,10,8,0,3,31,0,0,0,0,0,3,7,4,0,12,0,4,0,13,7,0,3,0,0,27,0,0,0,15,0,0,0,0,0,22,0,0,0,0,0,0,0,0,0,3,0,0,0,8,8,5,0,0,0,22
604,0,0,0,3,0,6,0,0,0,11,0,6,9,127,26,17,9,0,0,191,0,0,0,0,0,0,0,8,0,11,0,3,0,10,4,0,3,0,0,16,0,10,23,117,155,452,531,412,141,1844,0,0,4,11,10,12,0,0,0,35,0,0,0,11,8,3,6,0,4,25,0,0,5,18,17,37,43,31,9,165,0,0,0,0,0,0,4,0,0,11,0,5,0,19,0,5,3,0,0,34,0,12,13,141,17,17,9,7,5,218,0,0,0,22,14,7,0,3,0,55,0,0,0,4,6,0,0,0,0,11,0,4,0,9,0,0,0,0,0,12,0,0,0,7,9,8,16,15,0,53,0,0,0,11,3,4,11,4,4,36,0,5,0,15,10,0,0,0,0,35,0,0,3,24,0,3,0,0,0,30,0,3,0,3,0,0,0,0,0,6,0,0,6,35,13,16,12,6,0,75
697,0,0,0,0,0,0,0,0,0,0,0,0,0,0,0,0,0,0,0,0,0,0,0,0,0,0,0,0,0,0,0,0,0,0,0,0,0,0,0,0,0,0,0,0,0,0,0,0,0,0,0,0,0,0,0,0,0,0,0,0,0,0,0,0,0,0,0,0,0,0,0,0,0,0,0,0,0,0,0,0,0,0,0,0,0,0,0,0,0,0,0,0,0,0,0,0,0,0,0,0,0,0,0,0,0,0,0,0,0,0,0,0,0,0,0,0,0,0,0,0,0,0,0,0,0,0,0,0,0,0,0,0,0,0,0,0,0,0,0,0,0,0,0,0,0,0,0,0,0,0,0,0,0,0,0,0,0,0,0,0,0,0,0,0,0,0,0,0,0,0,0,0,0,0,0,0,0,0,0,0,0,0,0,0,0,0,0,0,0,0,0,0,0,0,0,0,0,0,0,0
699,0,0,0,3,0,0,0,0,0,3,0,0,0,0,0,0,0,0,0,0,0,0,0,0,0,0,0,0,0,0,0,0,0,0,0,0,0,0,0,0,0,0,0,5,4,9,4,0,0,22,0,0,0,0,0,0,0,0,0,0,0,0,0,0,0,0,0,0,0,0,0,0,0,0,0,0,0,0,0,0,0,0,0,0,0,0,0,0,0,0,0,0,0,4,0,0,0,0,0,4,0,0,0,0,0,0,0,0,0,0,0,0,0,0,0,0,0,0,0,0,0,0,0,0,0,0,0,0,0,0,0,0,0,0,0,0,0,0,0,0,0,0,0,0,0,0,0,0,0,0,0,0,0,0,0,0,0,0,0,0,0,0,0,0,0,0,0,0,0,0,0,0,0,0,0,0,0,0,0,0,0,0,0,0,0,0,0,0,0,0,0,0,0,0,0,0,0,0,0,0
701,0,0,3,21,3,0,4,0,0,33,0,25,90,483,115,67,36,15,5,850,0,0,0,0,0,0,4,3,0,10,0,0,3,4,5,0,4,0,0,22,10,55,95,516,327,403,244,151,52,1858,0,9,10,69,28,20,8,3,0,154,0,6,7,75,11,12,10,11,0,129,3,4,15,127,42,40,48,36,13,337,0,30,39,125,49,78,113,66,12,506,0,6,3,70,16,25,24,0,0,150,17,148,149,1112,156,97,66,17,5,1764,6,37,61,395,189,98,61,15,4,865,0,0,5,23,5,0,0,0,0,27,0,0,0,0,5,0,0,0,0,3,0,21,17,214,19,13,14,8,0,313,0,0,3,50,13,13,28,28,7,148,0,6,8,55,32,10,3,3,0,115,0,3,6,125,20,3,0,0,0,160,0,0,0,9,0,0,0,0,0,13,0,16,19,121,54,65,59,29,7,363
702,0,0,0,13,0,0,0,0,0,16,0,0,7,143,23,9,0,0,0,191,0,0,0,0,0,0,0,0,0,0,0,0,0,4,0,5,0,0,0,5,0,21,14,155,100,155,79,40,6,571,0,4,10,33,28,16,9,8,0,100,0,0,4,41,5,3,6,0,0,55,0,0,3,53,26,28,15,6,3,127,0,0,0,8,0,0,0,0,0,13,0,0,0,25,3,4,0,0,0,39,10,33,27,388,37,38,21,4,0,556,0,0,3,59,11,4,5,0,0,89,0,0,0,9,0,0,0,0,0,4,0,0,0,0,0,0,0,0,0,7,0,0,0,39,7,12,5,5,0,67,0,6,4,16,6,8,4,6,3,53,0,0,0,18,8,0,0,0,0,35,0,0,0,30,6,0,0,0,0,39,0,0,0,0,4,0,0,0,0,4,0,0,0,23,6,13,7,0,0,50
797,0,0,0,0,0,0,0,0,0,0,0,0,0,0,0,0,0,0,0,0,0,0,0,0,0,0,0,0,0,0,0,0,0,0,0,0,0,0,0,0,0,0,0,0,0,0,0,0,0,0,0,0,0,0,0,0,0,0,0,0,0,0,0,0,0,0,0,0,0,0,0,0,0,0,0,0,0,0,0,0,0,0,0,0,0,0,0,0,0,0,0,0,0,0,0,0,0,0,0,0,0,0,0,0,0,0,0,0,0,0,0,0,0,0,0,0,0,0,0,0,0,0,0,0,0,0,0,0,0,0,0,0,0,0,0,0,0,0,0,0,0,0,0,0,0,0,0,0,0,0,0,0,0,0,0,0,0,0,0,0,0,0,0,0,0,0,0,0,0,0,0,0,0,0,0,0,0,0,0,0,0,0,0,0,0,0,0,0,0,0,0,0,0,0,0,0,0,0,0,0
799,0,0,0,6,0,0,0,0,0,5,0,0,0,0,0,0,0,0,0,9,0,0,0,0,0,0,0,0,0,0,0,0,0,0,0,0,0,0,0,0,0,3,6,18,7,14,9,0,0,61,0,0,0,3,0,0,0,0,0,3,0,0,0,13,0,0,0,0,0,14,0,0,3,3,0,5,0,0,0,11,0,0,0,0,0,0,0,0,0,0,0,0,0,0,0,0,0,0,0,0,0,0,0,7,0,0,0,0,0,5,0,0,0,0,0,0,0,0,0,0,0,0,0,0,0,0,0,0,0,0,0,0,0,0,0,0,0,0,0,0,0,0,0,0,0,0,0,0,0,3,0,0,5,11,0,0,0,0,0,10,0,0,0,0,0,0,0,0,0,0,0,0,0,0,0,0,0,0,0,0,0,0,0,0,0,0,0,0,0,0,0,0,0,7,0,0,0,0,0,7
801,4,12,10,122,79,86,88,48,9,445,21,136,877,3712,753,693,410,146,55,6802,0,4,10,55,49,117,246,165,69,715,0,32,23,86,20,25,25,16,8,243,27,268,521,1004,868,1301,1215,885,379,6476,0,17,50,215,100,92,54,37,3,568,3,32,45,156,70,45,28,11,6,388,3,22,51,220,126,139,294,243,102,1195,0,3,11,31,27,66,138,191,72,543,4,46,113,394,120,168,107,16,7,964,48,506,739,5162,712,452,302,123,41,8076,8,50,77,371,137,84,76,21,14,833,0,15,46,305,60,50,39,12,3,534,0,27,30,147,50,44,22,12,3,333,0,33,27,114,61,65,64,49,18,435,0,13,25,117,65,145,236,237,123,953,8,30,53,244,144,63,44,12,6,613,16,57,136,837,197,93,41,18,5,1392,0,8,8,60,43,43,37,7,4,219,3,59,149,577,255,234,188,72,26,1568
897,0,0,0,0,0,0,0,0,0,0,0,0,0,0,0,0,0,0,0,0,0,0,0,0,0,0,0,0,0,0,0,0,0,0,0,0,0,0,0,0,0,0,0,0,0,0,0,0,0,0,0,0,0,0,0,0,0,0,0,0,0,0,0,0,0,0,0,0,0,0,0,0,0,0,0,0,0,0,0,0,0,0,0,0,0,0,0,0,0,0,0,0,0,0,0,0,0,0,0,0,0,0,0,0,0,0,0,0,0,0,0,0,0,0,0,0,0,0,0,0,0,0,0,0,0,0,0,0,0,0,0,0,0,0,0,0,0,0,0,0,0,0,0,0,0,0,0,0,0,0,0,0,0,0,0,0,0,0,0,0,0,0,0,0,0,0,0,0,0,0,0,0,0,0,0,0,0,0,0,0,0,0,0,0,0,0,0,0,0,0,0,0,0,0,0,0,0,0,0,0
899,0,0,0,0,0,0,0,0,0,0,0,0,3,3,0,0,0,0,0,3,0,0,0,0,0,0,0,0,0,0,0,0,0,0,0,0,0,0,0,0,0,0,0,0,0,0,0,0,0,3,0,0,0,0,0,0,0,0,0,0,0,0,0,0,0,0,0,0,0,0,0,0,0,0,0,0,0,0,0,0,0,0,0,0,0,0,0,0,0,0,0,0,0,0,0,0,0,0,0,0,0,0,0,4,0,0,0,0,0,4,0,0,0,0,0,0,0,0,0,0,0,0,0,0,0,0,0,0,0,0,0,0,0,0,0,0,0,0,0,0,0,0,0,0,0,0,0,0,0,0,0,0,0,0,0,0,0,0,0,0,0,0,0,0,0,0,0,0,0,0,0,0,0,0,0,0,0,0,0,0,0,0,0,0,0,0,0,0,0,0,0,0,0,0,0,0,0,0,0,0
901,0,0,0,0,0,0,0,0,0,0,0,0,0,4,0,0,0,0,0,7,0,0,0,0,0,0,0,0,0,0,0,0,0,0,0,0,0,0,0,0,0,0,0,11,7,12,10,7,0,52,0,0,4,3,7,4,0,0,0,17,0,0,0,0,0,0,0,0,0,0,0,0,0,4,0,0,0,0,0,9,0,0,0,0,0,0,0,0,0,0,0,0,0,3,0,0,0,0,0,3,0,0,0,3,0,0,0,0,0,3,0,0,0,10,0,0,0,0,0,11,0,0,0,0,0,0,0,0,0,0,0,0,0,0,0,0,0,0,0,0,0,0,0,0,0,0,0,0,0,0,0,0,0,0,0,0,0,0,0,4,0,0,0,0,0,0,0,0,0,0,0,0,0,0,0,0,0,0,0,0,0,0,0,0,0,0,0,0,0,0,0,5,3,36,36,37,24,9,0,160
997,0,0,0,0,0,0,0,0,0,0,0,0,0,0,0,0,0,0,0,0,0,0,0,0,0,0,0,0,0,0,0,0,0,0,0,0,0,0,0,0,0,0,0,0,0,0,0,0,0,0,0,0,0,0,0,0,0,0,0,0,0,0,0,0,0,0,0,0,0,0,0,0,0,0,0,0,0,0,0,0,0,0,0,0,0,0,0,0,0,0,0,0,0,0,0,0,0,0,0,0,0,0,0,0,0,0,0,0,0,0,0,0,0,0,0,0,0,0,0,0,0,0,0,0,0,0,0,0,0,0,0,0,0,0,0,0,0,0,0,0,0,0,0,0,0,0,0,0,0,0,0,0,0,0,0,0,0,0,0,0,0,0,0,0,0,0,0,0,0,0,0,0,0,0,0,0,0,0,0,0,0,0,0,0,0,0,0,0,0,0,0,0,0,0,0,0,0,0,0,0
999,0,0,0,0,0,0,0,0,0,0,0,0,0,0,0,0,0,0,0,0,0,0,0,0,0,0,0,0,0,0,0,0,0,0,0,0,0,0,0,0,0,0,0,0,0,0,0,0,0,0,0,0,0,0,0,0,0,0,0,0,0,0,0,0,0,0,0,0,0,0,0,0,0,0,0,0,0,0,0,0,0,0,0,0,0,0,0,0,0,0,0,0,0,0,0,0,0,0,0,0,0,0,0,0,0,0,0,0,0,0,0,0,0,0,0,0,0,0,0,0,0,0,0,0,0,0,0,0,0,0,0,0,0,0,0,0,0,0,0,0,0,0,0,0,0,0,0,0,0,0,0,0,0,0,0,0,0,0,0,0,0,0,0,0,0,0,0,0,0,0,0,0,0,0,0,0,0,0,0,0,0,0,0,0,0,0,0,0,0,0,0,0,0,0,0,0,0,0,0,0
