SA4_CODE_2021,P_Germany_0_4,P_Germany_5_14,P_Germany_15_24,P_Germany_25_44,P_Germany_45_54,P_Germany_55_64,P_Germany_65_74,P_Germany_75_84,P_Germany_85ov,P_Germany_Tot,P_Greece_0_4,P_Greece_5_14,P_Greece_15_24,P_Greece_25_44,P_Greece_45_54,P_Greece_55_64,P_Greece_65_74,P_Greece_75_84,P_Greece_85ov,P_Greece_Tot,P_Hong_Kong_SAR_Ch_0_4,P_Hong_Kong_SAR_Ch_5_14,P_Hong_Kong_SAR_Ch_15_24,P_Hong_Kong_SAR_Ch_25_44,P_Hong_Kong_SAR_Ch_45_54,P_Hong_Kong_SAR_Ch_55_64,P_Hong_Kong_SAR_Ch_65_74,P_Hong_Kong_SAR_Ch_75_84,P_Hong_Kong_SAR_Ch_85ov,P_Hong_Kong_SAR_Ch_Tot,P_India_0_4,P_India_5_14,P_India_15_24,P_India_25_44,P_India_45_54,P_India_55_64,P_India_65_74,P_India_75_84,P_India_85ov,P_India_Tot,P_Indonesia_0_4,P_Indonesia_5_14,P_Indonesia_15_24,P_Indonesia_25_44,P_Indonesia_45_54,P_Indonesia_55_64,P_Indonesia_65_74,P_Indonesia_75_84,P_Indonesia_85ov,P_Indonesia_Tot,P_Iran_0_4,P_Iran_5_14,P_Iran_15_24,P_Iran_25_44,P_Iran_45_54,P_Iran_55_64,P_Iran_65_74,P_Iran_75_84,P_Iran_85ov,P_Iran_Tot,P_Iraq_0_4,P_Iraq_5_14,P_Iraq_15_24,P_Iraq_25_44,P_Iraq_45_54,P_Iraq_55_64,P_Iraq_65_74,P_Iraq_75_84,P_Iraq_85ov,P_Iraq_Tot,P_Ireland_0_4,P_Ireland_5_14,P_Ireland_15_24,P_Ireland_25_44,P_Ireland_45_54,P_Ireland_55_64,P_Ireland_65_74,P_Ireland_75_84,P_Ireland_85ov,P_Ireland_Tot,P_Italy_0_4,P_Italy_5_14,P_Italy_15_24,P_Italy_25_44,P_Italy_45_54,P_Italy_55_64,P_Italy_65_74,P_Italy_75_84,P_Italy_85ov,P_Italy_Tot,P_Japan_0_4,P_Japan_5_14,P_Japan_15_24,P_Japan_25_44,P_Japan_45_54,P_Japan_55_64,P_Japan_65_74,P_Japan_75_84,P_Japan_85ov,P_Japan_Tot,P_Korea_South_0_4,P_Korea_South_5_14,P_Korea_South_15_24,P_Korea_South_25_44,P_Korea_South_45_54,P_Korea_South_55_64,P_Korea_South_65_74,P_Korea_South_75_84,P_Korea_South_85ov,P_Korea_South_Tot,P_Lebanon_0_4,P_Lebanon_5_14,P_Lebanon_15_24,P_Lebanon_25_44,P_Lebanon_45_54,P_Lebanon_55_64,P_Lebanon_65_74,P_Lebanon_75_84,P_Lebanon_85ov,P_Lebanon_Tot,P_Malaysia_0_4,P_Malaysia_5_14,P_Malaysia_15_24,P_Malaysia_25_44,P_Malaysia_45_54,P_Malaysia_55_64,P_Malaysia_65_74,P_Malaysia_75_84,P_Malaysia_85ov,P_Malaysia_Tot,P_Malta_0_4,P_Malta_5_14,P_Malta_15_24,P_Malta_25_44,P_Malta_45_54,P_Malta_55_64,P_Malta_65_74,P_Malta_75_84,P_Malta_85ov,P_Malta_Tot,P_Mauritius_0_4,P_Mauritius_5_14,P_Mauritius_15_24,P_Mauritius_25_44,P_Mauritius_45_54,P_Mauritius_55_64,P_Mauritius_65_74,P_Mauritius_75_84,P_Mauritius_85ov,P_Mauritius_Tot,P_Myanmar_0_4,P_Myanmar_5_14,P_Myanmar_15_24,P_Myanmar_25_44,P_Myanmar_45_54,P_Myanmar_55_64,P_Myanmar_65_74,P_Myanmar_75_84,P_Myanmar_85ov,P_Myanmar_Tot,P_Nepal_0_4,P_Nepal_5_14,P_Nepal_15_24,P_Nepal_25_44,P_Nepal_45_54,P_Nepal_55_64,P_Nepal_65_74,P_Nepal_75_84,P_Nepal_85ov,P_Nepal_Tot,P_Netherlands_0_4,P_Netherlands_5_14,P_Netherlands_15_24,P_Netherlands_25_44,P_Netherlands_45_54,P_Netherlands_55_64,P_Netherlands_65_74,P_Netherlands_75_84,P_Netherlands_85ov,P_Netherlands_Tot,P_New_Zealand_0_4,P_New_Zealand_5_14,P_New_Zealand_15_24,P_New_Zealand_25_44,P_New_Zealand_45_54,P_New_Zealand_55_64,P_New_Zealand_65_74,P_New_Zealand_75_84,P_New_Zealand_85ov,P_New_Zealand_Tot,P_North_Macedonia_0_4,P_North_Macedonia_5_14,P_North_Macedonia_15_24,P_North_Macedonia_25_44,P_North_Macedonia_45_54,P_North_Macedonia_55_64,P_North_Macedonia_65_74,P_North_Macedonia_75_84,P_North_Macedonia_85ov,P_North_Macedonia_Tot
101,0,3,14,117,119,188,392,295,105,1230,0,0,3,11,11,56,66,87,41,273,0,10,6,38,25,25,26,6,0,141,22,124,132,1432,136,104,67,30,14,2057,0,13,19,95,33,30,34,4,7,234,0,7,4,51,17,12,4,4,0,106,0,7,3,21,11,7,0,0,0,54,0,23,23,108,50,72,79,48,17,420,0,9,6,58,38,124,213,191,107,746,0,14,9,41,25,13,18,0,0,114,0,7,8,113,29,17,0,6,0,183,0,4,6,52,48,59,32,16,0,214,0,11,8,99,69,82,35,18,6,331,0,0,0,3,5,39,88,65,16,209,0,0,4,12,4,10,17,3,0,45,0,0,0,18,9,9,3,4,0,49,0,15,75,696,10,6,5,0,0,815,0,3,13,51,63,87,283,189,57,753,15,54,148,628,576,638,573,208,40,2873,0,5,13,118,96,150,144,59,21,605
102,0,16,34,164,117,161,325,301,98,1219,0,0,5,10,19,41,106,111,46,341,7,17,23,93,45,84,81,18,5,364,22,134,167,1411,241,150,120,94,29,2362,4,27,45,200,105,57,58,27,11,536,0,6,4,89,36,43,22,15,0,218,0,0,4,16,16,12,4,0,0,53,3,70,38,236,200,186,225,168,47,1176,0,6,14,76,58,153,281,234,121,940,3,34,29,104,88,49,31,10,0,353,3,47,60,307,187,100,69,33,3,810,0,0,11,33,51,68,49,25,11,238,0,6,35,148,86,105,91,29,12,520,0,0,4,15,25,80,294,214,42,666,0,0,3,27,23,33,46,24,16,180,0,0,0,11,9,8,10,15,6,69,0,12,63,440,17,3,0,0,0,533,0,10,17,61,68,113,298,275,117,955,25,183,276,1342,1249,1218,990,442,130,5863,0,0,0,5,6,26,5,6,0,48
103,5,10,12,45,44,70,178,153,38,547,0,3,0,8,6,11,35,25,14,97,0,8,6,32,11,20,18,5,0,101,19,77,109,831,118,51,37,26,0,1267,0,7,4,64,21,13,19,5,6,135,0,6,4,44,11,12,3,0,0,81,0,7,7,23,10,8,6,0,4,60,0,13,16,61,48,34,51,32,15,262,0,8,0,26,18,51,82,54,37,283,0,4,3,28,24,15,7,0,7,89,4,11,9,103,14,5,5,0,0,144,0,0,0,21,23,20,25,8,0,103,0,0,14,67,59,38,19,4,6,208,0,0,0,0,7,12,49,18,0,90,0,0,0,9,0,3,3,0,0,20,0,0,3,9,4,0,4,0,4,22,6,6,63,456,18,8,7,0,0,558,0,0,9,28,17,56,153,142,30,434,6,43,102,450,374,429,321,135,29,1885,0,0,0,3,4,4,0,4,0,17
104,0,8,7,83,61,108,179,150,48,649,0,0,5,0,3,8,12,3,4,37,0,6,3,33,14,28,15,8,3,107,11,70,87,844,180,146,138,38,22,1535,3,6,9,45,22,15,7,6,3,125,0,0,7,15,8,7,0,0,0,35,19,143,65,129,12,9,13,0,0,389,0,9,10,59,37,26,43,27,9,210,0,5,8,33,22,28,47,34,18,192,0,17,9,71,28,5,8,3,0,150,0,0,6,56,4,5,7,0,0,76,0,0,0,3,13,8,0,0,0,27,19,69,32,164,67,40,27,10,4,425,0,0,0,0,4,9,34,11,3,68,0,0,3,0,0,0,6,0,0,16,0,28,86,246,59,22,13,0,0,455,0,0,14,97,0,0,0,0,0,112,0,3,11,38,25,53,159,122,47,459,11,44,66,374,343,450,409,189,46,1938,0,0,0,0,0,0,0,0,0,8
105,0,0,4,28,14,33,77,43,15,221,0,0,0,0,3,8,8,18,3,46,0,0,0,22,7,12,15,0,0,50,25,85,40,750,53,41,13,8,0,1019,0,3,3,29,4,6,3,0,0,57,0,0,0,25,0,0,0,0,0,32,0,0,0,3,4,0,0,0,0,9,0,5,6,50,15,5,7,11,0,106,0,0,0,10,0,9,26,14,21,87,0,3,0,14,3,5,0,0,0,30,0,0,0,48,6,4,0,0,0,64,0,0,0,15,10,7,11,8,0,47,0,3,4,36,18,13,0,0,4,86,0,0,0,0,0,0,20,14,3,36,0,0,0,3,3,0,0,0,0,11,0,4,0,16,0,0,0,0,0,20,0,15,51,680,11,5,4,0,0,771,0,0,0,14,11,17,57,39,8,145,0,18,43,197,127,162,130,53,14,746,0,0,0,0,0,0,5,3,0,9
106,3,3,11,71,43,113,375,212,52,898,0,0,5,3,8,22,40,23,8,110,0,8,12,55,28,37,29,6,0,179,13,94,82,880,123,69,57,49,8,1368,0,7,17,72,23,18,19,10,3,159,0,6,0,38,9,5,0,5,0,57,0,5,0,23,8,6,9,0,0,49,0,31,21,145,69,68,89,37,14,470,0,0,3,22,22,53,105,71,31,308,5,5,6,26,25,10,12,0,5,88,0,0,14,100,29,15,5,0,0,173,0,0,3,14,19,21,17,3,4,92,4,14,29,147,78,85,42,5,3,416,0,0,0,6,3,32,90,55,7,199,0,4,5,12,9,15,16,6,6,77,0,0,0,4,0,10,4,0,0,22,0,11,47,215,6,0,0,0,0,279,6,8,11,29,33,67,199,157,46,558,13,124,213,837,750,723,541,233,39,3479,0,0,0,0,7,17,14,3,0,45
107,5,13,25,158,134,228,552,366,175,1640,0,11,15,22,31,123,230,231,156,805,0,22,27,80,36,60,33,7,0,259,31,124,384,1568,220,122,109,66,23,2647,3,20,55,139,70,29,40,9,3,370,0,12,30,202,47,43,24,11,3,373,4,67,74,166,71,60,28,13,0,470,0,57,42,157,134,111,104,97,37,731,4,22,22,116,120,383,829,729,565,2782,3,15,30,93,44,25,21,13,0,238,3,17,35,184,71,44,17,8,4,380,5,16,19,192,147,176,132,70,13,770,3,21,55,143,77,82,47,23,8,460,0,0,3,10,23,96,256,164,66,635,0,0,0,11,9,21,10,7,0,57,0,12,18,146,37,18,24,11,6,277,0,4,58,284,13,3,4,0,0,377,5,10,16,73,49,84,349,298,118,1000,17,126,260,960,675,646,427,177,46,3336,0,10,23,297,516,902,1227,694,186,3858
108,0,8,10,74,65,143,309,248,81,942,0,0,0,3,5,9,22,28,8,79,0,3,6,39,17,25,14,3,7,112,8,63,33,479,80,36,46,43,13,802,3,13,8,63,28,21,21,10,10,173,0,0,0,23,17,10,6,0,0,60,0,0,0,20,3,9,4,0,0,44,0,16,3,67,49,53,84,78,15,372,0,3,0,16,19,37,108,66,33,287,0,7,10,32,35,12,9,0,0,103,0,3,9,66,14,8,9,0,0,108,0,0,0,11,9,20,14,8,0,64,0,5,4,63,34,58,44,3,5,216,0,0,0,4,10,27,84,51,14,198,0,0,0,9,0,8,7,0,0,32,0,0,0,14,7,0,4,5,5,29,0,4,38,256,3,0,0,0,0,300,0,9,5,34,33,77,263,227,79,728,10,55,62,396,450,665,662,329,92,2713,0,0,0,0,0,5,0,4,0,14
109,3,0,11,30,26,64,173,119,38,454,0,0,0,3,6,9,13,28,13,65,0,0,3,20,3,10,4,0,0,53,21,56,98,970,71,42,32,12,9,1312,0,0,8,37,20,3,5,0,0,76,0,0,0,12,0,12,0,0,0,23,0,0,0,10,3,0,0,0,0,21,0,5,3,37,15,23,15,20,5,121,0,8,0,22,3,23,88,59,41,249,0,8,0,20,4,0,0,0,0,35,0,4,3,54,4,0,0,0,0,66,0,0,0,7,9,0,4,0,0,25,3,10,19,104,40,15,4,4,0,190,0,0,0,0,0,5,21,18,0,43,0,0,0,12,5,5,3,0,0,25,0,0,0,9,3,0,0,0,0,14,0,50,121,190,13,5,0,0,0,381,0,0,0,19,24,36,153,115,28,382,11,46,50,290,190,252,202,89,9,1140,0,0,0,0,0,0,0,0,0,3
110,0,8,6,57,34,61,90,86,26,372,0,3,4,3,3,6,6,6,3,35,0,8,6,36,13,16,14,0,0,80,28,70,78,697,59,50,25,16,5,1027,0,9,19,77,14,18,10,4,3,161,0,0,0,49,17,0,0,0,0,78,23,172,173,141,48,24,10,0,0,592,0,5,3,43,26,27,29,15,6,158,0,0,0,11,0,11,22,27,23,105,5,14,3,36,9,10,10,0,3,92,3,0,10,84,9,9,0,0,0,118,0,0,0,6,6,11,9,3,3,37,0,9,27,87,34,29,14,3,5,197,0,0,0,0,3,3,22,8,5,42,0,0,0,0,0,0,3,0,0,12,0,5,11,48,6,7,4,0,0,79,0,14,59,499,10,3,0,0,0,588,0,6,4,14,17,25,103,77,14,263,5,55,84,331,280,279,294,106,26,1456,0,0,0,0,0,3,6,0,0,6
111,0,23,38,202,115,146,517,359,101,1506,0,7,0,19,15,50,131,154,92,470,4,21,103,148,36,73,54,6,6,457,17,173,283,1561,345,162,120,101,33,2786,7,22,53,219,89,37,27,17,7,478,3,24,20,226,36,14,7,4,0,343,3,27,21,62,20,5,6,3,0,143,0,55,46,230,138,96,91,63,22,741,0,9,16,95,49,113,256,244,215,994,9,27,24,118,45,17,16,8,6,276,8,29,78,364,102,44,15,11,3,654,0,6,5,25,16,18,21,11,4,108,4,16,113,301,129,136,108,48,9,860,0,0,3,5,0,28,78,45,10,182,0,0,5,23,7,31,21,11,7,113,0,3,17,49,8,7,5,3,0,94,0,13,126,545,19,7,4,0,0,712,0,11,15,63,60,74,242,206,76,754,28,195,297,1170,878,821,616,313,83,4406,0,0,6,52,77,192,292,175,85,877
112,0,25,39,294,155,286,365,219,73,1458,0,3,0,5,9,16,23,14,8,81,3,20,6,37,25,33,10,10,0,143,14,41,76,558,96,72,78,49,33,1015,7,22,12,84,41,27,43,8,4,243,0,0,0,30,19,12,7,0,4,73,0,0,0,3,0,8,8,0,0,16,0,20,9,141,81,71,66,52,24,467,0,9,25,257,49,60,130,104,91,716,12,30,44,271,113,54,32,10,0,563,0,0,10,82,22,13,7,4,0,135,0,0,0,9,7,12,3,4,0,39,0,11,7,82,62,70,56,15,4,304,0,0,0,3,3,13,59,38,15,125,0,0,3,13,4,16,17,4,0,51,0,0,0,9,4,4,3,0,0,19,0,9,16,149,3,0,0,0,0,168,4,17,14,117,75,100,238,172,61,795,14,149,212,1247,974,1120,991,409,113,5234,0,0,0,3,3,3,4,4,0,12
113,0,0,12,44,23,39,82,57,31,281,0,3,0,9,4,15,22,19,4,62,0,8,0,30,19,12,5,0,0,81,32,194,229,1978,429,282,109,25,4,3288,4,3,16,54,12,8,8,0,7,112,4,10,14,42,15,3,6,0,0,99,15,200,212,261,78,39,28,8,0,837,0,21,12,53,24,22,13,16,4,173,0,3,8,73,26,96,323,355,244,1125,0,3,3,22,11,3,0,0,0,48,0,5,14,77,11,3,6,0,0,107,0,6,0,12,12,7,7,0,0,39,18,75,53,318,90,67,8,0,0,636,0,0,0,4,4,3,15,3,0,33,0,0,0,8,0,0,0,0,0,20,0,8,19,158,37,11,5,0,0,238,4,8,28,189,11,8,3,0,0,249,0,0,4,28,15,28,72,55,22,218,18,121,158,481,217,242,184,59,17,1493,0,0,0,0,5,5,0,0,0,15
114,0,4,3,72,51,126,281,212,83,834,0,0,0,12,14,31,73,71,24,230,0,22,19,21,26,25,18,13,3,152,8,71,65,559,81,52,56,51,14,952,0,4,9,54,14,15,25,8,5,140,0,5,0,46,8,7,10,9,0,85,0,0,0,21,6,13,4,0,0,47,0,8,6,47,52,77,82,71,6,342,0,4,11,40,42,75,166,130,52,525,0,4,10,37,16,13,22,0,0,106,0,6,8,76,16,6,6,0,0,122,0,0,4,21,17,15,21,7,0,81,0,8,5,37,32,44,23,12,0,162,0,0,0,5,7,43,116,83,26,274,0,0,3,9,6,17,28,16,6,83,0,0,0,7,3,4,5,6,0,24,8,17,41,478,7,10,0,0,0,557,0,0,4,25,33,59,221,162,51,558,0,47,79,349,391,442,521,269,43,2135,0,0,0,8,9,24,33,7,0,80
115,0,16,43,106,121,108,217,206,52,877,0,8,4,19,20,54,116,94,49,359,21,168,166,836,380,876,693,104,27,3273,79,1153,870,7032,2615,1397,975,452,136,14697,3,27,83,549,289,180,193,94,27,1449,6,161,217,1576,640,425,269,90,26,3407,0,6,4,103,53,55,26,8,14,262,5,40,50,210,160,125,113,62,17,793,0,0,17,99,95,244,474,345,188,1454,3,46,38,95,75,40,29,16,3,337,13,241,354,1203,1056,510,269,118,26,3789,0,0,23,190,297,338,222,135,30,1233,7,135,223,677,462,503,575,250,46,2874,0,3,4,37,47,158,340,223,52,867,0,3,4,52,35,68,60,20,13,252,0,3,12,78,58,36,48,15,5,245,0,20,52,414,89,25,22,0,0,619,5,10,41,46,52,84,145,127,54,560,28,224,414,751,617,612,353,168,46,3213,0,0,5,19,12,12,17,3,5,71
116,4,13,37,110,70,98,227,184,92,834,0,16,15,45,36,99,196,202,71,675,5,47,78,337,174,299,182,27,9,1156,362,3449,4597,29807,5366,2586,1704,543,135,48549,5,45,102,760,407,253,233,70,23,1900,3,95,170,1050,321,298,152,56,10,2167,9,148,264,836,399,319,155,41,16,2179,0,43,38,185,69,91,89,72,11,618,0,9,16,113,78,217,343,299,143,1227,4,25,30,63,35,18,12,5,3,188,3,64,174,766,513,370,203,97,23,2203,7,40,59,512,400,469,409,130,33,2061,10,105,112,560,265,283,284,93,20,1723,0,5,5,51,77,318,848,558,191,2038,0,5,26,132,88,156,136,78,32,648,5,18,41,335,237,155,120,46,11,967,12,98,416,2798,279,122,57,9,0,3783,0,13,5,42,34,50,129,115,53,432,96,857,1519,3324,1281,826,426,109,22,8462,0,0,0,41,33,42,64,34,10,227
117,8,19,115,776,245,159,162,141,28,1638,0,10,39,147,117,264,580,1155,507,2829,34,71,640,1527,347,389,315,62,35,3406,35,117,688,3778,304,212,146,83,16,5382,20,67,2211,5233,768,414,367,122,21,9219,4,10,40,883,103,87,57,13,4,1195,0,23,27,217,108,92,54,11,8,544,9,14,152,3113,341,213,95,50,18,4014,3,16,121,1406,221,172,256,248,153,2599,17,33,176,1076,412,172,59,22,5,1973,5,38,271,1886,340,136,64,34,11,2779,0,16,16,198,149,219,240,162,83,1081,13,35,438,2034,443,353,311,111,20,3746,0,0,8,20,17,49,109,107,42,355,0,0,18,112,33,41,24,16,4,249,0,0,105,148,29,36,27,12,4,358,0,3,276,482,44,6,10,0,0,818,0,19,37,329,78,56,62,35,10,629,20,70,673,3482,1483,1303,715,206,55,8014,0,3,0,109,39,79,112,76,35,461
118,13,41,79,716,272,156,202,180,110,1766,3,7,16,82,54,153,381,682,439,1820,27,217,297,584,308,361,273,83,36,2182,12,79,288,1033,218,185,180,165,67,2222,6,46,301,894,377,338,279,125,38,2409,0,3,26,377,85,73,55,21,9,645,0,4,9,67,64,57,56,36,26,311,10,29,134,3622,505,246,137,93,44,4830,6,20,73,1106,174,161,295,327,213,2368,7,46,51,355,222,132,56,35,10,922,3,21,70,367,150,77,36,24,5,750,3,7,7,102,97,127,91,73,43,535,4,21,286,576,298,312,376,147,33,2057,0,0,3,8,8,31,115,112,46,325,0,0,4,67,18,41,28,19,5,186,0,0,29,38,7,16,9,7,13,118,0,8,70,155,7,6,0,0,0,252,7,35,22,285,75,50,62,64,36,631,38,94,350,2191,1094,969,642,283,76,5745,0,0,3,41,19,25,15,4,6,111
119,3,13,32,264,131,137,203,244,97,1128,22,144,247,620,599,1436,3028,4294,1892,12288,34,139,351,2228,958,1731,1342,258,80,7120,156,654,751,6031,1076,702,445,257,112,10194,37,143,561,3061,1352,847,703,244,56,7011,6,15,53,479,108,98,55,19,3,846,3,75,147,784,427,296,117,49,17,1913,7,54,27,534,203,154,134,112,48,1268,9,24,62,522,272,675,1159,1504,968,5195,8,33,64,409,276,151,62,22,5,1012,13,54,177,1080,667,680,453,291,121,3535,63,347,791,5462,5163,5941,4301,2060,576,24722,30,149,414,2262,767,620,618,201,51,5112,0,0,3,13,32,94,323,294,128,887,0,0,18,153,97,151,155,109,47,724,0,38,133,845,232,171,71,37,10,1539,26,163,5339,11121,475,150,51,11,0,17340,0,5,5,75,43,40,56,72,34,336,40,337,947,2407,1298,1160,580,181,43,6999,4,40,91,860,850,1508,1843,998,332,6528
120,4,30,25,307,158,118,187,135,44,1015,0,9,18,79,97,252,523,1014,507,2499,33,129,348,1361,508,647,616,134,37,3799,191,735,629,6577,911,556,395,217,86,10300,10,31,182,1011,250,144,157,76,22,1877,0,11,34,562,99,77,54,20,3,859,0,4,10,85,48,40,17,5,3,212,9,38,36,853,397,264,155,85,29,1858,6,51,74,745,406,940,1791,2049,1391,7457,9,42,60,393,202,115,37,23,5,875,22,137,474,3154,1107,859,478,293,137,6657,6,17,47,402,452,585,565,373,125,2569,4,36,259,1470,418,294,337,164,48,3029,0,0,0,13,28,43,117,111,49,357,0,0,10,97,32,57,40,11,7,267,0,5,34,114,69,85,38,32,12,382,6,50,4354,4579,131,38,16,3,0,9171,0,17,28,91,68,45,65,48,15,374,28,118,314,1470,1028,841,504,181,37,4517,0,0,6,51,38,45,33,23,11,213
121,20,70,68,512,344,235,295,307,121,1972,0,4,3,46,34,77,111,169,73,524,97,859,706,2853,1496,1636,1578,376,124,9732,126,1116,509,6922,1594,967,613,383,133,12363,8,45,156,1049,434,231,239,141,42,2345,10,187,161,2238,697,506,431,176,63,4474,0,0,6,68,30,40,26,9,10,180,3,61,62,598,409,311,182,116,48,1781,8,43,27,478,194,230,359,366,245,1945,74,332,259,1441,1019,548,261,114,32,4078,34,333,543,2696,1581,804,493,214,48,6739,0,9,15,126,133,195,174,127,41,828,18,126,256,1601,969,760,759,368,84,4950,0,0,0,13,11,25,40,29,11,134,4,0,8,93,42,47,31,19,6,249,0,0,22,78,56,43,42,25,22,291,0,27,725,1819,118,31,9,5,0,2736,14,55,59,187,171,120,161,170,82,1020,44,297,597,1892,1745,1544,987,529,180,7816,0,5,5,46,33,50,27,23,19,208
122,12,74,93,618,358,253,280,274,86,2045,0,0,9,24,21,41,93,86,45,319,24,123,105,228,157,189,176,53,25,1078,13,143,202,909,241,180,116,92,24,1925,5,14,48,198,108,76,87,27,10,574,0,9,13,265,123,136,118,56,32,759,0,0,3,11,11,25,14,7,6,77,6,77,61,476,404,253,138,103,36,1561,3,20,33,453,165,333,583,483,281,2360,6,47,63,269,230,173,75,27,12,908,4,21,33,301,133,106,68,28,4,708,0,9,5,41,69,86,39,33,8,282,4,12,35,118,142,135,138,73,15,683,0,0,0,9,10,23,31,26,3,106,0,4,0,21,10,23,19,10,0,85,0,0,0,8,8,12,5,0,0,39,4,7,326,646,24,4,0,0,0,1014,5,69,46,233,199,151,157,222,124,1200,23,127,285,1710,1325,1162,708,296,103,5737,0,0,3,19,23,17,21,12,0,93
123,4,8,23,112,66,114,261,172,52,813,0,5,21,33,53,110,136,110,13,483,0,15,30,142,55,96,59,10,6,424,51,537,633,3993,1223,661,372,150,42,7659,4,27,66,415,181,136,101,34,4,966,0,14,44,174,61,44,33,19,9,397,0,53,186,788,314,206,101,30,15,1692,4,34,27,176,109,119,101,83,22,677,4,4,14,77,94,225,295,229,108,1049,0,10,17,46,31,15,13,0,3,139,3,5,19,138,43,26,18,12,0,260,4,17,43,509,404,405,245,91,16,1738,0,21,32,181,89,121,121,47,13,627,0,0,0,32,26,92,248,136,36,574,0,6,19,97,83,150,121,63,18,554,0,0,7,61,23,24,14,7,6,152,13,112,380,2805,280,107,50,12,0,3759,4,4,0,26,25,68,173,69,36,404,43,462,867,2141,966,693,398,135,32,5744,0,5,7,80,79,73,77,22,4,341
124,0,17,17,146,136,190,437,322,82,1349,0,8,13,35,40,89,136,182,46,551,0,3,5,90,57,58,45,13,6,284,41,418,563,4440,883,516,422,196,68,7548,3,14,25,243,99,63,58,36,6,549,4,26,35,286,86,71,65,35,4,620,0,23,41,260,112,102,40,32,0,621,0,58,30,255,168,172,219,139,33,1076,0,6,3,94,71,226,322,248,101,1067,0,20,15,92,60,28,23,10,0,241,3,20,52,282,145,97,43,18,7,667,0,18,27,272,226,220,131,63,12,972,0,26,32,180,134,119,119,43,9,664,0,8,7,67,81,287,592,357,82,1466,0,0,4,63,39,75,79,27,14,306,4,6,0,66,24,28,27,12,8,171,0,31,142,702,60,40,26,3,0,1008,0,8,12,43,72,139,334,194,76,881,45,363,613,1950,1106,984,568,179,46,5845,0,0,3,29,25,58,51,29,6,201
125,5,16,36,180,109,71,164,178,50,813,3,5,4,58,47,129,291,477,189,1206,35,178,338,1851,637,1366,857,150,41,5447,1017,4267,3644,29498,3404,1689,1082,429,138,45165,8,75,202,1067,489,279,247,93,23,2483,14,278,527,2973,688,532,295,107,42,5448,14,205,425,1896,1016,725,199,91,33,4604,6,27,13,217,103,86,120,70,32,673,5,9,42,228,129,310,518,558,389,2196,9,26,63,265,123,69,22,19,11,603,55,358,931,5959,2616,1894,890,450,97,13255,76,262,510,4035,3400,3749,2723,1283,306,16348,28,141,333,1801,572,464,489,192,40,4057,0,0,0,24,18,113,522,583,215,1473,0,3,29,152,55,91,88,54,29,495,0,11,66,506,301,233,177,58,22,1380,24,82,5249,8247,358,109,52,15,0,14128,0,7,13,36,23,31,74,74,42,301,53,394,874,1947,891,746,402,136,31,5485,0,0,4,53,32,46,67,42,11,247
126,8,7,29,162,83,53,96,98,45,583,0,4,22,41,33,76,132,181,75,556,32,257,362,2044,819,1299,1104,174,54,6151,153,842,594,5306,890,680,404,186,66,9128,10,43,205,840,302,200,160,94,36,1892,11,61,78,1378,276,298,257,107,50,2518,4,7,7,69,46,41,29,23,5,229,0,20,23,180,119,119,55,64,20,606,0,16,27,239,102,227,478,476,323,1897,10,44,60,306,211,107,50,20,10,814,31,297,662,3395,1557,994,591,267,53,7851,5,9,15,157,173,258,243,162,61,1084,5,70,207,1073,454,399,463,194,38,2905,0,0,0,4,3,25,52,44,15,141,0,4,10,47,22,30,30,11,3,156,0,0,20,86,50,42,39,28,0,267,0,3,280,691,39,13,5,3,0,1029,0,6,20,38,48,33,42,59,30,277,17,133,225,632,424,427,266,124,25,2278,0,0,4,18,15,22,41,17,7,125
127,0,24,47,165,93,69,234,216,79,923,0,28,90,162,89,220,336,377,95,1399,5,16,40,411,110,161,144,18,12,907,50,525,725,4820,1476,898,475,153,48,9178,7,60,112,765,280,187,196,69,9,1682,3,71,183,897,301,406,245,135,53,2293,47,3189,4854,14228,6565,5414,3375,1503,462,39641,0,56,18,144,57,61,88,48,18,487,5,18,30,190,312,894,1624,1731,1015,5828,0,11,16,67,32,13,7,3,3,170,0,11,32,186,84,58,26,13,7,416,101,287,298,2101,1582,1524,916,343,76,7235,7,44,127,606,185,216,173,62,13,1434,0,0,0,37,40,236,649,521,141,1630,0,0,25,151,82,157,178,80,33,703,0,4,16,139,74,69,44,4,4,355,5,38,272,1974,173,72,27,7,0,2569,0,9,6,29,17,22,83,57,32,251,74,784,1362,2629,805,572,283,76,10,6588,0,20,32,416,351,507,574,232,49,2172
128,0,10,18,182,115,110,182,185,72,878,0,16,19,56,70,206,331,300,123,1133,7,44,51,212,117,209,179,37,8,861,3,37,70,450,201,149,102,84,39,1141,0,18,35,175,116,75,67,28,15,541,0,12,8,108,30,16,19,10,0,207,0,0,0,44,15,13,11,0,0,87,3,47,42,375,198,142,89,58,28,989,0,16,5,154,71,187,289,264,186,1175,0,15,24,113,94,42,17,4,3,321,4,4,15,122,58,41,24,11,6,283,6,6,8,97,152,187,152,68,21,704,0,11,32,124,104,129,142,52,13,610,0,0,0,10,15,38,111,112,32,327,0,0,4,21,25,54,41,15,13,171,0,0,0,32,9,15,12,0,5,73,0,6,46,192,31,0,0,0,0,280,3,5,11,58,42,60,101,103,71,453,12,87,216,968,741,605,346,168,43,3192,0,6,8,115,119,198,174,67,14,709
197,0,0,0,0,0,0,0,0,0,0,0,0,0,0,0,0,0,0,0,0,0,0,0,0,0,0,0,0,0,0,0,0,0,0,0,0,0,0,0,0,0,0,0,0,0,0,0,0,0,0,0,0,0,0,0,0,0,0,0,0,0,0,0,0,0,0,0,0,0,0,0,0,0,0,0,0,0,0,0,0,0,0,0,0,0,0,0,0,0,0,0,0,0,0,0,0,0,0,0,0,0,0,0,0,0,0,0,0,0,0,0,0,0,0,0,0,0,0,0,0,0,0,0,0,0,0,0,0,0,0,0,0,0,0,0,0,0,0,0,0,0,0,0,0,0,0,0,0,0,0,0,0,0,0,0,0,0,0,0,0,0,0,0,0,0,0,0,0,0,0,0,0,0,0,0,0,0,0,0,0,0,0,0,0,0,0,0,0,0,0,0,0,0,0,0,0,0,0,0,0
199,0,0,3,14,0,3,4,3,0,30,0,0,0,3,0,0,0,3,0,10,0,3,6,19,3,8,0,0,0,32,0,0,7,55,4,7,0,0,0,78,0,0,3,28,5,3,0,0,0,32,0,0,7,11,7,5,0,0,0,28,0,0,3,8,0,0,0,0,0,10,0,0,0,17,7,5,0,4,0,29,0,0,0,17,0,6,9,0,0,31,3,0,4,8,0,0,0,0,0,14,0,0,3,11,3,0,0,0,0,21,0,0,0,5,4,3,5,0,0,20,0,0,11,37,8,6,3,0,0,67,0,0,0,0,0,0,0,0,0,6,0,0,0,0,0,0,0,0,0,3,0,0,0,0,0,0,0,0,0,0,0,0,4,18,0,0,0,0,0,17,0,0,0,13,0,8,8,5,0,37,0,7,10,60,38,48,34,3,0,194,0,0,0,0,3,0,0,0,0,4
201,0,6,11,57,46,84,228,121,44,599,0,0,0,3,3,14,43,35,15,117,0,5,16,28,21,10,13,0,0,90,16,97,319,1241,154,66,44,29,5,1980,0,7,17,48,20,0,14,3,4,115,0,0,9,35,12,4,10,4,0,77,0,8,3,25,11,3,0,0,0,57,5,8,19,77,48,39,58,30,22,299,0,4,3,41,12,49,102,51,33,301,0,5,12,69,26,13,3,0,7,131,0,4,11,43,7,6,0,0,0,73,0,0,0,10,6,8,0,0,0,27,0,21,30,107,59,60,34,10,3,320,0,0,4,5,13,51,99,40,8,224,0,0,3,26,7,11,4,3,0,56,0,0,0,7,4,0,4,5,3,21,0,6,66,194,0,0,0,0,0,267,0,4,3,23,27,74,314,277,85,816,5,65,91,414,334,375,261,90,23,1658,0,0,0,6,9,14,15,9,0,47
202,0,3,12,45,47,72,161,110,26,475,0,0,0,10,8,23,31,21,15,110,3,8,10,22,16,6,12,0,0,82,8,106,134,891,107,54,46,25,4,1386,0,6,8,43,33,18,13,3,3,127,0,16,11,24,9,4,0,0,0,67,0,0,3,13,4,5,5,3,0,28,0,3,8,68,35,39,43,23,17,231,0,5,0,17,20,45,115,53,22,280,0,4,11,28,15,6,8,5,0,71,5,7,5,57,5,8,0,0,0,77,0,0,4,17,7,8,4,0,0,37,0,11,34,162,58,52,36,4,4,372,0,0,0,6,6,16,69,22,8,127,0,0,4,21,7,8,5,4,0,50,4,8,63,421,139,77,47,27,4,792,0,4,13,114,6,5,0,0,0,140,4,0,5,25,41,48,168,135,33,460,11,56,89,359,325,352,222,85,15,1511,0,0,0,9,0,11,11,0,0,24
203,4,23,19,209,120,137,547,337,187,1591,0,4,10,19,35,76,160,181,78,565,4,44,43,100,29,33,28,0,3,290,38,218,722,3664,240,129,120,54,18,5203,6,18,38,167,70,19,35,9,7,364,6,54,86,252,62,47,14,10,5,535,0,33,37,108,52,31,13,9,0,286,3,50,39,275,137,134,118,67,38,858,3,4,24,131,76,233,559,442,296,1766,0,20,18,91,54,16,10,3,3,216,0,22,25,129,24,11,7,0,0,215,4,4,10,29,25,44,19,8,0,139,0,47,77,307,117,103,66,23,10,752,0,0,0,10,18,97,227,127,26,511,0,6,35,67,26,29,4,11,0,180,4,13,69,277,94,53,36,10,3,552,0,9,47,293,8,0,0,0,0,363,0,24,17,75,76,137,614,450,169,1566,30,168,260,1191,669,579,433,175,37,3545,0,4,3,73,82,163,232,119,52,727
204,4,10,18,76,56,149,400,244,91,1054,0,0,0,11,10,23,40,25,8,130,0,5,14,37,7,13,7,5,0,92,14,71,101,674,80,45,33,23,11,1050,0,0,11,48,14,13,11,9,4,108,0,0,0,23,6,5,0,0,0,42,0,0,0,5,5,4,0,0,0,24,0,17,14,89,31,47,39,45,9,286,0,6,6,26,30,97,269,274,154,862,0,7,3,34,26,8,13,0,0,82,0,0,8,27,8,7,0,0,0,46,0,7,0,8,4,12,8,7,0,37,3,34,24,88,50,59,20,3,3,287,0,0,0,4,3,16,52,31,15,122,0,0,3,23,8,14,4,0,0,54,0,4,3,22,3,0,8,0,0,42,4,27,65,171,7,0,0,0,0,268,0,8,8,41,50,89,286,203,54,731,4,67,95,370,377,408,317,113,32,1776,0,0,0,3,3,10,11,6,0,35
205,0,18,11,134,87,168,598,419,132,1574,0,0,0,10,19,49,106,91,27,298,0,9,13,50,16,26,13,4,0,127,17,79,188,981,142,78,96,50,15,1637,4,17,9,102,29,19,34,14,4,231,0,5,0,33,9,8,0,0,0,56,0,5,3,21,6,0,3,0,0,46,0,19,10,96,60,91,121,91,27,515,0,8,11,51,47,177,488,410,240,1428,3,7,11,46,25,18,16,0,3,135,0,3,6,66,8,3,4,0,0,87,0,0,6,13,13,6,8,7,0,50,0,26,43,177,75,83,46,16,0,466,0,0,4,10,15,79,225,153,43,533,0,4,7,53,24,43,59,17,0,218,0,3,15,73,24,10,11,0,4,140,0,7,23,91,7,0,0,0,0,123,0,5,13,82,87,232,865,632,192,2111,6,146,176,809,605,743,662,257,39,3449,0,0,0,0,5,10,8,8,0,34
206,22,56,164,1283,377,258,398,278,76,2913,0,24,74,347,315,933,1624,3059,1396,7770,26,137,677,1893,345,292,230,72,17,3682,289,701,2171,12267,751,499,356,199,51,17286,18,86,1756,2360,280,116,165,44,12,4836,8,37,105,1630,191,103,75,29,0,2172,0,8,15,218,64,62,46,9,3,427,19,38,129,2969,358,263,184,82,47,4084,4,43,161,1780,367,989,1825,2229,1701,9107,22,79,264,1447,397,147,82,21,10,2473,20,64,381,2641,272,85,18,6,0,3499,0,7,33,279,311,439,452,218,66,1800,20,99,1965,5705,844,658,588,184,41,10101,0,0,0,39,39,129,214,186,94,706,0,5,105,446,61,94,52,33,17,803,5,7,204,236,40,27,28,10,0,549,3,16,1203,1444,43,15,11,0,0,2731,6,38,73,483,134,125,177,125,31,1185,62,210,1237,8278,2129,1385,757,255,65,14383,0,13,16,205,133,129,134,78,31,740
207,8,29,38,187,136,134,297,319,131,1276,3,43,67,127,218,705,1302,2120,910,5507,65,590,515,2130,1071,1224,1086,271,93,7049,64,645,1211,5605,1125,699,592,340,92,10381,4,48,192,934,328,178,211,111,32,2037,24,297,394,2013,747,381,222,122,26,4225,0,23,20,107,53,27,15,8,0,242,4,30,30,217,98,131,100,74,57,743,0,26,44,259,166,458,1273,1459,992,4676,17,62,93,307,194,86,62,40,9,870,13,126,245,1041,467,197,97,25,14,2221,0,5,13,73,109,171,134,70,32,612,22,412,1151,3999,1963,1695,1670,700,159,11772,0,0,0,4,11,37,107,99,35,300,0,8,31,159,61,55,51,20,14,391,0,3,27,67,23,33,17,16,10,203,5,9,154,297,23,8,3,5,0,492,4,33,40,70,77,52,152,142,91,662,33,312,506,1311,758,715,437,231,101,4398,0,0,4,39,47,95,105,81,34,407
208,12,55,90,451,342,250,565,405,201,2373,0,38,54,192,293,685,1165,1915,830,5186,28,194,186,600,186,192,167,52,15,1624,125,753,962,6910,1074,822,574,318,121,11656,5,35,110,630,176,85,99,34,16,1189,0,16,24,438,106,59,50,15,6,712,0,3,6,58,32,18,22,12,5,146,5,72,98,1247,319,270,179,149,64,2401,5,35,44,345,222,392,719,753,536,3048,27,159,103,540,321,141,75,17,9,1393,5,73,136,617,199,85,31,16,3,1163,0,5,8,92,101,120,103,56,13,486,9,79,232,1296,422,417,370,134,43,3004,0,0,0,13,21,41,108,79,29,302,0,3,31,315,125,158,128,72,35,867,0,0,19,34,33,33,27,21,11,176,0,11,306,526,28,6,6,3,0,888,12,48,54,155,122,115,223,148,79,950,32,273,474,2278,1391,1179,692,268,74,6667,0,3,9,55,43,40,30,15,4,199
209,11,25,49,365,202,166,338,296,97,1559,3,73,194,417,460,1270,2019,2195,845,7472,12,55,99,561,169,179,148,37,10,1256,185,1174,2668,16095,1881,1112,750,230,92,24180,3,49,98,602,199,112,84,32,10,1191,7,279,367,2271,488,201,108,23,7,3754,12,187,315,1365,785,494,175,82,15,3433,10,73,43,437,198,179,160,97,48,1239,10,78,95,695,498,1845,3761,3523,2038,12537,10,52,50,293,178,63,35,8,6,688,4,29,64,420,122,42,27,13,0,720,10,44,111,741,765,855,536,240,55,3361,15,160,295,1569,453,508,503,132,17,3652,0,4,3,54,66,249,629,431,128,1558,0,15,67,328,96,150,103,42,20,821,0,0,14,67,17,18,14,0,5,137,14,54,651,2200,94,42,16,0,0,3076,3,23,36,104,89,76,186,148,71,732,73,610,711,2645,1129,852,409,148,37,6609,9,59,123,1184,989,1644,2082,959,311,7354
210,0,10,21,174,121,120,372,277,97,1199,0,45,75,192,165,448,773,958,364,3025,0,29,28,234,73,71,46,0,0,488,156,1189,1844,14044,1641,1033,781,273,87,21045,8,19,60,375,130,47,32,17,3,695,8,109,147,834,174,134,72,41,14,1537,28,1389,1991,6283,2858,1965,1020,421,130,16093,0,35,29,305,109,119,91,76,39,802,4,39,75,423,337,1526,2982,2927,1738,10054,4,21,22,135,78,21,15,5,5,310,5,11,30,220,60,17,11,9,0,363,51,187,284,2000,1373,1182,729,256,63,6128,8,81,101,679,169,154,146,38,10,1387,0,4,7,67,86,294,854,702,289,2296,0,10,20,181,60,76,53,19,16,434,0,7,13,49,24,27,21,14,8,157,14,129,1359,3595,133,45,32,0,0,5308,0,9,8,52,42,41,152,106,44,453,95,755,942,2172,804,596,253,106,18,5751,0,4,10,152,154,195,189,97,35,828
211,0,38,71,280,270,370,761,805,391,2991,0,19,15,72,119,277,430,446,161,1548,32,242,251,1489,578,770,485,76,27,3944,76,743,900,5864,1670,1057,714,370,121,11519,4,47,101,703,313,127,137,76,26,1546,7,181,206,1492,444,275,142,55,27,2829,0,16,27,83,53,44,29,25,5,272,5,55,48,252,162,185,243,175,70,1197,5,16,27,192,153,481,1086,846,459,3272,6,36,58,192,154,64,59,20,14,595,9,93,203,754,401,167,58,22,3,1713,0,4,5,94,90,127,86,41,4,462,65,585,730,2584,1292,1270,1041,359,83,8006,0,0,4,12,14,73,175,129,39,446,0,5,24,174,82,173,153,52,9,682,10,192,685,1762,437,198,113,28,8,3430,0,15,124,425,54,25,4,0,0,648,0,22,37,137,186,285,946,844,372,2831,31,319,518,1708,1236,1119,658,271,78,5933,0,0,0,31,30,43,55,34,8,210
212,5,30,108,372,248,288,571,643,264,2531,11,121,287,557,580,1162,1976,2794,1025,8520,38,247,398,1510,458,707,537,110,24,4026,417,3588,7418,38444,7345,4211,2767,1202,397,65787,27,180,419,1870,704,309,350,99,30,3990,17,402,764,1706,369,239,108,29,10,3633,3,115,169,507,235,197,92,54,18,1401,10,142,51,358,177,196,217,182,92,1421,0,49,68,370,263,828,1733,1924,1089,6317,22,93,148,432,260,67,74,20,3,1122,26,177,390,1641,725,291,104,53,4,3407,7,34,91,388,410,437,324,158,34,1875,68,596,1594,5401,1544,1596,1330,485,113,12731,0,0,7,25,32,103,312,290,89,861,4,48,331,1609,735,1246,1022,542,249,5789,4,51,149,1099,368,183,105,48,16,2024,3,40,372,1150,94,52,14,3,0,1733,0,18,50,127,150,232,718,690,313,2301,206,1711,2512,4865,2020,1588,829,320,86,14131,0,10,25,436,347,385,317,169,47,1721
213,12,34,105,455,278,245,783,523,180,2620,4,59,90,220,305,771,1195,1500,621,4763,22,90,99,1127,231,257,182,20,10,2034,823,5148,7428,54312,5345,2706,2096,611,146,78617,21,112,244,2116,553,201,210,42,3,3510,6,117,172,1140,250,120,49,17,0,1868,15,512,404,1137,387,262,170,59,6,2949,8,72,66,720,256,176,176,119,37,1628,0,53,88,529,380,1336,2034,1792,1022,7233,8,53,78,423,193,41,26,4,3,824,15,83,106,881,240,83,53,21,5,1477,27,88,175,1200,743,624,378,124,30,3392,62,679,497,2943,730,580,443,114,14,6061,0,23,61,283,395,1353,3393,2218,629,8355,0,34,95,689,174,177,150,53,18,1384,13,183,822,3018,889,405,188,87,34,5637,6,59,772,2413,150,69,42,9,0,3521,5,28,35,137,105,122,311,205,69,1011,402,3024,3267,7655,2662,1768,747,188,38,19750,8,29,85,970,1002,1415,1938,774,205,6424
214,0,14,52,183,177,239,433,401,160,1661,0,18,29,63,82,181,313,367,127,1177,4,14,83,88,50,40,46,12,6,332,9,97,180,1001,303,256,171,116,39,2166,8,12,23,129,50,35,32,8,3,302,0,0,12,94,28,20,14,7,3,180,0,0,7,20,15,12,3,5,4,69,0,46,70,321,197,189,218,118,68,1225,0,16,23,140,95,248,627,499,194,1829,0,17,14,58,62,25,20,3,0,196,0,4,17,95,33,13,7,4,0,164,0,5,0,42,50,59,40,20,4,219,0,17,41,164,118,121,126,33,8,634,0,0,0,8,16,43,126,86,24,307,0,4,13,135,63,126,108,43,19,522,0,0,0,32,4,15,11,3,3,73,0,6,12,79,5,4,5,0,0,112,0,7,17,71,97,140,480,392,223,1423,15,198,364,1521,1064,1018,744,311,80,5309,0,0,0,25,31,34,26,21,4,139
215,0,0,11,53,21,38,121,64,26,329,0,0,0,9,9,29,61,61,26,191,0,3,17,68,0,15,7,0,0,101,16,95,101,974,121,68,39,19,0,1439,0,13,18,92,36,10,4,3,0,177,0,0,3,29,4,0,0,0,0,45,0,10,3,20,19,9,0,0,0,59,0,9,0,38,11,14,17,15,4,115,0,0,5,40,15,90,242,262,178,837,0,0,0,32,3,0,0,0,0,41,0,9,7,63,3,3,0,0,0,80,0,0,0,14,5,6,0,0,0,25,5,60,237,1268,251,87,22,3,0,1934,0,0,0,0,0,13,26,8,5,44,0,0,0,19,6,5,8,3,0,48,0,5,19,125,40,24,7,4,0,227,0,8,18,163,7,3,0,0,0,194,0,0,0,32,18,34,128,92,31,335,13,53,75,323,234,230,153,61,11,1148,0,0,0,8,0,4,0,0,0,16
216,0,3,5,39,27,24,104,68,18,299,0,5,8,9,4,22,58,54,32,190,4,0,6,46,5,6,9,0,0,76,17,123,170,1500,218,147,97,20,12,2300,0,0,14,61,27,7,0,0,0,113,0,34,46,41,3,3,5,0,0,130,0,40,56,250,98,58,20,5,0,535,0,15,5,38,15,19,33,16,6,151,0,4,3,26,23,128,361,363,182,1082,0,0,0,10,8,0,0,0,0,25,0,0,0,25,0,4,0,0,0,41,0,0,0,7,0,7,7,0,0,23,4,66,86,619,120,64,18,0,0,981,0,0,0,4,0,7,31,25,0,67,0,0,3,10,0,4,0,0,0,24,0,0,0,19,0,3,0,4,0,21,0,4,24,115,13,3,0,0,0,153,0,0,4,25,17,47,162,118,31,404,3,100,161,350,254,281,197,93,19,1456,0,0,0,10,4,9,33,22,16,90
217,3,0,9,49,27,31,99,52,25,295,0,0,0,0,0,14,22,9,3,61,0,0,9,15,3,3,0,0,0,26,4,41,33,311,37,25,24,10,3,479,0,11,8,58,13,6,6,0,0,98,0,0,0,17,3,0,0,0,0,22,0,0,0,0,0,0,0,0,0,3,0,11,23,79,27,27,31,31,6,223,0,0,0,19,4,10,56,27,20,143,0,4,0,27,13,9,0,0,0,62,0,5,3,53,0,0,0,0,0,67,0,0,0,0,0,0,0,0,0,5,0,3,5,57,23,22,11,4,0,134,0,0,0,0,4,20,31,18,0,76,0,0,0,4,0,6,5,0,0,17,0,0,0,17,0,0,0,0,0,23,0,0,10,110,6,0,0,0,0,125,0,0,8,42,29,32,169,147,50,480,10,80,149,461,322,374,215,71,18,1704,0,0,0,0,3,7,8,0,0,13
297,0,0,0,0,0,0,0,0,0,0,0,0,0,0,0,0,0,0,0,0,0,0,0,0,0,0,0,0,0,0,0,0,0,0,0,0,0,0,0,0,0,0,0,0,0,0,0,0,0,0,0,0,0,0,0,0,0,0,0,0,0,0,0,0,0,0,0,0,0,0,0,0,0,0,0,0,0,0,0,0,0,0,0,0,0,0,0,0,0,0,0,0,0,0,0,0,0,0,0,0,0,0,0,0,0,0,0,0,0,0,0,0,0,0,0,0,0,0,0,0,0,0,0,0,0,0,0,0,0,0,0,0,0,0,0,0,0,0,0,0,0,0,0,0,0,0,0,0,0,0,0,0,0,0,0,0,0,0,0,0,0,0,0,0,0,0,0,0,0,0,0,0,0,0,0,0,0,0,0,0,0,0,0,0,0,0,0,0,0,0,0,0,0,0,0,0,0,0,0,0
299,0,0,0,9,0,11,3,0,0,33,0,0,0,5,0,0,0,0,0,10,0,3,5,0,0,0,5,0,0,9,0,4,9,71,4,0,0,0,0,90,0,0,0,11,3,0,0,0,0,15,0,3,0,12,5,0,0,0,0,24,0,4,0,0,0,0,0,0,0,11,0,0,0,17,0,0,0,0,0,27,0,0,0,3,0,0,5,0,0,13,0,0,0,7,0,0,0,0,0,6,0,0,0,6,0,0,0,0,0,10,0,4,0,6,5,0,0,0,0,14,0,0,12,43,13,6,0,0,0,74,0,0,0,0,4,0,0,0,0,5,0,0,3,0,0,0,0,0,0,3,0,0,0,0,0,0,0,0,0,4,0,0,0,8,0,0,0,0,0,8,0,0,0,0,0,3,8,3,0,22,0,0,17,64,27,23,14,6,0,157,0,0,0,4,0,0,0,0,0,3
301,6,15,39,182,148,170,261,217,72,1084,0,0,9,10,21,29,55,43,12,190,5,32,20,94,52,66,55,14,3,340,14,84,119,976,230,149,112,64,26,1764,4,24,19,81,51,25,58,28,16,305,0,11,7,155,52,31,23,12,3,284,0,0,0,9,7,3,4,3,0,27,6,56,59,515,183,105,113,59,22,1131,0,18,15,70,44,51,119,113,65,490,0,24,27,98,78,24,21,5,0,276,0,19,27,187,63,26,16,5,6,354,0,0,3,18,17,10,10,9,4,76,4,14,20,127,100,99,63,28,3,466,0,0,0,6,11,26,47,33,10,128,0,0,0,15,17,21,22,11,6,86,0,0,0,11,9,4,10,8,3,48,0,0,15,84,7,10,3,0,0,124,3,18,14,62,80,94,279,213,91,864,63,602,1077,3480,2569,2282,1471,548,120,12216,0,0,0,12,10,7,5,0,5,40
302,4,11,27,204,105,89,135,104,45,728,0,3,3,14,11,8,30,43,28,143,4,44,76,282,88,107,114,30,16,750,62,448,764,4821,886,451,294,113,46,7883,0,19,55,173,72,36,41,16,6,421,3,42,58,427,116,29,28,5,6,712,0,48,43,94,43,34,17,9,0,279,3,47,41,356,98,78,65,56,24,784,0,18,20,153,74,134,308,334,221,1256,8,33,41,235,152,44,23,5,0,545,0,32,64,428,114,34,21,8,0,703,4,0,4,18,19,13,12,5,0,78,7,38,55,327,132,139,98,48,13,859,0,3,0,12,5,7,23,16,12,79,0,0,8,19,10,7,12,4,3,70,0,11,27,191,60,35,18,12,0,350,3,41,438,1126,57,26,8,0,0,1693,0,8,14,63,56,41,121,76,40,415,51,457,756,2974,1605,1269,764,288,83,8253,0,0,0,10,5,16,3,7,0,48
303,7,17,45,322,161,111,228,166,59,1112,0,16,22,57,52,112,207,295,149,914,51,247,457,1833,474,733,506,110,36,4446,91,811,1781,9470,1452,664,492,198,57,15020,12,45,121,622,219,131,118,92,13,1376,3,81,136,774,174,76,42,22,5,1320,0,51,98,237,150,70,25,9,0,640,5,100,65,486,159,102,83,66,23,1088,4,12,33,226,81,101,234,257,193,1134,16,111,158,682,302,82,56,27,4,1448,36,352,542,3216,1027,381,141,74,12,5763,4,10,20,67,69,65,53,29,9,325,15,138,435,1766,631,554,461,194,36,4230,0,4,3,0,7,11,19,28,5,80,0,0,14,55,27,16,18,13,5,141,0,7,14,90,37,40,40,12,7,248,0,16,305,826,42,21,0,0,0,1230,4,14,17,102,60,60,120,146,33,570,94,868,1640,4038,2218,1562,929,345,89,11791,0,0,6,52,48,47,53,27,5,242
304,11,43,65,262,172,128,180,135,39,1030,0,3,11,11,11,9,12,8,8,65,10,130,203,282,128,157,121,38,5,1071,30,338,324,1849,584,285,174,106,46,3735,14,57,81,271,106,53,72,21,8,687,0,83,92,615,241,94,69,32,3,1236,0,11,14,33,21,19,17,0,0,124,10,61,49,252,145,83,82,46,30,752,0,18,16,91,76,45,102,56,43,449,7,66,89,275,172,80,43,22,12,766,9,108,160,446,247,78,42,14,7,1109,0,0,3,34,23,27,18,11,0,114,8,70,262,467,259,207,213,110,24,1625,0,0,0,3,0,6,9,8,7,32,0,0,10,25,12,17,20,0,0,85,5,0,19,40,15,21,10,3,7,120,0,10,96,265,13,12,7,0,0,405,0,28,28,78,78,77,143,108,29,556,34,265,586,1347,1061,797,486,245,76,4898,0,0,0,20,12,20,19,6,0,80
305,5,20,91,558,189,138,140,103,27,1267,0,0,6,43,20,36,136,178,138,553,24,127,507,647,164,133,89,17,5,1713,101,368,635,3409,409,192,119,70,17,5310,7,26,177,374,98,47,37,16,4,795,6,38,57,802,126,59,36,10,6,1139,0,4,18,68,30,12,9,0,0,142,3,45,79,837,234,157,91,68,21,1542,0,18,75,622,117,115,216,264,220,1650,33,74,219,712,253,79,35,6,3,1423,14,92,307,1531,253,72,23,0,0,2299,0,3,6,49,19,16,11,3,7,114,9,46,335,790,231,178,119,42,8,1751,0,0,7,8,6,11,16,14,12,64,0,0,9,67,6,13,10,3,0,121,0,0,38,68,21,15,12,6,0,155,5,19,587,1103,17,13,6,0,0,1748,4,28,48,162,88,84,113,56,14,599,38,292,920,3468,1681,1315,761,272,44,8792,0,0,0,23,17,19,7,8,6,73
306,7,20,61,337,198,311,358,329,81,1701,0,0,0,3,11,15,24,29,25,104,0,20,17,146,26,59,41,14,5,316,25,161,232,1681,268,171,105,51,19,2712,4,42,45,227,112,42,80,22,16,580,0,0,0,26,12,13,14,0,0,75,0,0,5,4,0,0,4,3,0,17,0,26,22,189,86,72,92,46,16,547,0,19,25,294,53,141,326,361,291,1520,3,96,97,703,624,184,56,22,9,1799,5,40,44,540,106,24,14,3,0,775,0,0,0,8,6,13,9,3,0,41,5,33,28,133,75,97,65,22,10,462,0,0,4,4,5,25,45,27,19,127,0,0,6,16,13,22,16,12,10,95,0,5,11,110,27,15,4,0,0,181,10,121,187,267,13,3,5,0,0,606,6,11,15,126,105,138,261,127,45,836,43,238,366,1501,1304,1466,1127,402,78,6520,0,0,0,6,0,5,5,0,0,15
307,0,0,4,54,30,50,76,53,19,290,0,0,0,0,0,0,0,3,0,13,4,0,0,14,3,3,4,3,0,40,12,13,35,229,27,11,12,6,4,346,3,3,8,40,14,6,9,0,5,92,0,0,0,9,0,0,0,0,0,13,0,0,0,0,0,0,0,0,0,0,0,3,7,55,19,21,19,26,4,160,0,0,0,18,7,19,65,70,38,220,0,0,6,11,5,3,0,0,0,35,0,0,11,94,3,5,0,0,0,109,0,0,0,0,5,0,6,0,0,7,0,9,6,37,18,18,14,3,0,96,0,0,0,0,0,0,6,9,0,19,0,0,0,7,0,0,0,0,0,9,0,0,0,10,8,0,0,0,0,17,0,0,8,56,0,0,0,0,0,66,0,0,0,20,19,36,95,75,25,272,4,53,93,393,344,418,359,134,18,1817,0,0,0,0,3,0,5,8,0,15
308,0,4,18,100,50,86,116,84,25,491,0,0,5,3,4,7,8,5,10,41,4,4,6,37,12,9,5,5,0,78,18,91,97,804,147,45,31,19,5,1249,6,12,18,69,38,14,15,10,5,170,0,0,0,38,12,5,3,5,0,62,0,0,0,6,6,5,0,0,0,19,4,22,19,87,35,29,21,31,7,247,0,5,7,33,7,14,31,19,16,132,0,12,3,34,16,8,9,0,0,88,0,7,10,58,23,7,0,0,0,102,0,0,0,4,3,0,0,3,0,9,6,13,13,94,38,52,17,5,0,234,0,0,0,0,5,4,19,10,4,42,0,0,0,6,3,10,8,0,0,25,0,3,6,86,12,11,4,0,0,128,3,8,55,227,14,9,0,0,0,310,0,0,6,23,23,61,128,74,29,341,31,248,465,1361,1054,1033,752,218,35,5193,0,0,0,3,0,0,0,0,0,4
309,8,31,109,617,320,415,715,671,244,3131,0,12,6,57,33,95,141,149,52,550,23,170,220,587,216,275,198,42,7,1737,48,308,814,4440,576,343,248,172,54,7009,9,56,153,433,238,136,150,46,28,1252,0,40,69,520,146,126,110,37,13,1065,0,7,28,107,57,51,28,11,9,299,5,79,92,543,255,194,205,168,64,1601,0,32,52,456,148,247,469,369,162,1947,27,238,400,1606,1186,565,296,111,30,4459,26,214,346,1612,689,389,133,66,13,3484,0,7,8,75,65,85,47,42,9,334,11,57,195,547,319,416,249,87,26,1901,0,0,0,12,14,83,196,182,47,543,0,0,19,136,51,79,83,35,17,421,0,0,17,62,36,24,13,12,7,159,3,16,220,768,24,11,4,0,0,1044,3,24,46,196,157,240,573,452,181,1874,226,2151,4623,13564,8498,7430,5469,2610,666,45248,0,0,11,86,50,75,69,26,8,325
310,4,11,23,207,167,150,333,209,54,1158,0,3,4,8,4,11,9,14,10,71,5,15,62,166,46,53,42,6,5,401,41,466,580,4693,784,311,198,99,18,7194,6,27,38,211,113,52,42,32,17,538,0,30,51,273,80,46,28,7,0,523,0,27,53,114,62,20,15,0,0,294,0,31,35,149,81,78,70,55,23,525,0,8,8,53,32,44,68,72,45,329,5,23,32,139,81,22,10,0,9,327,4,24,70,388,126,37,24,5,0,681,0,4,0,19,15,24,16,6,0,83,3,39,53,382,185,163,83,33,6,939,0,0,4,10,4,31,53,54,12,166,0,0,8,30,14,14,11,9,0,80,0,3,5,106,34,27,17,17,4,208,0,20,55,443,34,16,10,0,0,579,0,7,11,84,97,137,310,236,67,948,174,1743,2627,6382,2842,2043,1143,442,69,17465,0,0,4,17,15,11,13,4,0,62
311,0,6,30,165,142,184,389,222,77,1208,0,0,11,17,12,21,53,40,18,165,3,22,54,265,80,136,77,9,9,652,57,313,579,3756,405,253,172,92,28,5650,0,33,58,222,114,69,78,25,18,623,0,109,203,274,48,24,17,0,0,681,3,121,133,360,136,73,40,12,3,876,3,28,24,197,97,78,108,79,29,636,0,8,13,44,32,65,107,83,35,385,0,11,26,134,99,39,15,13,10,346,11,78,126,751,284,118,55,19,4,1438,7,11,18,86,55,66,32,17,4,286,26,184,85,300,159,181,104,46,12,1100,0,0,0,9,13,28,57,44,15,165,0,3,0,27,12,38,26,21,9,127,3,86,313,1030,285,149,98,44,11,2016,0,0,9,77,6,0,0,0,0,95,0,0,12,73,83,123,323,239,85,942,208,1918,3430,8682,4302,3431,2122,771,130,25000,0,0,0,23,16,24,25,3,0,102
312,0,8,19,127,54,87,112,88,15,505,0,0,0,6,0,4,7,6,0,25,0,3,0,29,0,15,4,0,0,60,19,60,59,609,88,24,23,17,6,902,3,7,21,92,32,10,11,5,0,188,0,5,0,35,9,0,0,0,0,50,0,6,0,3,0,0,0,0,0,17,0,23,15,130,29,25,26,10,3,263,3,7,9,64,16,26,43,46,31,242,4,9,9,50,18,10,5,0,0,101,0,0,6,117,5,3,0,0,0,137,0,0,0,0,0,3,0,0,0,11,0,0,19,99,31,26,20,5,0,201,0,0,0,8,10,28,108,100,34,287,0,0,5,11,4,4,7,4,0,25,0,0,0,29,0,5,0,0,0,39,0,3,12,99,6,5,0,0,0,124,0,0,5,41,42,40,90,80,18,317,19,198,340,1385,913,948,611,181,26,4621,0,0,0,0,4,0,0,0,0,6
313,0,13,24,136,127,166,344,257,56,1119,0,4,7,9,10,9,28,19,3,95,5,13,14,72,17,38,37,6,6,197,8,44,43,487,89,70,70,57,22,877,0,10,18,86,45,20,36,26,7,248,0,3,0,35,15,16,13,6,0,92,0,0,3,21,11,0,7,0,0,48,4,37,36,141,96,80,93,85,32,602,4,11,10,37,31,57,118,95,58,429,0,10,34,139,48,22,11,9,0,273,3,9,43,336,36,21,3,0,0,453,0,0,0,6,13,8,7,5,0,38,0,4,25,113,78,82,68,26,10,410,0,0,3,3,7,27,70,42,9,153,0,0,0,13,19,33,32,30,0,126,0,0,0,10,4,9,0,0,0,30,0,11,23,43,0,0,0,0,0,77,0,12,24,51,67,123,356,245,82,972,73,674,1254,3367,2408,2157,1864,812,204,12807,0,0,0,4,8,6,0,4,0,24
314,3,27,37,153,130,115,178,83,27,769,0,0,9,12,5,3,8,9,10,58,4,16,29,85,38,27,28,3,5,234,29,282,256,2823,416,192,134,46,18,4203,0,17,24,90,64,15,32,21,3,264,0,10,27,170,52,23,7,3,4,296,0,40,30,83,23,35,18,11,3,239,0,41,33,245,106,63,51,38,13,600,0,11,11,79,41,70,98,73,38,413,0,19,19,83,80,24,16,3,5,252,9,66,35,310,70,18,7,0,0,506,0,3,3,9,12,12,6,3,5,53,4,20,22,148,93,92,51,22,4,461,0,0,0,10,0,9,26,19,0,64,0,0,0,14,13,17,25,8,5,89,0,5,10,116,24,33,27,6,0,226,3,22,49,379,27,21,3,0,0,504,5,14,15,55,78,94,140,94,44,534,114,875,1343,3538,1988,1438,790,283,61,10435,0,3,0,21,0,10,5,0,0,41
315,0,0,14,48,14,27,24,32,7,167,0,0,0,3,0,0,3,0,0,7,0,0,0,9,0,0,0,0,0,14,4,19,17,211,15,12,7,10,0,290,0,5,4,40,12,7,8,0,0,65,0,0,0,9,0,0,0,0,0,9,0,0,0,0,0,0,0,0,0,6,0,0,3,33,10,12,8,9,0,68,0,5,3,18,11,15,31,47,26,140,0,3,6,22,8,4,0,0,0,38,0,0,0,15,0,4,0,0,0,22,0,0,0,0,0,0,0,0,0,3,0,5,4,22,7,10,0,0,0,52,0,0,0,0,0,0,9,6,0,11,0,0,0,5,6,4,0,0,0,18,0,0,0,4,0,3,0,0,0,10,0,0,10,18,0,0,0,0,0,35,0,0,0,18,5,11,35,25,0,90,14,87,153,512,307,338,171,38,0,1617,0,0,0,0,0,0,0,0,0,0
316,7,39,58,420,284,408,590,495,158,2466,0,4,5,9,18,24,35,38,22,154,9,61,45,97,35,50,31,13,6,338,27,160,243,1510,206,119,95,94,35,2482,3,32,37,144,67,31,84,26,18,435,0,8,10,86,30,11,9,5,0,171,0,0,5,6,5,3,0,0,0,24,0,76,60,279,182,152,152,106,40,1048,4,26,32,228,85,109,164,121,79,856,8,40,60,213,117,49,28,3,3,531,3,54,38,489,43,17,8,0,0,662,0,0,0,8,14,13,10,5,3,50,0,20,30,158,132,132,94,19,8,594,0,6,0,6,13,39,78,69,16,219,0,3,9,34,14,29,26,12,3,141,0,0,3,19,18,7,13,14,3,78,0,22,168,652,15,10,3,0,0,874,3,32,48,150,190,192,489,365,155,1614,87,688,1123,3924,3179,3239,2826,1375,351,16797,0,0,0,8,9,12,8,0,6,42
317,0,4,7,61,36,64,107,73,36,388,0,0,0,3,0,11,6,0,3,22,0,7,38,72,11,18,8,4,0,163,17,121,322,1547,147,72,35,16,11,2290,4,11,15,53,24,9,19,3,0,134,0,5,29,63,11,21,13,14,0,155,85,707,532,574,184,66,40,15,4,2211,0,15,11,50,39,38,27,26,11,215,0,3,7,31,5,12,29,29,20,134,4,9,26,90,26,10,7,0,4,170,0,26,33,264,20,0,0,0,0,347,0,0,0,5,5,0,3,5,0,19,0,16,23,150,60,49,28,7,0,336,0,0,0,0,0,4,5,0,0,21,0,0,0,16,0,9,4,0,0,18,0,7,6,80,16,3,0,3,0,114,0,18,166,508,16,6,9,0,0,723,0,0,8,31,33,39,102,103,39,357,22,107,177,625,526,437,327,155,35,2406,0,0,0,0,0,3,0,0,0,5
318,0,22,31,173,90,117,177,139,37,786,0,0,8,15,11,15,29,35,18,133,0,3,33,59,17,15,19,4,0,154,17,97,242,983,314,119,55,28,6,1861,5,20,31,79,38,18,21,11,3,220,0,3,3,41,12,5,7,3,0,68,0,6,8,17,3,3,4,0,0,40,3,43,24,129,52,49,49,24,21,393,0,4,21,96,35,78,242,258,222,960,6,13,24,74,25,13,11,0,0,174,7,40,24,247,66,10,6,0,0,402,0,0,0,0,0,4,0,4,0,9,0,12,27,143,72,98,30,22,9,414,0,0,0,4,0,13,25,20,0,68,0,3,3,24,7,12,4,0,0,43,0,0,7,53,14,12,7,5,0,98,0,6,27,161,7,0,0,0,0,208,0,5,12,58,39,55,129,100,16,420,27,182,366,1231,865,955,678,233,41,4587,0,0,0,0,0,4,4,0,0,4
319,0,8,22,109,114,236,454,402,132,1480,0,0,0,4,5,15,26,3,0,47,0,0,9,51,13,27,17,5,5,123,10,74,51,593,102,52,41,46,6,983,5,10,12,85,38,28,54,31,5,265,0,0,5,23,9,5,4,5,0,52,0,3,3,7,7,4,3,0,0,30,0,9,15,68,44,53,79,75,22,361,0,5,0,57,28,55,131,113,77,470,5,8,18,91,26,14,20,0,0,181,0,18,32,221,21,0,3,0,0,297,0,0,0,9,7,5,3,0,0,24,0,3,39,208,71,102,43,14,0,478,0,4,0,3,3,26,83,71,16,205,0,3,0,11,3,12,16,10,0,61,0,0,0,45,7,0,5,7,0,63,0,0,62,265,16,10,0,0,0,353,0,0,11,46,58,166,433,316,109,1140,29,178,317,1094,1313,1725,1904,827,157,7545,0,0,0,0,3,6,0,0,0,9
397,0,0,0,0,0,0,0,0,0,0,0,0,0,0,0,0,0,0,0,0,0,0,0,0,0,0,0,0,0,0,0,0,0,0,0,0,0,0,0,0,0,0,0,0,0,0,0,0,0,0,0,0,0,0,0,0,0,0,0,0,0,0,0,0,0,0,0,0,0,0,0,0,0,0,0,0,0,0,0,0,0,0,0,0,0,0,0,0,0,3,0,0,0,0,0,0,0,0,0,0,0,0,0,0,0,0,0,0,0,0,0,0,0,0,0,0,0,0,0,0,0,0,0,0,0,0,0,0,0,0,0,0,0,0,0,0,0,0,0,0,0,0,0,0,0,0,0,0,0,0,0,0,0,0,0,0,0,0,0,0,0,0,0,0,0,0,0,0,0,0,0,0,0,0,0,0,0,0,0,0,0,0,0,0,0,0,0,0,0,0,0,0,0,0,0,0,0,0,0,0
399,0,0,14,46,11,11,12,5,0,101,0,0,0,0,0,0,0,0,0,3,0,0,0,10,0,0,3,0,0,14,0,0,8,31,5,0,3,0,0,48,0,0,0,23,0,0,4,0,0,34,0,0,0,3,0,0,0,0,0,10,0,0,0,3,0,0,0,0,0,4,0,0,5,31,5,12,3,3,0,51,0,0,5,31,0,3,4,3,0,54,0,0,7,13,0,0,0,0,0,21,0,0,0,27,0,0,0,0,0,29,0,0,0,0,0,6,0,0,0,3,0,0,3,21,0,0,0,0,0,29,0,0,0,0,0,0,4,0,0,9,0,0,0,0,0,0,0,0,0,0,0,0,0,0,0,0,0,0,0,3,0,0,0,6,0,0,0,0,0,8,0,3,3,11,4,14,26,7,0,72,3,6,29,149,94,117,145,17,0,565,0,0,0,0,0,0,0,0,0,0
401,7,23,31,257,174,220,519,374,204,1809,4,6,22,47,59,239,468,603,367,1818,31,144,525,690,156,196,197,46,10,1991,81,833,1217,5214,872,308,252,156,55,8979,6,32,85,263,55,34,53,19,9,552,12,118,122,719,249,114,82,35,12,1463,3,6,23,65,41,32,10,0,0,182,0,39,27,138,99,95,103,54,47,599,3,42,45,294,202,612,1804,1913,1258,6180,5,56,78,245,155,39,37,21,5,630,16,125,279,834,304,104,23,8,0,1691,0,18,17,98,64,79,79,39,17,420,10,183,726,1324,522,342,422,220,46,3808,0,3,0,10,10,27,76,54,22,202,0,0,9,34,4,9,0,9,0,66,0,0,18,39,10,12,7,0,3,104,5,15,205,692,15,8,4,0,0,948,0,8,34,75,87,91,349,230,80,965,18,117,195,579,417,460,369,176,49,2385,0,0,0,8,3,5,10,0,0,24
402,4,10,36,103,152,283,746,535,267,2134,0,9,19,55,50,180,354,365,152,1183,8,23,203,435,79,84,60,15,4,914,151,1220,2608,12219,1511,570,412,135,57,18882,4,41,80,287,101,43,39,16,10,611,12,217,456,893,181,90,47,34,0,1934,0,54,107,375,175,104,32,10,0,862,0,41,32,109,85,129,133,137,70,741,0,12,36,144,127,474,1143,909,586,3428,3,17,22,115,51,26,11,3,0,260,0,55,119,445,189,37,12,6,0,867,7,47,38,214,109,118,110,37,4,679,23,319,226,856,244,178,162,50,16,2081,0,0,3,6,15,65,178,140,45,452,0,5,10,23,10,9,10,4,0,68,6,108,372,968,249,83,40,10,0,1838,12,316,639,1239,72,27,13,5,0,2325,0,0,14,53,69,186,534,388,139,1390,14,160,245,788,540,499,333,117,28,2729,0,0,3,15,12,27,31,24,14,124
403,9,28,40,287,233,328,645,527,283,2379,0,7,18,58,41,136,327,391,180,1160,17,42,116,306,65,75,80,16,4,720,47,381,697,3016,704,303,191,130,58,5515,0,39,47,241,84,52,48,27,13,549,3,44,83,473,182,179,105,39,17,1130,0,25,20,89,37,36,22,9,0,239,0,56,46,254,166,157,159,119,66,1030,0,11,14,135,87,179,434,383,220,1481,8,33,40,159,125,31,18,14,0,415,3,40,135,345,121,38,4,0,0,694,5,5,24,88,82,101,85,58,16,459,14,61,154,515,229,209,186,82,11,1453,0,3,0,6,12,33,91,73,24,237,0,0,10,31,16,10,7,8,4,87,0,0,6,38,11,4,14,7,0,76,7,65,355,1599,52,23,7,0,0,2106,6,26,39,122,107,185,625,432,156,1688,18,124,205,923,693,646,532,203,51,3393,0,0,0,5,5,3,7,3,0,32
404,4,14,35,204,91,128,417,326,128,1356,0,23,48,121,116,377,889,1141,721,3432,0,18,94,264,35,35,36,5,7,492,108,706,1405,5949,751,311,184,104,37,9552,7,29,44,187,54,24,22,0,7,370,0,21,65,341,81,59,27,16,4,618,0,13,37,126,59,34,14,7,0,298,0,26,35,161,78,86,58,56,42,539,3,29,41,209,146,541,1217,1421,962,4576,5,9,24,111,51,17,11,0,8,226,0,13,68,281,63,18,5,0,0,444,0,5,11,32,41,56,36,28,7,225,10,32,144,597,133,99,102,35,5,1160,0,0,0,11,8,31,138,79,39,301,0,0,0,18,9,9,0,0,0,40,0,0,9,38,8,9,10,5,0,82,4,27,345,1275,22,3,0,0,0,1680,0,8,4,58,42,68,188,114,36,520,11,77,143,551,338,309,228,71,6,1736,0,0,4,23,23,29,32,35,15,162
405,0,4,0,36,26,82,193,133,48,526,0,0,5,5,3,9,27,20,6,75,0,5,0,13,3,3,6,0,0,34,3,14,32,138,22,21,4,9,4,255,0,0,10,16,10,7,3,0,6,50,0,0,0,8,3,3,0,0,0,12,0,0,0,0,0,0,0,0,0,0,0,0,0,14,12,15,22,24,0,93,0,0,0,6,8,30,62,84,37,237,0,0,3,3,7,0,3,0,0,26,0,3,9,13,0,0,0,0,0,21,0,0,0,4,3,0,0,0,0,10,0,0,10,26,13,6,4,0,0,61,0,0,0,0,0,7,19,9,9,39,0,0,0,0,0,0,0,0,0,0,0,0,0,0,0,0,3,0,0,4,0,0,4,22,0,0,0,0,0,28,0,13,0,17,23,58,188,102,20,419,0,28,18,152,134,183,138,61,11,720,0,0,0,0,0,0,4,0,0,3
406,4,0,0,33,15,62,118,77,24,336,0,0,0,3,4,18,27,47,19,107,0,0,0,8,0,0,0,0,0,11,7,36,56,392,38,14,16,7,9,583,0,3,0,34,18,0,5,3,0,58,0,0,0,7,0,3,0,0,0,14,0,0,0,3,0,0,0,0,0,3,0,3,5,22,11,10,12,10,4,76,0,0,0,8,4,14,42,54,27,145,0,0,0,5,3,3,5,0,0,15,0,0,0,27,4,3,0,0,0,36,0,0,0,6,0,0,0,0,0,10,0,0,8,25,11,13,5,5,0,68,0,0,0,0,0,3,14,5,0,23,0,0,0,0,0,0,5,0,0,3,0,0,0,0,0,3,3,0,0,6,0,0,8,41,4,0,0,0,0,56,0,0,0,11,11,30,97,63,19,225,5,19,44,171,141,147,92,31,0,648,0,0,0,0,0,0,3,0,6,8
407,0,3,11,59,58,141,333,230,102,932,0,0,0,9,17,44,99,131,70,366,0,3,3,33,20,4,3,5,0,77,17,48,109,600,103,90,71,37,16,1089,0,10,11,87,24,8,16,5,3,165,0,0,3,12,11,9,4,0,0,38,4,9,5,12,9,0,0,0,0,39,0,9,7,54,21,32,38,42,12,220,0,4,5,35,20,75,150,183,116,597,0,3,0,27,15,3,7,0,0,64,0,3,10,51,5,0,4,0,0,75,0,0,0,7,3,4,6,0,4,23,5,20,44,257,54,30,31,9,0,458,0,0,0,0,0,11,34,7,5,58,0,0,0,0,3,5,6,0,0,14,0,5,23,117,49,16,5,9,0,240,0,0,16,77,5,0,0,0,0,106,0,5,0,30,37,94,449,237,71,931,8,61,133,402,338,401,295,126,33,1799,0,0,0,0,4,3,8,0,0,13
497,0,0,0,0,0,0,0,0,0,0,0,0,0,0,0,0,0,0,0,0,0,0,0,0,0,0,0,0,0,0,0,0,0,0,0,0,0,0,0,0,0,0,0,0,0,0,0,0,0,0,0,0,0,0,0,0,0,0,0,0,0,0,0,0,0,0,0,0,0,0,0,0,0,0,0,0,0,0,0,0,0,0,0,0,0,0,0,0,0,0,0,0,0,0,0,0,0,0,0,0,0,0,0,0,0,0,0,0,0,0,0,0,0,0,0,0,0,0,0,0,0,0,0,0,0,0,0,0,0,0,0,0,0,0,0,0,0,0,0,0,0,0,0,0,0,0,0,0,0,0,0,0,0,0,0,0,0,0,0,0,0,0,0,0,0,0,0,0,0,0,0,0,0,0,0,0,0,0,0,0,0,0,0,0,0,0,0,0,0,0,0,0,0,0,0,0,0,0,0,0
499,0,0,0,7,0,0,8,0,0,19,0,0,0,0,0,0,0,0,0,0,0,0,0,8,0,0,3,0,0,12,0,0,8,14,0,0,3,0,4,32,0,0,0,6,0,0,0,0,0,11,0,0,0,4,0,0,0,0,0,9,0,0,0,0,0,0,0,0,0,0,0,0,0,0,0,0,3,0,0,8,0,0,0,4,0,0,4,0,0,12,0,0,0,0,0,0,0,0,0,0,0,0,0,0,0,0,0,0,0,3,0,0,0,0,0,0,0,0,0,0,0,0,0,5,0,0,0,0,0,5,0,0,0,0,0,0,0,0,0,0,0,0,0,0,0,0,0,0,0,0,0,0,0,5,0,0,0,0,0,5,0,0,5,3,0,0,0,0,0,6,0,0,0,3,5,0,5,0,0,15,0,0,3,14,14,10,10,0,0,53,0,0,0,0,0,0,0,0,0,0
501,3,9,27,226,99,111,235,146,31,886,0,0,0,8,4,8,8,15,11,54,0,3,4,53,12,16,9,0,0,106,9,58,40,503,83,66,58,53,18,892,0,33,22,142,48,20,13,12,3,300,0,8,3,37,9,3,0,0,0,56,0,7,4,25,13,7,0,0,0,49,6,38,43,233,111,91,112,57,19,717,0,7,8,150,33,62,236,221,155,863,0,14,12,89,33,12,9,3,0,162,0,14,16,170,12,3,4,0,0,214,0,0,0,13,6,15,8,5,0,48,0,11,13,138,54,63,43,24,0,359,0,0,0,0,0,15,10,8,0,39,0,0,7,33,10,21,15,11,3,90,0,4,9,36,10,14,14,8,5,99,0,6,7,62,3,0,0,0,0,80,0,11,14,80,75,105,238,135,41,709,28,258,334,1412,946,1065,714,197,47,4998,0,0,0,0,4,9,4,5,7,34
502,0,9,14,43,44,60,143,92,22,427,0,0,0,4,0,6,9,10,0,32,0,0,5,21,12,8,12,4,0,57,3,47,47,336,63,69,56,56,13,689,6,26,24,115,62,31,27,3,3,298,0,12,4,26,10,10,4,0,0,69,0,0,3,0,0,4,0,0,0,10,0,34,48,160,58,49,85,44,12,492,0,0,3,19,18,20,93,71,17,253,0,3,3,23,22,0,8,3,0,68,0,3,9,48,4,5,0,0,0,75,0,0,0,3,0,3,0,0,0,6,0,10,21,59,49,46,48,15,4,259,0,0,0,0,0,8,20,7,0,33,0,3,5,33,10,11,11,9,0,86,0,0,0,4,3,16,14,6,6,55,0,4,6,38,0,0,0,0,0,53,0,10,5,36,28,43,198,145,46,509,19,216,324,1006,688,723,595,199,29,3800,0,0,0,0,0,0,0,5,0,5
503,3,31,52,315,154,123,144,105,29,956,0,8,4,28,18,31,69,85,94,333,19,108,205,360,130,86,79,33,10,1025,72,227,263,1968,344,209,203,125,56,3474,18,70,177,507,167,75,100,52,12,1176,8,29,48,444,96,76,48,29,12,782,0,6,10,39,10,14,0,3,0,81,9,60,72,1025,180,221,168,95,82,1913,0,38,74,442,115,125,320,374,317,1794,52,118,90,524,195,79,43,11,6,1117,8,56,60,564,87,23,13,3,0,811,0,4,0,28,18,12,8,6,0,72,18,95,311,1192,474,373,438,191,78,3170,0,0,0,3,4,6,9,12,4,44,0,3,49,151,35,36,34,20,13,328,0,0,9,58,45,80,54,26,19,301,3,9,115,430,14,7,0,0,0,584,10,35,60,118,103,83,113,73,36,630,16,81,199,1003,569,649,396,153,34,3098,0,0,9,35,18,17,40,33,24,177
504,0,14,39,285,156,158,302,197,42,1197,0,7,17,17,23,35,75,76,43,296,7,21,40,319,75,94,59,8,4,623,58,465,598,4991,845,766,677,375,111,8893,6,51,82,441,146,89,59,19,11,897,3,49,84,328,90,66,34,9,5,661,3,54,64,383,141,96,30,9,3,794,3,60,52,922,211,173,165,112,26,1726,5,21,34,260,125,290,733,587,349,2413,10,17,20,190,118,33,14,9,0,407,3,13,19,297,49,21,3,4,0,406,0,0,6,51,23,20,8,10,0,127,3,88,147,813,384,418,403,174,41,2467,0,0,0,16,17,28,54,46,9,170,0,19,86,422,145,155,118,54,20,1020,6,25,87,493,259,273,277,109,45,1559,0,23,65,377,31,8,4,0,0,511,0,15,21,98,78,100,235,213,86,842,51,445,770,2968,1506,1595,837,242,45,8467,0,0,20,128,84,80,73,45,10,445
505,5,46,118,702,437,332,544,359,94,2643,3,7,24,60,42,148,237,319,181,1013,7,84,98,543,185,193,161,45,15,1328,60,525,1004,6366,1221,973,816,569,177,11706,28,105,196,749,323,170,133,49,14,1773,0,103,162,987,349,235,131,48,17,2035,8,94,159,576,294,166,63,16,0,1383,24,378,473,3560,807,678,591,304,101,6907,4,72,121,833,356,616,1471,1307,771,5552,10,86,98,419,314,116,59,29,11,1135,10,38,63,503,111,61,24,4,5,816,0,14,27,76,48,60,48,9,3,285,31,266,373,1762,745,763,809,316,77,5150,0,0,3,21,16,42,73,44,18,214,0,33,103,477,124,245,207,94,47,1322,7,63,230,980,510,492,431,179,84,2968,0,19,92,391,36,7,16,0,0,563,9,41,68,235,174,163,465,395,172,1722,104,867,1357,5538,2865,2566,1587,480,93,15458,7,29,50,582,414,522,560,256,110,2525
506,0,25,62,369,234,252,427,329,84,1788,0,3,4,17,19,21,46,45,23,189,21,68,294,997,211,219,175,44,21,2047,217,1798,2668,14867,2966,1599,1215,696,243,26269,56,313,662,2623,1048,482,443,127,36,5782,4,88,151,822,208,135,81,37,15,1551,4,73,126,424,225,121,61,14,6,1049,4,169,118,1130,308,322,327,261,75,2715,0,22,40,370,141,307,814,686,418,2804,25,46,77,410,225,90,47,25,8,942,22,163,185,1577,424,203,77,24,6,2684,3,24,30,127,115,83,81,28,6,493,57,614,1771,5384,2044,1910,1761,669,138,14347,0,0,3,8,10,38,69,38,12,176,3,69,200,851,198,154,110,47,23,1657,10,53,231,1205,583,617,521,211,126,3543,8,42,391,1545,95,37,4,0,0,2129,10,20,42,218,204,199,579,513,203,1976,100,1045,1443,4622,2544,2585,1387,385,95,14212,0,0,0,32,13,9,15,3,3,84
507,5,55,82,619,309,273,375,247,69,2047,0,6,4,11,14,19,40,34,23,156,18,67,125,422,157,171,161,47,20,1186,55,387,556,3784,816,644,543,293,120,7200,21,130,241,1295,532,337,359,152,36,3112,3,48,81,540,192,122,89,36,13,1124,0,22,16,90,41,21,15,5,0,215,11,166,165,1115,371,326,262,182,67,2656,6,48,58,511,225,446,966,863,598,3715,11,32,53,272,190,82,43,19,0,709,15,74,89,682,203,111,47,16,0,1244,0,5,6,35,34,49,31,10,5,172,15,226,503,1938,935,777,964,419,98,5880,0,0,0,15,11,19,54,26,7,132,0,13,54,245,68,77,71,32,3,561,0,11,7,101,74,89,93,53,21,444,0,13,56,265,32,3,0,0,0,377,0,24,57,190,166,171,393,266,137,1403,123,1043,1506,5153,2583,2348,1232,387,54,14429,0,0,0,18,10,25,22,13,8,97
509,0,0,25,128,69,98,239,109,27,696,0,0,0,4,3,3,10,4,0,23,0,3,0,28,9,9,4,0,0,51,0,22,25,232,43,43,47,44,14,471,3,12,13,76,31,17,25,7,4,189,0,0,7,33,4,5,5,4,0,57,0,0,0,17,3,0,0,0,0,26,0,10,13,145,25,40,52,45,7,343,5,5,0,47,19,47,111,88,60,367,0,7,6,25,11,9,12,0,0,70,0,0,10,24,9,0,0,0,0,39,0,0,0,4,0,4,0,4,0,18,0,0,20,77,32,54,32,12,0,233,0,0,0,0,4,4,12,13,0,38,0,0,3,9,4,13,4,0,0,31,0,6,16,116,65,37,24,9,5,275,0,0,5,24,0,0,0,0,0,37,0,3,11,53,56,71,235,182,37,644,10,83,170,781,671,853,534,159,15,3270,0,0,0,0,3,4,3,0,0,12
510,0,0,17,105,39,40,31,12,0,244,0,0,0,3,4,0,5,3,0,19,0,5,0,29,10,8,7,0,0,51,11,59,21,487,90,47,15,4,0,726,8,38,27,135,54,21,3,0,0,287,0,0,0,27,4,5,0,0,0,32,0,0,0,5,0,0,0,0,0,11,3,12,9,257,31,31,13,7,0,360,0,0,8,74,13,15,11,8,0,125,0,3,0,25,14,0,0,3,0,51,0,0,3,41,6,0,0,0,0,56,0,0,0,7,0,4,0,0,0,17,0,4,15,98,35,21,10,8,0,184,0,0,0,0,0,0,3,0,0,11,0,5,9,37,9,4,0,0,0,66,0,7,0,24,9,3,6,0,0,46,0,4,8,44,0,0,0,0,0,66,0,0,15,43,17,24,20,11,0,120,30,147,260,1308,680,661,186,21,0,3295,0,0,0,9,5,10,12,0,0,41
511,0,3,18,123,67,53,90,67,13,436,0,0,0,5,4,5,3,3,3,25,4,0,7,26,7,8,3,0,0,46,11,65,40,440,85,41,25,25,5,728,0,25,18,118,42,14,14,8,3,236,0,3,3,38,12,0,5,0,0,64,0,3,0,9,5,0,0,0,0,16,0,6,6,159,35,19,28,17,3,290,0,0,3,49,13,21,58,59,30,244,0,0,9,20,10,0,0,0,0,47,0,5,8,47,6,0,0,0,0,66,0,0,0,0,6,0,4,0,0,10,0,0,18,110,44,33,16,5,6,223,0,0,0,0,0,0,3,13,0,19,0,0,4,19,7,10,0,0,0,35,0,0,0,21,4,8,9,0,4,40,0,7,0,45,3,0,0,0,0,56,0,3,3,40,21,32,98,45,12,254,30,224,373,1380,770,877,484,121,16,4279,0,0,0,4,3,0,7,5,0,20
597,0,0,0,0,0,0,0,0,0,0,0,0,0,0,0,0,0,0,0,0,0,0,0,0,0,0,0,0,0,0,0,0,0,0,0,0,0,0,0,4,0,0,0,6,0,3,0,0,0,7,0,0,0,0,0,0,0,0,0,0,0,0,0,0,0,0,0,0,0,0,0,0,0,4,0,0,0,0,0,4,0,0,0,0,0,0,0,0,0,0,0,0,0,0,0,0,0,0,0,0,0,0,0,0,0,0,0,0,0,0,0,0,0,0,0,0,0,0,0,0,0,0,0,0,0,0,0,0,0,0,0,0,0,0,0,0,0,0,0,0,0,0,0,0,0,0,0,0,0,0,0,0,0,0,0,0,0,0,0,0,0,0,0,0,0,0,0,0,0,0,0,0,0,0,0,0,0,0,0,3,0,0,0,19,5,6,0,0,0,27,0,0,0,0,0,0,0,0,0,0
599,0,0,4,21,3,6,12,3,0,46,0,0,0,0,0,0,0,0,0,0,0,0,0,5,0,0,0,0,0,4,0,0,0,14,0,0,3,3,0,30,0,0,0,12,3,3,0,0,0,15,0,0,0,6,4,4,0,0,0,9,0,0,0,0,0,0,0,0,0,6,0,0,4,13,0,5,3,7,0,31,0,0,3,21,4,0,5,3,0,41,0,0,0,0,0,0,0,0,0,0,0,0,0,3,0,0,0,0,0,4,0,0,0,0,0,0,0,0,0,0,0,0,0,10,3,3,0,0,0,13,0,0,0,0,0,0,0,0,0,0,0,0,0,3,0,0,0,0,0,4,0,0,3,6,0,5,0,0,0,12,0,0,0,3,0,0,0,0,0,0,0,0,0,8,4,0,3,0,0,21,3,7,18,88,45,57,30,9,0,257,0,0,0,0,0,0,0,0,0,0
601,6,12,19,173,96,152,234,231,110,1037,0,6,9,20,16,55,83,135,58,377,8,40,83,336,50,42,40,10,4,617,36,185,402,3060,159,84,64,51,28,4074,0,10,53,183,42,18,27,17,5,363,0,35,41,139,26,14,10,8,4,273,0,10,12,24,10,10,3,0,0,71,0,15,25,80,53,66,78,49,12,374,0,8,3,77,29,52,114,137,83,505,4,16,38,125,61,25,25,3,8,306,4,42,34,323,57,48,13,8,0,533,0,0,3,24,17,11,9,3,0,71,0,24,155,408,89,89,80,24,12,878,0,0,0,0,7,11,13,11,5,43,0,0,10,29,6,4,5,3,0,49,0,4,15,55,17,16,14,6,4,125,11,131,500,3412,31,13,7,0,0,4107,0,10,12,73,56,81,257,209,78,778,15,80,117,573,398,411,343,132,35,2108,0,0,0,4,0,3,0,0,0,17
602,0,5,10,65,44,88,138,129,39,499,0,0,3,5,5,3,14,15,6,52,0,3,21,82,10,17,16,0,0,148,12,61,141,1018,65,60,22,21,9,1412,0,6,18,49,6,12,16,6,0,111,0,90,65,61,14,13,6,0,0,259,0,0,0,7,3,0,0,0,0,14,0,3,8,37,26,29,37,29,13,187,0,0,0,24,3,24,61,57,53,227,0,7,5,31,11,12,6,0,0,76,4,7,11,83,16,10,8,0,4,140,0,3,0,0,3,12,3,0,0,16,10,28,81,164,43,35,35,11,0,408,0,0,0,0,0,9,8,13,0,25,0,0,0,8,0,6,4,3,0,27,0,24,52,86,42,3,5,0,0,213,7,111,259,1114,22,10,0,0,6,1523,0,4,9,46,49,63,232,234,60,685,4,42,73,316,302,369,278,109,15,1513,0,0,0,5,0,4,0,0,0,4
603,0,0,0,37,32,49,56,23,0,201,0,0,0,0,0,0,9,0,0,12,0,0,0,12,0,4,3,0,0,25,0,0,7,59,3,4,5,9,3,93,0,6,0,14,10,4,9,3,0,48,0,0,0,3,0,0,0,0,0,3,0,0,0,0,0,0,0,0,0,4,0,0,4,14,16,13,11,9,3,73,0,0,0,12,3,9,21,4,6,58,0,7,0,14,14,0,3,5,0,39,0,0,0,24,3,6,0,0,0,34,0,0,0,5,0,0,0,0,0,6,0,0,6,6,12,5,0,0,0,29,0,0,0,0,0,6,8,4,0,18,0,0,0,0,0,0,0,0,0,4,0,0,0,0,0,0,0,0,0,0,0,7,17,146,0,0,0,0,0,170,0,0,0,14,17,24,52,38,7,160,8,9,17,77,110,142,122,58,7,541,0,0,0,0,0,0,0,0,0,5
604,0,0,10,28,20,78,107,66,27,344,3,0,0,0,3,4,4,4,0,16,0,11,0,33,0,9,3,0,0,67,7,27,47,381,38,32,18,13,8,561,0,0,7,37,12,7,12,5,0,79,0,0,0,11,6,3,0,0,0,23,0,9,0,15,0,3,4,0,0,33,0,0,4,13,15,16,33,22,6,110,0,0,0,12,8,16,16,18,5,90,0,4,4,17,12,0,0,0,0,40,0,0,12,40,0,4,0,0,0,60,0,4,0,3,0,4,0,0,0,15,0,5,3,55,14,26,16,4,0,121,0,0,0,0,7,3,9,5,3,28,0,0,0,0,0,0,0,0,0,8,0,0,3,7,0,3,0,0,0,13,0,4,42,369,0,0,0,0,0,414,0,0,9,31,29,64,178,154,47,508,4,41,49,262,275,305,238,95,22,1299,0,0,0,0,0,0,0,0,0,4
697,0,0,0,0,0,0,0,0,0,0,0,0,0,0,0,0,0,0,0,0,0,0,0,0,0,0,0,0,0,0,0,0,0,0,0,0,0,0,0,0,0,0,0,0,0,0,0,0,0,0,0,0,0,0,0,0,0,0,0,0,0,0,0,0,0,0,0,0,0,0,0,0,0,0,0,0,0,0,0,0,0,0,0,0,0,0,0,0,0,0,0,0,0,0,0,0,0,0,0,0,0,0,0,0,0,0,0,0,0,0,0,0,0,0,0,0,0,0,0,0,0,0,0,0,0,0,0,0,0,0,0,0,0,0,0,0,0,0,0,0,0,0,0,0,0,0,0,0,0,0,0,0,0,0,0,0,0,0,0,0,0,0,0,0,0,0,0,0,0,0,0,0,0,0,0,0,0,0,0,0,0,0,0,0,3,0,0,0,0,0,0,0,0,0,0,0,0,0,0,0
699,0,0,0,3,0,0,0,0,0,5,0,0,0,0,0,0,0,0,0,0,0,0,0,4,0,0,0,0,0,4,0,0,0,0,0,0,0,0,0,0,0,0,0,0,0,0,0,0,0,3,0,0,0,0,0,0,0,0,0,0,0,0,0,0,0,0,0,0,0,0,0,0,0,0,0,0,0,0,0,3,0,0,0,0,0,0,0,0,0,0,0,0,0,0,0,0,0,0,0,0,0,0,0,0,0,0,0,0,0,0,0,0,0,0,0,0,0,0,0,0,0,0,0,0,0,0,0,0,0,3,0,0,0,0,0,0,0,0,0,0,0,0,0,0,0,0,0,0,0,0,0,0,0,0,0,0,0,0,0,0,0,0,0,3,0,0,0,0,0,6,0,0,0,0,0,0,3,0,0,4,0,0,0,3,4,10,0,0,0,25,0,0,0,0,0,0,0,0,0,0
701,7,14,20,179,83,74,98,89,28,590,3,54,98,267,133,170,239,152,24,1146,0,16,13,136,29,39,43,8,4,273,45,280,335,2442,355,190,120,35,9,3820,18,87,124,574,230,126,96,27,7,1292,0,3,7,64,12,6,0,4,0,87,0,0,5,4,8,0,0,0,0,15,3,35,35,398,39,27,43,27,3,609,0,9,8,128,35,38,68,57,25,365,4,13,7,77,37,16,3,5,0,169,9,20,20,211,30,10,5,0,0,301,0,0,0,27,4,4,0,0,0,41,3,29,38,229,101,98,92,52,8,653,0,0,0,4,6,3,14,0,4,32,0,5,0,48,7,7,4,0,5,67,0,4,13,75,43,18,13,8,0,174,0,69,402,1998,42,27,11,0,0,2540,0,3,0,51,24,30,72,49,9,244,10,108,148,702,498,545,330,99,8,2437,0,0,0,7,3,0,0,0,0,7
702,0,0,7,77,29,44,33,13,7,215,0,0,0,16,0,6,6,4,0,30,0,5,3,32,3,4,0,0,0,52,23,86,61,863,83,61,35,3,0,1216,0,10,7,86,19,13,9,0,0,138,0,0,0,10,0,3,0,0,0,15,0,0,0,9,7,5,0,0,0,18,0,4,4,77,13,19,14,5,0,142,0,3,4,43,9,14,19,23,3,122,0,3,0,32,9,4,0,0,0,50,0,4,0,51,9,0,0,0,0,70,0,0,0,0,4,4,0,0,0,10,3,0,0,48,16,19,10,0,0,99,0,0,0,0,0,0,4,0,0,9,0,0,0,18,0,9,0,0,0,31,0,0,0,12,3,4,0,0,0,24,5,16,40,371,10,4,3,0,0,443,0,0,0,26,8,13,19,13,9,94,16,103,115,517,246,312,176,40,3,1521,0,0,0,0,0,0,0,0,0,4
797,0,0,0,0,0,0,0,0,0,0,0,0,0,0,0,0,0,0,0,0,0,0,0,0,0,0,0,0,0,0,0,0,0,0,0,0,0,0,0,0,0,0,0,0,0,0,0,0,0,5,0,0,0,0,0,0,0,0,0,0,0,0,0,0,0,0,0,0,0,0,0,0,0,0,0,0,0,0,0,0,0,0,0,0,0,0,0,0,0,0,0,0,0,0,0,0,0,0,0,0,0,0,0,0,0,0,0,0,0,0,0,0,0,0,0,0,0,0,0,0,0,0,0,0,0,0,0,0,0,0,0,0,0,0,0,0,0,0,0,0,0,0,0,0,0,0,0,0,0,0,0,0,0,0,0,0,0,0,0,0,0,0,0,0,0,0,0,0,0,0,0,0,0,0,0,0,0,0,0,0,0,0,0,0,0,0,0,0,0,7,0,0,0,0,0,0,0,0,0,0
799,0,0,0,12,5,3,3,0,0,24,0,0,0,0,0,0,0,0,0,3,0,0,0,0,0,0,0,0,0,5,0,0,0,10,0,0,0,0,0,14,0,0,0,4,0,0,0,0,0,4,0,0,0,0,0,0,0,0,0,0,0,0,0,0,0,0,0,0,0,0,0,0,0,5,0,0,0,0,0,5,0,0,5,15,0,0,0,0,0,19,0,0,0,0,0,0,0,0,0,0,0,0,0,0,0,0,0,0,0,0,0,0,0,0,0,0,0,0,0,0,0,0,0,0,0,0,0,0,0,3,0,0,0,0,0,0,0,0,0,0,0,0,0,0,0,0,0,0,0,0,0,0,0,0,0,0,0,0,0,0,0,0,0,0,0,0,0,0,0,0,0,0,0,3,0,0,4,0,0,13,0,3,0,21,11,17,11,3,0,77,0,0,0,0,0,0,0,0,0,0
801,11,46,103,379,248,266,542,448,168,2212,0,13,27,71,61,121,234,330,148,1000,9,90,245,766,219,293,210,45,17,1897,122,1014,1531,10976,1811,833,585,247,79,17188,13,109,137,587,188,119,104,47,20,1325,0,44,102,603,154,111,65,25,10,1109,0,54,91,306,121,91,49,17,6,727,3,72,53,277,114,118,122,102,38,904,4,26,34,246,148,283,501,444,223,1909,12,74,111,307,180,76,66,15,6,850,24,106,252,1560,348,156,66,32,4,2553,0,14,29,136,94,71,78,29,6,464,13,112,310,1037,455,439,313,129,43,2851,0,5,3,20,12,37,102,60,18,254,0,13,40,174,53,45,30,5,0,367,0,7,59,252,155,81,58,41,14,660,11,78,991,4427,102,42,30,13,0,5686,8,32,45,114,96,105,272,216,103,1001,42,295,545,1608,916,838,525,256,63,5096,0,5,17,135,64,98,115,33,9,475
897,0,0,0,0,0,0,0,0,0,0,0,0,0,0,0,0,0,0,0,0,0,0,0,0,0,0,0,0,0,0,0,0,0,0,0,0,0,0,0,0,0,0,0,0,0,0,0,0,0,0,0,0,0,0,0,0,0,0,0,0,0,0,0,0,0,0,0,0,0,0,0,0,0,0,0,0,0,0,0,0,0,0,0,0,0,0,0,0,0,0,0,0,0,0,0,0,0,0,0,0,0,0,0,0,0,0,0,0,0,0,0,0,0,0,0,0,0,0,0,0,0,0,0,0,0,0,0,0,0,0,0,0,0,0,0,0,0,0,0,0,0,0,0,0,0,0,0,0,0,0,0,0,0,0,0,0,0,0,0,0,0,0,0,0,0,0,0,0,0,0,0,0,0,0,0,0,0,0,0,0,0,0,0,0,0,0,0,0,0,0,0,0,0,0,0,0,0,0,0,0
899,0,0,0,0,0,0,0,0,0,0,0,0,0,0,0,0,0,0,0,0,0,0,0,0,0,0,0,0,0,4,0,0,5,10,0,0,0,0,0,12,0,0,0,0,0,0,0,0,0,0,0,0,0,0,0,0,0,0,0,4,0,0,0,0,0,0,0,0,0,6,0,0,0,0,0,0,0,0,0,0,0,0,0,0,0,0,0,0,0,0,0,0,0,0,0,0,0,0,0,0,0,0,0,0,0,0,0,0,0,0,0,0,0,0,0,0,0,0,0,0,0,0,0,0,0,0,0,0,0,0,0,0,0,0,0,0,0,0,0,0,0,0,0,0,0,0,0,0,0,0,0,0,0,0,0,0,0,0,0,0,0,0,0,4,0,0,0,0,0,4,0,0,0,0,0,0,0,0,0,0,0,3,5,7,0,0,5,0,0,24,0,0,0,0,0,0,0,0,0,0
901,0,0,0,0,0,3,0,0,0,13,0,0,0,0,0,0,0,0,0,0,0,0,0,3,0,0,0,0,0,3,0,0,0,24,0,0,0,0,0,26,3,3,0,8,0,0,0,0,0,17,0,0,3,12,0,0,0,0,0,11,0,0,0,13,4,0,0,0,0,12,0,0,0,3,0,0,0,0,0,3,0,0,0,0,0,0,0,0,0,3,0,0,0,0,0,0,0,0,0,6,0,0,0,5,0,0,0,0,0,0,0,0,0,3,0,0,0,0,0,8,0,12,5,77,67,53,86,22,4,339,0,0,0,0,0,0,0,0,0,0,0,0,0,0,0,0,0,0,0,0,0,0,0,3,5,0,0,0,0,4,0,0,0,0,0,0,0,0,0,0,0,0,0,0,0,0,5,0,0,9,4,18,8,61,54,102,62,38,3,350,0,0,0,0,0,0,0,0,0,0
997,0,0,0,0,0,0,0,0,0,0,0,0,0,0,0,0,0,0,0,0,0,0,0,0,0,0,0,0,0,0,0,0,0,0,0,0,0,0,0,0,0,0,0,0,0,0,0,0,0,0,0,0,0,0,0,0,0,0,0,0,0,0,0,0,0,0,0,0,0,0,0,0,0,0,0,0,0,0,0,0,0,0,0,0,0,0,0,0,0,0,0,0,0,0,0,0,0,0,0,0,0,0,0,0,0,0,0,0,0,0,0,0,0,0,0,0,0,0,0,0,0,0,0,0,0,0,0,0,0,0,0,0,0,0,0,0,0,0,0,0,0,0,0,0,0,0,0,0,0,0,0,0,0,0,0,0,0,0,0,0,0,0,0,0,0,0,0,0,0,0,0,0,0,0,0,0,0,0,0,0,0,0,0,0,0,0,0,0,0,0,0,0,0,0,0,0,0,0,0,0
999,0,0,0,0,0,0,0,0,0,0,0,0,0,0,0,0,0,0,0,0,0,0,0,0,0,0,0,0,0,0,0,0,0,0,0,0,0,0,0,0,0,0,0,0,0,0,0,0,0,0,0,0,0,0,0,0,0,0,0,0,0,0,0,0,0,0,0,0,0,0,0,0,0,0,0,0,0,0,0,0,0,0,0,0,0,0,0,0,0,0,0,0,0,0,0,0,0,0,0,0,0,0,0,0,0,0,0,0,0,0,0,0,0,0,0,0,0,0,0,0,0,0,0,0,0,0,0,0,0,0,0,0,0,0,0,0,0,0,0,0,0,0,0,0,0,0,0,0,0,0,0,0,0,0,0,0,0,0,0,0,0,0,0,0,0,0,0,0,0,0,0,0,0,0,0,0,0,0,0,0,0,0,0,0,0,0,0,0,0,0,0,0,0,0,0,0,0,0,0,0
