SA4_CODE_2021,M_Singapore_0_4,M_Singapore_5_14,M_Singapore_15_24,M_Singapore_25_44,M_Singapore_45_54,M_Singapore_55_64,M_Singapore_65_74,M_Singapore_75_84,M_Singapore_85ov,M_Singapore_Tot,M_South_Africa_0_4,M_South_Africa_5_14,M_South_Africa_15_24,M_South_Africa_25_44,M_South_Africa_45_54,M_South_Africa_55_64,M_South_Africa_65_74,M_South_Africa_75_84,M_South_Africa_85ov,M_South_Africa_Tot,M_Sri_Lanka_0_4,M_Sri_Lanka_5_14,M_Sri_Lanka_15_24,M_Sri_Lanka_25_44,M_Sri_Lanka_45_54,M_Sri_Lanka_55_64,M_Sri_Lanka_65_74,M_Sri_Lanka_75_84,M_Sri_Lanka_85ov,M_Sri_Lanka_Tot,M_Taiwan_0_4,M_Taiwan_5_14,M_Taiwan_15_24,M_Taiwan_25_44,M_Taiwan_45_54,M_Taiwan_55_64,M_Taiwan_65_74,M_Taiwan_75_84,M_Taiwan_85ov,M_Taiwan_Tot,M_Thailand_0_4,M_Thailand_5_14,M_Thailand_15_24,M_Thailand_25_44,M_Thailand_45_54,M_Thailand_55_64,M_Thailand_65_74,M_Thailand_75_84,M_Thailand_85ov,M_Thailand_Tot,M_Turkey_0_4,M_Turkey_5_14,M_Turkey_15_24,M_Turkey_25_44,M_Turkey_45_54,M_Turkey_55_64,M_Turkey_65_74,M_Turkey_75_84,M_Turkey_85ov,M_Turkey_Tot,M_USA_0_4,M_USA_5_14,M_USA_15_24,M_USA_25_44,M_USA_45_54,M_USA_55_64,M_USA_65_74,M_USA_75_84,M_USA_85ov,M_USA_Tot,M_Vietnam_0_4,M_Vietnam_5_14,M_Vietnam_15_24,M_Vietnam_25_44,M_Vietnam_45_54,M_Vietnam_55_64,M_Vietnam_65_74,M_Vietnam_75_84,M_Vietnam_85ov,M_Vietnam_Tot,M_Wales_0_4,M_Wales_5_14,M_Wales_15_24,M_Wales_25_44,M_Wales_45_54,M_Wales_55_64,M_Wales_65_74,M_Wales_75_84,M_Wales_85ov,M_Wales_Tot,M_Zimbabwe_0_4,M_Zimbabwe_5_14,M_Zimbabwe_15_24,M_Zimbabwe_25_44,M_Zimbabwe_45_54,M_Zimbabwe_55_64,M_Zimbabwe_65_74,M_Zimbabwe_75_84,M_Zimbabwe_85ov,M_Zimbabwe_Tot,M_Elsewhere_0_4,M_Elsewhere_5_14,M_Elsewhere_15_24,M_Elsewhere_25_44,M_Elsewhere_45_54,M_Elsewhere_55_64,M_Elsewhere_65_74,M_Elsewhere_75_84,M_Elsewhere_85ov,M_Elsewhere_Tot,M_COB_NS_0_4,M_COB_NS_5_14,M_COB_NS_15_24,M_COB_NS_25_44,M_COB_NS_45_54,M_COB_NS_55_64,M_COB_NS_65_74,M_COB_NS_75_84,M_COB_NS_85ov,M_COB_NS_Tot,M_Tot_0_4,M_Tot_5_14,M_Tot_15_24,M_Tot_25_44,M_Tot_45_54,M_Tot_55_64,M_Tot_65_74,M_Tot_75_84,M_Tot_85ov,M_Tot_Tot,F_Afghanistan_0_4,F_Afghanistan_5_14,F_Afghanistan_15_24,F_Afghanistan_25_44,F_Afghanistan_45_54,F_Afghanistan_55_64,F_Afghanistan_65_74,F_Afghanistan_75_84,F_Afghanistan_85ov,F_Afghanistan_Tot,F_Australia_0_4,F_Australia_5_14,F_Australia_15_24,F_Australia_25_44,F_Australia_45_54,F_Australia_55_64,F_Australia_65_74,F_Australia_75_84,F_Australia_85ov,F_Australia_Tot,F_Bangladesh_0_4,F_Bangladesh_5_14,F_Bangladesh_15_24,F_Bangladesh_25_44,F_Bangladesh_45_54,F_Bangladesh_55_64,F_Bangladesh_65_74,F_Bangladesh_75_84,F_Bangladesh_85ov,F_Bangladesh_Tot,F_Bosnia_Herzegov_0_4,F_Bosnia_Herzegov_5_14,F_Bosnia_Herzegov_15_24,F_Bosnia_Herzegov_25_44,F_Bosnia_Herzegov_45_54,F_Bosnia_Herzegov_55_64,F_Bosnia_Herzegov_65_74,F_Bosnia_Herzegov_75_84,F_Bosnia_Herzegov_85ov,F_Bosnia_Herzegov_Tot,F_Brazil_0_4,F_Brazil_5_14,F_Brazil_15_24,F_Brazil_25_44,F_Brazil_45_54,F_Brazil_55_64,F_Brazil_65_74,F_Brazil_75_84,F_Brazil_85ov,F_Brazil_Tot,F_Cambodia_0_4,F_Cambodia_5_14,F_Cambodia_15_24,F_Cambodia_25_44,F_Cambodia_45_54,F_Cambodia_55_64,F_Cambodia_65_74,F_Cambodia_75_84,F_Cambodia_85ov,F_Cambodia_Tot,F_Canada_0_4,F_Canada_5_14,F_Canada_15_24,F_Canada_25_44,F_Canada_45_54,F_Canada_55_64,F_Canada_65_74,F_Canada_75_84,F_Canada_85ov,F_Canada_Tot
101,3,3,4,13,22,11,5,5,0,70,3,33,23,105,78,79,43,23,10,399,0,10,4,52,19,10,21,3,0,124,0,0,0,42,0,0,0,0,0,45,3,18,20,44,10,5,0,0,0,105,0,4,0,4,10,8,4,3,0,40,12,52,41,108,49,73,68,47,0,460,0,0,9,39,27,12,8,0,0,99,0,0,0,9,17,32,24,19,10,116,0,0,9,16,22,12,17,4,0,79,16,50,69,403,227,301,364,283,108,1807,337,886,768,1755,1061,1334,1220,681,268,8302,6515,14844,12371,26418,15413,17535,15755,7909,2332,119088,0,0,0,4,0,0,0,0,0,7,5841,12397,10025,21301,12740,13640,11260,5755,2442,95392,0,11,8,88,5,0,0,0,0,108,0,0,0,14,4,9,6,0,3,33,0,0,0,41,8,4,3,0,0,58,0,0,4,15,5,5,3,0,0,34,0,10,12,85,47,46,39,14,0,259
102,0,17,5,25,14,14,20,8,0,103,5,61,85,266,251,154,118,69,8,1017,4,8,8,51,25,22,28,17,4,162,0,7,0,15,5,3,3,0,0,42,0,30,24,86,33,12,3,0,0,199,0,4,0,14,15,25,13,4,0,75,0,50,57,152,115,92,91,45,4,614,0,20,17,53,38,21,10,9,0,161,4,7,8,28,51,45,43,52,11,248,0,9,19,53,46,20,12,10,0,163,16,77,97,566,441,450,458,411,137,2652,347,917,849,1886,1049,1022,990,780,412,8264,10001,22187,19909,38526,21395,21289,18898,11851,3929,167980,0,0,0,3,0,0,0,0,0,11,8950,18864,16796,31490,17287,17384,15579,9470,4516,140344,0,7,0,44,4,0,0,0,0,64,0,0,0,5,6,9,8,4,0,32,0,7,3,167,30,15,13,3,0,248,0,4,5,32,11,0,5,0,0,58,0,18,18,133,68,58,49,15,3,361
103,4,7,7,8,12,0,3,0,0,37,0,32,31,88,72,43,29,15,5,323,0,17,12,51,9,18,5,3,0,125,3,0,3,3,0,0,0,0,0,17,0,9,17,32,14,0,5,0,0,79,0,0,0,5,3,0,0,0,0,16,0,20,20,51,28,34,33,18,4,204,0,9,12,46,23,11,4,3,0,107,0,0,0,17,7,14,20,18,0,72,4,12,11,29,23,15,5,0,0,95,12,44,51,236,130,131,147,142,39,934,344,956,856,1780,958,1125,1070,671,228,7996,6529,14767,12486,24210,12847,13916,12385,6972,2090,106203,0,0,0,7,0,3,0,0,0,13,5635,12736,10174,20309,11133,11442,9816,5926,2702,89867,0,12,0,39,0,4,3,0,0,62,0,0,0,4,3,0,0,3,0,12,0,0,0,8,0,0,0,0,0,21,0,0,0,16,5,4,0,0,0,37,3,4,8,57,25,21,8,6,4,140
104,0,4,0,11,4,8,5,0,0,30,0,18,23,76,72,47,54,13,3,301,0,4,4,13,6,3,9,10,0,43,0,0,3,26,0,3,0,0,0,36,0,16,24,16,5,5,0,0,3,63,0,0,0,5,3,3,0,0,0,19,3,13,4,55,20,42,68,10,0,220,0,5,3,32,5,11,3,0,0,62,0,0,3,8,11,19,23,8,7,75,0,0,4,12,10,10,8,0,0,45,8,76,88,300,135,152,127,109,33,1031,181,505,475,1121,637,738,656,396,184,4897,3601,9071,7392,15140,8641,10197,10242,5462,1758,71497,0,0,8,12,7,0,0,0,0,34,3331,7660,5960,12101,7531,8686,8094,4533,2034,59928,0,0,0,4,3,0,0,0,0,9,0,0,0,0,0,4,0,0,0,11,0,5,0,23,0,4,0,0,0,35,0,4,0,10,0,0,0,0,0,18,0,6,6,51,34,30,25,13,0,172
105,0,0,0,3,4,0,0,0,0,6,3,9,7,30,28,16,6,6,0,101,0,12,5,51,13,15,4,3,0,105,0,0,0,13,0,0,0,0,0,13,0,4,0,11,0,3,0,0,0,31,0,0,0,0,0,3,0,0,0,6,0,4,5,14,3,6,12,7,0,54,0,0,0,26,5,4,3,0,0,47,0,0,0,0,0,0,7,0,3,14,0,11,8,23,23,7,3,0,0,64,0,20,21,117,47,50,72,63,17,414,394,924,768,1550,761,873,757,465,178,6682,3894,7840,6442,13921,6613,7562,6418,3526,1104,57315,0,0,0,0,0,0,0,0,0,0,3300,6393,5199,10974,5596,6365,5021,3095,1345,47283,0,3,0,59,5,3,0,0,0,74,0,0,0,0,3,0,3,0,0,6,0,0,0,11,0,0,0,0,0,11,0,3,0,10,0,0,0,0,0,8,0,0,0,18,7,9,7,0,4,35
106,0,3,10,9,12,8,4,3,0,43,3,47,75,166,131,76,56,42,5,604,0,7,0,40,13,11,9,3,0,81,0,0,0,24,4,0,0,0,0,30,4,27,27,62,20,11,0,0,0,143,0,0,0,17,7,0,3,0,0,34,5,25,41,84,29,47,42,25,6,299,4,6,14,90,25,12,5,0,0,152,0,0,0,19,19,34,28,25,5,133,0,4,18,48,39,15,6,6,0,135,9,56,75,354,138,185,222,146,33,1224,310,883,865,1822,908,998,898,645,226,7561,9000,20244,17527,35520,17779,18133,16078,8597,2259,145140,0,0,0,3,0,0,0,0,0,5,8197,17782,14879,30717,15507,15586,13200,7011,2814,125703,0,0,0,33,7,0,0,0,0,42,0,0,0,5,0,10,0,0,0,10,0,0,5,34,10,0,0,0,0,51,0,0,0,13,5,0,0,0,0,24,0,4,5,69,31,20,27,5,0,174
107,0,24,8,15,18,10,12,5,0,101,5,32,41,204,96,63,81,22,9,552,0,6,24,73,14,26,15,3,4,170,0,9,0,26,6,0,3,0,0,45,0,31,73,108,28,15,0,3,0,259,0,3,12,69,87,112,39,51,8,379,14,42,61,136,86,69,63,30,4,502,5,16,76,125,75,91,71,23,3,486,0,4,5,21,48,102,79,37,21,320,0,0,13,28,21,16,4,0,0,87,25,222,291,853,589,767,733,542,240,4257,314,733,857,1676,778,735,672,578,265,6606,9220,19723,20542,38696,19114,18989,15471,9129,3187,154066,0,5,3,9,0,4,0,3,0,34,8224,16828,17524,30919,15154,13798,10369,5831,2734,121378,0,9,13,65,7,4,0,0,0,94,0,0,5,60,28,60,38,25,12,221,0,0,7,80,21,10,4,0,3,135,0,3,4,22,12,11,5,0,0,54,8,23,21,185,69,54,22,9,3,375
108,0,0,0,6,5,7,10,4,0,32,7,13,27,70,63,52,69,45,11,342,0,4,3,16,11,8,4,5,0,59,0,0,0,8,0,0,0,0,0,13,0,21,13,18,14,4,0,0,0,76,0,0,0,5,0,9,4,4,0,26,5,23,25,53,31,45,74,34,12,295,0,12,6,23,12,4,4,0,0,68,0,3,3,9,21,16,29,22,3,104,0,0,0,11,16,13,11,0,5,63,7,42,39,173,134,161,252,221,65,1094,308,807,713,1413,927,1214,1334,861,338,7907,5188,13039,11097,19869,12794,16402,18637,10910,3396,111336,0,0,0,0,0,0,0,0,0,0,4669,11454,9502,17644,11476,14877,14724,8716,3981,97042,0,0,0,10,6,0,0,0,0,18,0,0,0,0,0,6,0,0,0,5,0,5,0,36,0,7,0,3,0,57,0,0,0,11,7,0,0,0,0,21,0,13,8,84,34,42,28,10,6,220
109,0,4,0,5,4,0,0,0,0,16,0,11,8,44,21,24,15,3,3,130,0,6,3,42,14,10,7,0,0,76,0,0,0,11,0,0,0,0,0,7,0,10,9,18,0,0,0,0,0,36,0,0,0,3,3,3,0,0,0,12,0,5,4,18,11,14,10,11,0,77,0,8,7,26,14,5,4,0,0,53,0,0,0,8,7,8,10,10,4,42,0,3,0,7,9,5,0,0,0,28,7,49,44,220,115,99,102,73,28,745,238,589,530,1103,617,738,736,423,174,5147,3653,7822,6757,13268,7224,8281,8142,4386,1382,60918,0,0,0,0,0,0,0,0,0,0,3217,6596,5768,11087,6277,7096,6442,3715,1587,51791,0,4,0,30,4,0,0,0,0,37,0,0,0,0,0,0,0,4,0,4,0,0,0,4,0,0,0,0,0,7,0,0,0,4,0,0,0,0,0,6,0,0,3,17,13,10,3,0,0,50
110,0,3,5,3,7,3,5,3,0,20,0,19,26,69,43,30,23,7,0,210,3,6,3,40,17,7,8,0,0,86,0,0,9,103,0,0,0,0,0,120,0,15,4,20,4,9,3,0,0,54,0,0,0,5,3,0,0,0,0,12,0,22,18,57,29,34,37,24,0,232,10,40,17,138,30,11,5,0,0,237,0,3,3,4,8,6,9,8,0,46,4,6,4,15,14,7,5,4,0,58,5,53,53,282,91,82,96,59,17,752,438,1161,1178,2093,1116,1224,1077,703,254,9250,5661,12632,10936,20492,10734,12042,10835,6162,1773,91262,0,0,0,0,0,0,0,0,0,3,4545,10529,9076,16802,9202,10288,8736,5625,2283,77083,0,4,0,41,4,0,0,0,0,59,0,0,0,0,0,0,3,0,0,5,0,0,8,28,5,0,0,0,0,41,0,0,0,9,0,0,0,0,0,11,0,5,7,40,14,19,22,7,0,105
111,5,12,13,48,13,17,8,7,0,119,8,49,81,259,153,107,86,25,7,787,3,12,25,76,42,28,20,18,3,222,0,0,7,32,6,6,3,0,0,50,9,24,45,102,17,5,3,0,0,204,0,0,0,19,16,14,3,3,0,56,23,62,70,195,99,83,62,26,3,617,3,29,43,128,51,39,15,7,0,313,4,10,4,32,47,47,41,25,18,221,0,5,34,71,32,19,18,9,0,181,31,234,256,878,362,329,322,265,127,2809,270,764,1046,2093,917,918,924,648,314,7883,10863,23912,24834,49586,23587,22868,19845,11539,3991,191024,6,40,18,73,8,5,3,0,0,154,9928,20633,21248,41027,20291,20179,17233,10424,5256,166217,0,22,13,115,9,4,3,0,0,175,0,0,0,29,9,35,30,11,0,118,0,3,4,131,19,7,3,0,0,167,0,3,0,41,17,8,14,0,0,83,0,26,23,201,73,43,36,7,7,410
112,0,12,4,7,12,15,9,3,0,68,0,28,30,154,112,94,102,49,14,586,0,0,0,30,4,11,16,3,0,68,0,10,0,13,0,4,0,0,0,26,0,30,28,42,14,6,4,3,0,130,0,0,0,9,9,4,0,0,0,30,12,47,37,145,110,103,142,48,7,649,0,9,8,29,20,5,0,3,0,75,0,0,11,19,22,32,35,16,16,147,0,0,7,23,24,13,29,9,0,107,20,83,89,650,262,277,258,169,59,1864,405,1148,947,2278,1290,1431,1304,763,362,9944,6283,15739,12755,26386,15829,17933,17291,9007,3212,124435,0,0,0,0,0,0,0,0,0,0,5491,13081,10582,21415,13240,14945,13504,7431,3681,103371,0,0,0,5,0,4,0,0,0,15,0,0,0,7,0,4,5,6,0,14,0,15,19,337,37,14,5,5,0,428,0,0,4,12,6,0,0,0,0,20,3,18,25,193,87,66,55,18,0,469
113,0,0,0,0,3,0,0,0,0,18,3,26,47,109,61,41,19,9,0,325,4,16,10,69,24,9,3,0,0,136,0,0,0,78,0,4,0,0,0,88,0,6,13,33,5,0,0,0,0,61,3,12,0,10,12,15,3,0,0,61,7,13,7,23,23,14,22,3,0,108,0,5,19,36,9,10,0,0,0,79,0,0,0,10,3,3,8,11,0,31,0,6,11,30,18,16,3,0,0,83,7,56,76,353,120,98,87,67,23,896,267,709,747,1396,752,772,694,507,206,6056,5153,11141,10487,20021,9598,10113,8481,4772,1594,81361,0,5,10,18,9,3,0,0,0,40,4694,9324,8603,15063,7929,8398,6904,4161,2048,67129,0,9,4,45,5,4,0,0,0,64,0,0,0,0,0,5,0,0,0,9,0,3,0,20,8,3,0,0,0,34,0,0,0,12,0,0,0,0,0,10,0,0,4,24,10,9,10,0,0,59
114,0,8,6,0,15,4,10,4,0,56,0,9,13,69,55,52,59,38,6,305,0,5,5,28,11,7,0,9,0,62,0,0,4,12,4,0,4,6,0,26,0,10,15,45,4,11,4,0,0,88,0,0,0,5,0,4,5,0,0,13,3,25,35,57,37,50,73,26,10,309,0,3,9,16,18,6,3,0,0,56,0,3,0,10,6,21,37,23,7,113,0,0,0,13,9,9,6,4,0,44,3,35,25,178,126,196,282,243,64,1158,211,549,473,942,621,709,659,506,237,4907,4095,9255,7947,15958,9197,11094,11921,7274,2168,78909,0,0,0,0,0,0,0,0,0,0,3655,8087,6543,12781,7775,9221,9314,5247,2047,64668,0,6,0,21,0,0,0,0,0,28,0,0,0,0,4,3,5,4,0,18,0,0,0,28,9,8,4,0,0,42,0,4,0,13,3,0,4,0,0,22,0,10,11,40,34,38,36,14,6,185
115,6,100,105,100,71,62,67,22,6,533,27,210,252,515,450,300,134,54,11,1963,4,57,128,495,368,451,293,107,28,1935,3,20,23,159,43,34,63,19,0,364,4,22,23,63,19,9,11,0,0,157,0,4,3,36,60,48,13,19,0,186,35,105,117,138,71,65,36,10,0,586,0,16,23,107,116,102,50,13,0,423,0,12,9,14,30,31,24,13,10,135,0,4,17,53,56,42,16,3,0,193,30,258,274,826,598,594,421,299,103,3389,147,421,379,821,428,336,288,221,83,3113,7422,20547,17813,31378,18399,15257,11728,6282,2000,130838,0,3,8,132,70,60,29,10,3,316,6703,15859,12940,15597,10088,7504,5922,3790,1708,80112,0,7,17,183,73,62,29,0,0,375,0,0,0,14,24,18,7,7,5,73,4,8,13,79,19,22,9,6,3,154,0,4,5,22,29,12,5,0,0,75,5,19,25,76,43,30,16,11,0,217
116,8,98,44,76,42,48,41,7,4,376,5,93,93,393,189,155,96,32,6,1068,13,127,222,1369,611,464,295,109,15,3228,0,8,12,85,22,16,16,3,5,169,4,14,45,116,38,11,14,0,3,249,0,14,24,209,167,183,86,54,5,745,17,111,87,127,48,59,19,9,0,473,5,22,31,159,134,118,81,17,4,567,0,0,4,3,11,7,8,10,3,51,0,12,38,86,52,20,6,0,0,218,59,495,792,2599,1359,1195,817,489,197,7996,741,1600,1486,3509,1185,895,624,385,158,10586,15582,31144,26718,63602,24114,18686,12850,5840,1569,200107,3,58,139,652,222,184,88,26,5,1381,13498,23138,16131,22496,9393,6733,4961,2452,949,99764,5,116,91,973,208,148,52,11,0,1602,0,0,3,71,51,72,43,25,4,282,4,9,4,74,14,15,4,0,0,123,0,3,7,53,31,18,13,5,0,127,4,11,20,62,17,8,20,0,0,155
117,17,21,101,362,119,62,48,20,4,743,0,11,85,703,200,145,91,40,6,1284,0,5,28,252,45,40,36,11,0,424,5,7,76,517,52,24,30,9,0,711,7,51,214,2166,286,103,35,3,0,2864,0,4,19,353,107,126,48,57,7,712,50,87,133,923,259,204,93,56,0,1813,6,51,289,760,331,325,240,76,33,2110,0,6,19,143,43,27,22,10,3,274,0,0,17,69,25,22,10,0,5,143,65,262,625,5671,1212,937,847,635,204,10451,289,511,1377,5123,1325,1084,684,394,141,10924,7039,9904,20112,80466,20560,15617,10108,5139,1566,170509,4,0,3,28,6,3,0,0,0,48,5972,7822,11092,29986,8688,6226,4040,1884,802,76514,3,18,65,327,108,48,9,6,0,582,0,0,0,52,11,29,17,17,0,141,4,12,108,1318,79,39,22,16,3,1600,0,0,26,61,15,21,18,3,0,154,5,6,51,492,76,48,33,9,3,735
118,10,80,88,136,64,43,46,26,3,504,9,85,199,967,793,646,480,255,93,3527,0,0,17,83,30,22,29,12,4,200,4,5,9,116,28,16,23,3,0,211,0,19,23,129,38,29,25,0,0,262,0,5,10,105,44,37,19,16,4,234,70,215,151,578,235,170,94,45,8,1564,0,21,36,124,86,50,44,16,9,384,0,0,9,178,37,22,21,10,0,290,0,0,4,48,31,37,11,8,4,140,35,216,293,3012,1061,957,1084,778,351,7779,244,534,766,2451,743,608,414,329,181,6271,6777,13598,14097,43218,16525,13135,9967,6207,2553,126084,0,0,0,3,5,0,0,0,0,9,5929,11066,10304,21277,9205,7103,5107,3369,1780,75139,0,8,15,63,34,14,7,0,0,138,0,0,0,32,20,17,16,9,5,97,9,18,130,1516,88,44,26,3,0,1830,0,4,6,15,13,7,11,0,3,51,6,28,48,423,109,67,32,15,7,738
119,11,40,53,164,72,64,74,26,4,499,0,17,41,223,130,102,87,39,8,656,5,9,19,162,73,63,79,27,12,457,3,18,38,355,60,25,53,13,3,575,10,39,84,508,126,76,39,11,0,894,0,11,13,174,135,158,84,57,14,645,23,79,90,221,84,68,34,19,7,621,42,257,740,2651,1973,2339,1234,405,150,9789,0,0,3,31,22,22,17,14,4,119,0,0,16,55,31,14,12,0,0,127,118,765,1035,5165,2390,2392,1666,1122,377,15023,933,1996,2103,5630,1877,1679,1220,835,406,16679,19082,37176,39941,91267,35979,33625,24305,14268,5962,301606,0,11,21,90,26,23,7,4,0,177,16206,29397,25222,35327,15187,10584,7127,4688,3322,147065,42,199,387,2864,428,184,45,10,0,4160,0,0,3,155,79,135,73,35,15,489,10,43,84,1044,104,76,29,13,6,1402,0,6,25,84,70,69,45,18,8,329,0,14,27,123,47,33,15,10,7,266
120,14,38,33,177,55,49,35,25,7,427,3,13,30,285,137,70,71,33,7,657,4,16,38,357,160,186,171,92,35,1058,4,16,36,476,26,29,41,8,6,644,5,21,52,426,84,34,20,5,0,655,0,5,12,166,94,88,48,26,5,452,37,132,80,295,126,112,65,32,6,882,4,47,181,599,403,348,201,73,18,1874,0,0,0,49,29,30,17,5,0,134,0,5,0,33,16,11,9,0,0,73,51,214,289,2141,765,708,620,462,200,5453,234,502,884,2442,677,610,474,385,217,6430,8005,15195,18505,51494,18562,15994,11551,6502,2701,148502,0,0,0,28,3,0,4,0,0,37,7024,12716,11234,22927,10775,8080,5308,2628,1376,82071,5,10,32,183,27,13,4,0,0,263,0,4,0,32,12,19,22,12,3,100,3,14,23,350,44,29,6,8,0,483,0,4,7,63,34,17,20,8,4,165,8,22,25,184,80,49,30,11,0,402
121,33,255,186,250,150,108,95,32,11,1123,22,230,317,1106,828,589,489,184,53,3818,0,18,24,336,191,150,124,60,19,921,17,72,62,576,178,79,118,45,4,1156,10,55,92,365,98,53,16,11,0,704,0,21,8,129,56,49,29,10,4,311,97,357,293,489,336,264,154,82,14,2089,4,31,55,247,228,95,78,25,6,763,0,9,9,65,75,69,47,29,0,302,0,3,9,87,83,79,44,11,0,327,62,475,384,2546,1253,931,703,528,210,7090,271,590,554,1777,699,564,505,396,293,5644,11192,27991,23928,56273,28692,23257,17682,11000,4163,204179,0,3,0,27,13,21,18,3,0,89,9639,20729,16411,24994,14683,11719,9847,7145,3746,118908,0,4,10,118,17,13,8,0,0,179,0,0,0,30,14,17,5,6,3,68,3,29,42,658,113,30,16,0,0,895,6,8,10,43,28,10,6,0,0,96,11,44,59,260,159,137,70,37,3,782
122,16,91,57,34,42,17,33,9,0,304,11,109,134,685,533,299,164,84,18,2031,0,3,5,26,15,18,9,11,4,88,0,5,5,25,13,12,18,6,0,82,0,21,30,82,24,22,7,0,0,197,0,7,5,34,33,33,25,12,5,155,36,189,128,403,245,187,116,52,5,1359,0,13,20,57,51,44,8,11,4,202,0,12,9,102,87,61,45,35,7,362,0,0,3,41,64,47,26,4,0,190,23,213,194,1623,836,690,471,366,91,4510,156,411,415,1058,546,459,374,290,182,3903,7237,17828,15631,31004,19374,16041,11509,7559,2746,128929,0,0,0,9,7,5,7,0,0,27,6537,14609,11667,18263,12138,9614,7746,5481,2767,88827,0,0,4,26,6,0,0,0,0,32,0,0,0,39,18,27,22,4,0,104,3,28,93,1265,172,50,14,3,3,1634,0,0,0,15,12,6,0,0,0,32,5,27,38,336,163,123,60,36,7,795
123,0,19,14,26,17,17,15,5,0,104,3,34,33,202,134,118,99,45,12,674,3,25,38,132,79,73,47,20,5,421,0,0,0,26,10,3,7,0,0,47,4,26,40,159,29,23,26,5,5,320,0,5,9,38,25,31,6,9,0,123,0,29,32,97,64,46,32,8,0,312,0,16,24,231,123,122,56,8,4,591,0,5,4,16,22,35,26,12,0,121,0,5,17,60,44,26,13,0,0,168,18,176,259,1329,865,866,667,367,73,4626,418,1040,854,1932,850,639,509,402,146,6794,11249,22668,19452,40810,18125,15445,11703,5419,1305,146172,0,0,22,92,33,17,15,4,4,200,10199,19032,14994,26332,11061,9515,7217,3196,1270,102815,7,133,176,1800,402,206,57,0,3,2791,0,4,5,56,38,41,17,9,0,169,0,0,0,57,5,8,9,0,0,84,0,10,12,142,58,36,39,9,3,313,4,9,13,48,30,15,9,5,0,141
124,3,14,15,38,30,21,16,5,0,147,0,18,32,160,141,100,86,41,4,584,3,14,35,230,91,98,76,26,4,572,0,3,3,37,6,5,8,0,0,68,12,21,23,104,38,13,11,0,0,213,0,6,0,51,46,46,17,9,4,186,8,33,46,139,70,86,66,32,4,478,4,13,30,114,64,38,16,0,4,286,0,0,3,11,39,41,50,22,5,167,0,7,20,41,36,28,9,3,0,138,16,127,238,1120,680,652,587,346,91,3844,453,1006,1007,2242,966,802,655,497,253,7893,11415,22939,21135,44692,20695,18613,14801,7046,1858,163198,0,15,31,135,39,21,16,0,0,263,10031,19676,17029,33229,15205,13228,10000,4646,1816,124860,0,15,11,170,32,18,8,4,0,257,0,0,0,29,19,19,21,13,3,103,0,5,7,56,8,10,5,0,0,96,0,4,9,46,18,18,11,4,0,110,3,9,5,73,46,47,30,12,6,229
125,8,73,53,143,74,40,55,17,0,478,0,28,38,208,125,80,62,27,8,577,15,93,211,1445,674,617,418,171,71,3720,3,12,49,535,80,33,41,8,0,760,6,36,89,325,38,32,27,9,0,554,9,26,60,560,540,566,289,203,26,2281,29,106,79,167,61,52,39,10,4,540,3,67,231,1030,1063,1394,807,256,103,4962,0,0,0,9,17,16,14,7,0,70,0,11,17,93,32,20,10,0,0,187,107,682,842,3976,1537,1341,896,635,211,10228,919,1923,2045,6044,1716,1349,913,548,272,15728,16976,31484,32400,90007,27963,23899,16706,8948,3190,251582,12,219,474,1439,462,289,134,60,13,3100,14103,22639,17031,23362,8179,6015,4963,3498,1904,101691,7,47,74,685,120,70,28,4,5,1029,0,0,5,99,66,89,67,28,7,361,0,7,14,157,28,23,7,5,0,250,0,0,18,123,99,86,63,34,10,437,5,13,19,93,35,24,14,6,0,205
126,9,83,67,145,80,45,40,16,3,478,0,34,47,215,135,76,71,30,14,620,7,26,44,297,132,157,158,52,25,906,8,27,38,360,93,36,55,33,0,649,8,12,35,140,43,16,13,4,0,275,3,0,5,69,33,22,18,5,4,159,20,87,66,135,59,44,30,17,3,473,5,26,91,257,146,122,66,24,3,745,0,0,3,25,12,24,14,10,0,83,0,0,22,37,23,3,9,0,0,104,42,279,202,1333,487,449,301,223,121,3430,161,336,335,1168,349,318,219,170,93,3143,5431,12185,11948,31394,12028,10826,8217,4394,1960,98378,0,0,0,50,35,32,20,0,0,144,4860,9048,7692,10186,5356,4506,3349,2366,1732,49105,4,21,65,243,25,15,7,0,0,375,0,0,0,19,13,14,10,0,0,61,0,12,15,199,20,9,3,0,0,261,0,0,6,22,15,8,3,4,0,60,0,7,13,80,35,19,25,10,7,194
127,3,18,15,57,19,29,32,4,0,183,3,27,34,139,84,58,52,18,4,417,0,10,18,138,59,80,76,34,3,426,0,8,11,62,23,11,18,6,0,140,14,44,62,588,98,78,33,7,3,916,8,63,38,172,183,156,82,56,12,765,17,64,46,145,38,26,19,6,0,351,56,428,1019,4513,4219,4679,2289,629,244,18081,0,0,3,5,3,12,16,14,0,53,0,8,67,110,77,34,0,0,0,298,73,862,1251,4225,2853,3024,2271,1262,371,16188,807,1885,1702,3676,1521,1410,914,542,186,12635,16581,34479,33293,64958,28957,27154,17915,8733,2865,234934,4,7,39,180,44,35,3,0,0,325,14336,25954,21873,26647,8476,6242,3655,2106,928,110226,0,37,66,645,103,69,25,5,0,952,0,4,25,404,230,332,175,79,38,1284,0,0,0,62,16,19,8,7,0,119,15,59,225,1638,1109,1137,728,284,141,5330,0,11,23,58,17,15,8,0,0,136
128,5,18,13,30,25,23,21,3,0,146,5,43,39,209,146,105,87,50,7,682,0,0,4,19,19,19,13,3,0,80,0,0,6,20,10,9,8,4,0,49,4,23,26,65,16,11,0,0,0,147,0,0,0,27,20,15,9,5,0,79,15,37,35,121,71,70,32,20,0,396,0,16,3,56,59,40,50,10,0,236,0,9,6,45,27,38,18,13,3,152,0,0,6,22,10,14,5,0,0,55,11,143,123,835,516,478,365,266,107,2838,151,363,304,909,444,380,306,256,150,3259,6805,15129,13860,27522,15403,13833,10933,6318,2445,112258,0,0,0,4,0,0,0,0,0,4,6216,13017,11861,21228,11929,10268,8216,4988,2877,90598,0,0,9,32,10,9,4,0,0,56,0,0,0,28,19,31,22,7,5,114,3,14,21,294,42,23,4,9,0,415,0,0,0,20,6,9,11,0,0,54,4,10,7,162,61,49,22,11,0,316
197,0,0,0,0,0,0,0,0,0,0,0,0,0,0,0,0,0,0,0,0,0,0,0,0,0,0,0,0,0,0,0,0,0,0,0,0,0,0,0,0,0,0,0,0,0,0,0,0,0,0,0,0,0,0,0,0,0,0,0,0,0,0,0,0,0,0,0,0,0,0,0,0,0,0,0,0,0,0,0,0,0,0,0,0,0,0,0,0,0,0,0,0,0,0,0,0,0,0,0,0,0,0,0,0,0,0,0,0,0,0,0,0,0,0,0,0,0,0,0,0,0,0,0,0,0,0,0,0,0,0,0,0,0,0,0,0,0,0,0,0,0,0,0,0,0,0,0,0,0,0,0,0,0,0,0,0,0,0,0,0,0,0,0,0,0,0,0,0,0,0,0,0,0,0,0,0,0,0,0,0,0,0,0,0,0,0,0,0,0,0,0,0,0,0,0,0,0,0,0,0
199,0,0,0,0,0,0,0,0,0,3,0,0,5,10,3,0,6,0,0,26,0,0,0,3,0,0,0,0,0,5,0,0,0,8,0,0,0,0,0,13,0,0,0,3,0,0,0,0,0,0,0,0,0,0,0,0,0,0,0,5,5,9,7,16,5,3,4,0,0,33,0,0,0,6,3,5,3,0,0,19,0,0,0,0,0,4,0,0,0,3,0,0,0,0,0,0,0,0,0,4,3,4,12,56,17,17,18,3,0,132,79,160,218,814,375,289,120,30,7,2087,258,382,658,2271,1010,949,648,166,19,6375,0,0,0,0,0,0,0,0,0,0,109,203,390,775,368,422,252,64,17,2601,0,0,0,0,0,0,0,0,0,0,0,0,0,0,0,0,0,0,0,0,0,0,0,8,0,3,0,0,0,12,0,0,0,0,0,0,0,0,0,6,0,0,7,9,0,3,0,0,0,15
201,0,3,0,19,10,7,0,0,0,45,4,11,14,59,44,34,22,8,0,205,4,0,12,96,22,9,11,3,0,162,0,0,3,12,6,0,0,0,0,22,0,9,24,14,11,0,0,0,0,59,0,0,0,6,0,3,0,0,0,19,0,25,17,75,37,26,44,15,0,243,0,8,9,33,18,11,3,0,0,75,0,0,0,8,9,13,16,11,5,69,0,3,3,16,6,3,5,0,0,45,0,32,62,220,121,158,154,107,39,901,211,601,541,1126,693,728,722,435,187,5248,4685,11242,9996,20031,10917,11043,10169,5341,1624,85041,0,0,0,0,0,0,0,0,0,3,4367,9634,8491,17099,9612,9724,8377,4350,2033,73685,0,3,3,25,4,0,5,0,0,47,0,0,0,5,0,7,4,0,0,20,0,5,0,24,8,3,0,0,0,37,0,3,7,11,0,0,0,0,0,19,0,5,11,40,22,31,17,4,0,118
202,4,0,6,7,5,7,4,4,0,36,0,8,22,60,45,27,32,11,0,213,5,9,20,76,29,19,9,7,0,173,0,3,5,61,4,0,0,0,0,69,10,95,163,88,6,7,0,0,0,364,0,0,0,8,0,5,3,0,0,22,4,17,14,27,41,28,48,13,3,187,0,5,3,55,27,14,5,0,0,114,0,3,0,5,12,21,12,12,5,69,0,0,4,18,15,4,0,3,0,46,13,31,52,173,101,113,108,76,20,695,220,560,482,1135,690,759,653,458,198,5165,4680,10807,9176,18993,10303,10704,10026,5342,1781,81803,0,5,12,22,5,0,0,0,0,46,4200,9183,7885,16461,9113,9677,8573,4536,2149,71767,0,4,3,24,0,3,0,0,0,37,0,0,0,0,0,5,3,0,0,12,0,3,0,16,3,0,0,0,0,27,0,6,0,14,4,0,0,0,0,28,0,10,0,54,21,11,8,4,0,116
203,0,16,20,40,29,29,25,3,6,166,0,35,57,177,109,87,67,23,3,568,6,14,76,270,41,21,27,16,3,468,0,4,0,25,5,3,0,0,0,38,3,72,112,100,6,8,4,0,0,308,0,5,0,27,22,24,12,10,0,97,9,54,44,135,83,66,60,26,0,471,0,10,52,128,62,53,22,10,0,336,0,5,6,28,35,32,42,29,3,180,0,0,15,67,23,12,14,0,0,139,21,158,191,741,327,430,459,352,135,2803,315,880,877,1973,1022,964,986,652,242,7921,9727,20748,19410,42235,19673,18661,17397,9172,3048,160063,0,19,54,117,47,13,13,3,0,257,8756,17508,15876,33435,16739,16028,13731,7074,3240,132390,0,7,3,54,4,5,0,0,0,79,0,0,5,62,41,73,42,31,8,256,0,3,0,74,12,6,0,0,0,102,0,4,0,17,8,12,8,0,0,45,5,21,12,170,62,29,21,9,3,343
204,0,3,0,11,5,5,3,0,0,35,0,13,26,49,45,27,24,9,0,205,0,10,8,45,24,8,14,4,0,109,0,0,4,28,0,0,0,0,0,36,3,7,13,41,6,3,0,0,0,73,0,0,0,9,4,4,0,0,0,12,9,12,23,49,24,20,39,11,3,185,3,24,20,66,15,3,3,0,0,132,0,0,3,6,13,20,23,23,0,88,0,8,6,12,13,5,4,0,0,43,12,68,101,195,140,168,191,171,59,1115,235,734,671,1393,827,1058,989,593,205,6705,4703,11414,10110,19550,11275,13068,12546,6561,1946,91165,0,0,0,0,0,0,0,0,0,0,4394,9803,8064,16679,10054,11133,9703,5054,2173,77047,0,0,0,10,5,0,0,0,0,20,0,0,0,5,4,6,3,0,0,17,0,0,0,19,0,0,0,0,0,29,0,5,0,21,0,3,0,0,0,37,0,10,3,54,19,25,15,7,0,141
205,0,8,9,19,10,9,8,0,0,58,7,22,36,114,86,80,58,27,3,426,0,8,24,136,37,30,33,25,4,300,3,0,3,58,0,4,0,4,0,77,5,30,37,47,11,0,0,0,0,126,0,4,0,9,11,5,3,5,0,41,4,28,31,58,41,52,75,31,6,330,4,18,11,127,44,33,12,0,0,255,0,0,6,14,14,33,45,27,3,144,0,0,7,25,24,10,13,0,0,79,7,48,83,376,207,313,398,286,90,1808,474,1180,953,2381,1403,1704,1718,1061,425,11299,7975,18283,15191,31703,17328,21171,21666,11297,3215,147833,0,0,0,0,0,0,0,0,0,4,7162,15403,12802,27014,15198,17782,15817,7841,3109,122120,0,3,0,24,0,0,0,0,0,32,0,0,0,8,3,8,9,5,3,35,0,0,0,18,4,4,4,0,0,30,3,0,4,33,11,3,0,0,0,52,5,7,6,53,32,52,27,13,0,197
206,16,73,213,744,144,68,55,15,6,1329,4,27,131,919,221,131,135,35,8,1610,3,12,158,779,135,96,88,36,13,1327,4,27,84,623,39,22,22,0,5,831,11,43,181,806,72,22,15,4,0,1154,0,13,21,416,169,183,96,58,6,965,90,198,289,1347,383,239,161,63,9,2786,14,93,499,993,579,588,378,131,48,3328,0,3,11,170,44,41,24,22,5,316,0,0,37,166,39,27,16,3,0,286,70,387,1096,7687,1556,1149,936,676,277,13830,512,911,1989,7296,1976,1646,1135,727,342,16524,12355,21580,37841,131308,35375,28011,19248,10415,3804,299941,3,3,14,74,11,8,8,0,0,125,10897,17710,26240,69341,23358,17999,11618,5005,2184,184346,0,14,46,170,14,12,6,0,0,253,3,0,4,144,29,42,36,23,7,288,3,22,88,956,77,21,14,8,0,1190,0,0,56,79,29,27,27,8,9,236,17,49,85,902,179,83,49,10,3,1366
207,15,133,154,312,182,116,108,61,11,1099,6,57,104,310,217,181,114,66,18,1083,5,52,235,811,286,217,205,91,47,1949,11,57,65,544,123,72,105,31,3,1012,12,30,53,143,23,11,14,9,0,295,3,10,9,68,46,55,21,20,3,224,41,171,162,224,133,93,64,41,5,939,0,66,197,437,481,483,289,89,31,2067,0,0,5,21,25,32,26,14,10,128,0,0,12,62,21,36,17,3,0,147,37,267,327,1242,587,585,518,432,240,4247,194,512,734,1686,695,563,547,463,292,5688,8044,22054,26119,47044,23630,21188,16112,10853,4758,179806,0,0,4,26,7,9,4,3,0,52,7090,16717,17522,21048,14304,12147,9100,6915,4026,108874,0,12,18,84,19,7,7,0,0,150,0,0,4,26,20,19,11,8,4,91,0,4,10,87,31,12,7,4,0,160,0,3,21,54,49,41,41,16,5,223,7,29,30,141,77,46,27,11,9,381
208,14,114,93,203,84,47,45,19,4,629,11,174,265,925,770,534,348,174,48,3247,0,19,48,456,194,197,187,106,46,1243,7,4,4,135,24,7,10,6,0,198,11,33,56,140,33,13,8,0,0,297,0,20,14,132,81,102,70,31,9,470,63,232,192,380,201,196,103,42,13,1429,0,56,101,319,212,139,92,28,10,958,0,7,6,56,55,35,27,21,7,211,0,0,3,67,41,45,21,6,4,196,74,463,469,2808,1737,1438,1544,997,403,9928,216,683,628,1883,852,677,641,497,273,6351,10811,26610,25200,53302,29467,24358,18507,10679,4420,203350,0,0,3,29,10,5,4,3,0,53,9806,21415,19271,32011,20781,16327,12021,6968,4357,142959,0,6,12,64,21,15,9,0,0,122,0,0,7,92,37,51,33,8,9,237,3,18,29,265,73,26,16,0,0,431,0,4,10,86,48,48,23,10,3,233,3,40,32,276,148,80,38,13,3,635
209,12,76,72,192,87,55,48,5,4,547,3,40,100,330,221,114,48,30,3,907,10,90,275,1346,476,344,264,112,22,2942,7,10,10,128,25,19,5,4,0,207,10,45,56,162,28,14,8,0,0,327,0,9,17,189,161,162,88,48,13,687,24,89,90,268,125,84,56,15,4,763,12,111,212,837,616,647,345,94,25,2896,0,0,4,41,36,32,35,10,7,174,3,18,41,142,87,39,16,3,0,355,78,524,636,3038,1362,1190,936,531,200,8507,526,1192,1308,3255,1363,1136,960,722,379,10832,17800,35513,33143,80116,34656,28513,21396,11676,4066,266882,0,17,21,94,36,16,12,0,0,194,15679,29140,24001,47317,23689,18251,11999,5876,2730,178681,0,22,21,230,28,17,8,0,0,333,0,5,5,102,66,93,49,36,14,372,0,10,20,143,23,25,9,3,0,233,0,3,19,97,50,51,28,7,0,262,4,26,23,201,78,45,18,4,0,403
210,7,40,42,104,47,53,16,4,3,315,0,15,42,142,93,61,38,13,4,398,6,136,258,994,431,446,191,71,18,2551,0,8,5,45,6,5,5,0,0,66,5,38,46,133,26,9,0,0,0,259,13,94,150,1151,1050,1144,438,290,31,4366,7,66,41,129,55,52,26,16,5,406,7,36,82,398,356,384,206,59,27,1565,0,3,0,23,12,18,16,14,0,86,6,0,22,68,47,11,6,0,0,156,68,713,764,2842,1287,1244,906,560,182,8563,611,1382,1263,3407,1270,1037,690,502,247,10416,15502,29862,27159,65005,25501,21714,14669,8437,3093,210949,0,17,51,120,34,20,5,4,0,244,13583,23005,18238,33699,15083,11804,7240,3722,1793,128168,0,29,33,270,67,35,24,8,0,465,0,0,0,89,29,81,44,27,10,279,0,0,8,82,21,10,3,0,6,137,3,0,9,32,14,13,7,4,0,72,0,23,25,123,46,36,13,4,0,274
211,11,121,195,268,172,143,116,25,10,1063,7,62,138,417,374,266,196,86,13,1556,3,86,244,1151,460,466,415,152,34,3010,3,27,26,217,51,26,37,9,0,398,9,59,93,176,36,14,7,0,0,402,0,5,7,36,40,35,11,17,3,153,20,90,103,208,137,108,83,37,9,802,4,39,58,297,334,334,201,67,14,1354,0,5,3,34,38,64,53,32,17,249,0,3,20,66,45,46,10,3,0,192,26,191,304,1188,766,831,797,665,268,5028,332,842,857,2126,1123,1006,871,663,342,8163,14812,32836,31799,65935,34313,31261,24332,13721,4532,253546,0,4,6,69,39,32,11,3,0,169,13407,27090,24024,43288,24533,21227,16465,9257,3889,183178,0,0,7,70,20,21,8,0,0,136,0,0,0,46,16,32,17,4,3,126,0,0,9,70,16,13,3,0,0,109,3,3,17,174,160,152,90,38,8,644,0,18,26,147,99,62,41,18,8,413
212,13,213,296,450,207,185,115,24,9,1507,8,114,253,594,478,300,232,123,20,2118,71,705,1665,7310,2620,1917,1404,640,168,16486,8,30,54,461,67,41,57,5,4,727,20,131,200,653,97,20,31,10,0,1155,3,13,32,248,240,288,146,117,23,1105,28,160,168,279,153,100,52,28,5,972,32,231,640,2576,2037,2287,1194,350,156,9495,0,8,8,45,50,55,47,31,9,250,0,20,100,268,116,53,19,0,0,575,88,737,1425,4979,2679,2686,2045,1327,461,16421,1180,2484,2654,6687,2197,1848,1379,1018,465,19905,29010,59004,58506,133065,51892,43062,30810,17994,6328,429665,57,745,1722,4286,1159,542,219,82,28,8832,25373,44168,33266,49624,22907,17550,12947,7898,3940,217660,8,102,102,648,144,84,37,3,0,1128,0,8,35,500,290,394,197,110,25,1558,0,7,24,131,21,34,7,3,0,225,22,178,606,2694,1255,998,637,246,91,6708,8,37,39,147,72,36,24,11,0,377
213,25,193,153,361,195,136,74,10,0,1147,16,136,187,563,310,176,72,41,3,1498,16,163,382,1751,629,428,215,76,18,3688,0,7,16,181,31,17,20,0,0,279,17,283,505,491,68,23,17,4,0,1408,4,7,28,249,196,187,95,56,6,822,39,185,150,366,155,93,53,19,3,1064,66,478,1192,5459,3867,3963,2000,562,199,17788,0,9,14,54,42,42,33,12,8,213,0,20,50,220,89,30,10,0,0,422,144,1175,2079,7690,3779,2980,2183,1179,350,21562,1536,3143,2789,8048,2582,1961,1438,912,341,22755,32451,62232,52453,144298,51521,39381,27746,12961,3818,426866,5,41,89,274,68,46,18,0,0,539,27851,46469,31809,57953,24838,17721,10684,4623,2128,224081,10,156,125,1393,193,73,40,5,0,2000,0,0,19,422,264,326,215,91,26,1366,9,23,28,279,48,21,10,5,0,421,0,6,16,154,110,90,67,30,8,483,13,34,30,256,71,42,21,13,3,490
214,0,13,5,19,22,17,13,4,0,98,0,36,73,232,209,126,101,54,12,835,0,4,9,126,61,84,81,41,10,426,0,0,0,22,0,6,3,0,0,38,3,38,36,47,14,3,4,0,0,143,0,0,3,24,29,26,20,9,3,111,11,40,29,136,93,81,92,39,7,526,0,8,14,46,31,21,3,4,0,128,0,9,21,48,51,42,61,34,12,278,0,0,14,26,29,17,9,3,0,95,8,129,155,612,475,463,487,378,133,2841,342,873,748,1892,1202,1080,991,737,368,8246,8473,18907,17096,34419,19988,19136,17371,10652,3666,149718,0,0,0,26,21,24,5,0,0,79,7638,16174,13391,27974,15608,14395,12843,7515,3170,118707,0,0,4,11,0,4,0,0,0,25,0,0,0,39,22,32,19,6,0,126,4,6,0,48,14,10,3,0,0,78,7,0,4,52,14,14,4,4,0,95,0,28,13,127,54,61,45,11,6,341
215,0,0,0,4,3,5,0,0,0,16,3,15,24,52,37,23,13,7,0,182,0,8,0,63,12,3,6,3,0,93,5,3,5,87,0,0,0,0,0,105,4,21,44,126,21,6,6,0,0,218,0,4,10,28,38,42,23,18,3,169,0,7,0,25,17,9,14,6,0,83,0,29,25,132,59,73,30,6,0,360,0,0,0,0,0,10,10,4,0,26,0,0,0,21,12,14,0,3,0,52,14,49,67,413,131,114,112,72,31,994,223,732,616,1452,775,1021,880,601,242,6549,4219,9611,8526,18017,9196,11104,9746,5336,1897,77653,0,10,40,52,17,12,6,0,0,134,3984,7936,6608,13308,7739,8959,7624,4606,2325,63088,0,0,0,17,0,3,0,0,0,28,0,0,0,7,0,4,0,0,0,11,0,0,0,9,0,0,0,0,0,16,0,7,4,36,11,11,9,4,0,69,4,4,5,22,9,10,10,6,0,63
216,0,0,0,7,3,0,0,0,0,15,0,12,18,25,18,15,9,0,6,98,4,15,7,78,24,12,0,3,0,145,0,0,4,49,0,0,0,0,0,60,4,9,15,35,8,3,0,5,0,78,0,0,3,33,36,37,15,16,0,147,4,10,8,23,13,13,11,0,0,72,0,0,0,30,20,5,3,0,0,63,0,4,0,6,5,4,7,3,0,35,0,0,5,12,8,7,0,0,0,26,19,103,111,309,115,126,102,76,26,976,239,606,542,1177,685,749,739,514,213,5470,3894,8963,7821,15045,8476,9148,8378,5007,1592,68342,0,22,79,126,56,22,3,0,0,312,3336,7383,6056,11372,6939,7600,6618,3898,1779,54984,0,3,0,12,5,0,3,0,0,21,0,0,0,0,0,0,0,0,5,6,0,0,0,16,0,3,0,0,0,18,0,0,4,13,3,0,3,0,0,20,5,6,5,17,6,11,7,0,0,58
217,0,0,0,0,0,4,3,0,0,13,0,20,14,41,33,18,9,0,0,150,0,6,8,58,14,10,9,0,0,103,0,0,8,97,0,0,0,0,0,109,4,12,8,19,3,0,0,0,0,51,0,0,0,5,3,0,5,0,0,18,0,3,9,19,13,19,28,12,0,105,7,9,4,47,9,0,0,0,0,79,0,0,0,11,5,6,8,4,4,32,0,0,3,18,4,9,5,0,0,37,0,21,26,185,61,68,72,34,16,491,187,469,422,921,601,638,650,401,168,4453,3313,7959,6920,13672,7902,9056,8525,4387,1413,63143,0,0,5,8,0,0,0,0,0,9,2953,6742,5706,11426,7111,8029,7071,3912,1905,54852,0,0,0,6,0,0,0,0,0,7,0,0,0,0,0,0,0,0,0,6,0,0,0,9,0,0,0,0,0,13,0,0,0,3,6,0,0,0,0,9,0,0,6,32,13,11,5,0,3,70
297,0,0,0,0,0,0,0,0,0,0,0,0,0,0,0,0,0,0,0,0,0,0,0,0,0,0,0,0,0,0,0,0,0,0,0,0,0,0,0,0,0,0,0,0,0,0,0,0,0,0,0,0,0,0,0,0,0,0,0,0,0,0,0,0,0,0,0,0,0,0,0,0,0,0,0,0,0,0,0,0,0,0,0,0,0,0,0,0,0,0,0,0,0,0,0,0,0,0,0,0,0,0,0,0,0,0,0,0,0,0,0,0,0,15,3,7,0,0,0,24,0,0,0,17,3,10,4,0,0,36,0,0,0,0,0,0,0,0,0,0,0,0,0,0,0,0,0,0,0,0,0,0,0,0,0,0,0,0,0,0,0,0,0,0,0,0,0,0,0,0,0,0,0,0,0,0,0,0,0,0,0,0,0,0,0,0,0,0,0,0,0,0,0,0,0,0,0,0,0,0
299,0,0,0,0,0,0,0,0,0,0,0,0,4,3,5,0,0,0,0,17,0,0,0,7,0,3,0,0,0,16,0,0,0,5,0,0,0,0,0,8,0,0,6,0,0,0,0,0,0,6,0,0,0,8,3,3,0,0,0,12,3,6,4,11,4,0,0,0,0,25,0,0,0,3,4,7,0,0,0,15,0,0,0,0,0,0,0,0,0,3,0,0,0,3,0,0,0,0,0,3,0,7,7,47,21,6,14,0,0,116,82,152,196,811,414,269,123,20,10,2079,222,370,575,1944,912,644,392,90,15,5170,0,0,0,0,0,0,0,0,0,3,115,187,298,689,232,260,124,26,10,1934,0,0,0,0,0,0,0,0,0,0,0,0,0,0,0,0,0,0,0,0,0,0,0,3,4,0,0,0,0,7,0,0,0,3,0,0,0,0,0,3,0,0,0,8,0,0,0,0,0,14
301,6,14,15,22,28,25,13,3,0,119,10,164,266,644,430,315,150,59,19,2056,0,10,27,82,44,39,28,16,0,250,3,7,12,47,12,9,10,3,0,110,6,20,33,34,8,6,0,0,0,112,0,0,0,9,7,9,0,0,0,36,5,39,48,95,77,72,59,22,3,424,0,10,15,41,52,39,20,5,0,190,0,16,19,54,50,38,37,18,0,229,0,0,7,60,59,70,36,5,0,242,11,127,134,539,383,400,379,220,87,2283,151,463,409,983,598,577,526,340,159,4212,6715,16212,14458,27231,16227,15110,12464,6664,2045,117124,0,0,0,7,3,0,0,0,0,16,6086,13517,10608,20516,11642,10834,9162,4993,2132,89487,0,0,0,10,0,3,0,0,0,15,0,0,0,21,13,18,11,0,0,69,0,0,12,102,29,5,5,0,0,155,0,0,3,7,4,0,3,0,0,25,3,19,23,106,49,46,42,13,8,314
302,4,26,18,75,35,17,8,10,3,191,11,51,92,400,188,99,57,19,5,918,0,22,27,151,57,57,60,19,10,402,0,7,10,111,13,11,13,0,0,167,0,40,69,60,16,11,0,0,0,207,0,0,0,23,12,3,0,0,0,49,7,41,58,145,63,46,35,11,6,417,0,14,18,68,52,39,31,12,5,240,0,10,5,41,28,19,15,13,4,125,0,5,18,77,34,22,15,4,0,168,12,163,260,1073,386,326,195,132,50,2598,179,367,434,1316,510,420,341,259,169,4008,6953,13744,13232,33846,14360,11586,8658,4934,1979,109298,0,0,6,24,6,6,8,0,0,59,6245,11199,10114,21669,10000,8355,6717,4689,2606,81589,0,0,3,44,8,3,0,0,0,67,0,0,0,27,12,26,5,4,0,70,3,16,20,228,31,9,3,0,0,311,0,4,0,14,3,4,0,0,0,30,0,13,22,141,40,33,25,0,5,281
303,3,42,73,278,119,64,47,16,7,643,7,86,230,682,331,231,116,44,8,1743,8,60,160,485,230,167,106,39,10,1266,33,162,217,1760,354,261,355,115,10,3272,8,28,54,183,33,12,11,0,0,331,0,7,11,74,39,25,4,4,3,159,19,90,101,253,91,71,55,29,7,717,7,57,180,534,467,418,246,85,27,2028,0,0,15,42,20,31,24,21,0,159,0,4,45,208,77,80,48,6,0,472,52,402,769,2673,980,892,618,340,107,6835,340,664,912,2429,844,649,522,344,173,6877,11314,23623,25231,59900,22606,17710,12765,6905,2369,182420,5,28,83,258,79,32,14,5,7,502,9972,18570,16733,27320,12307,9763,7389,4840,2619,109508,6,34,26,160,42,32,13,5,0,311,0,5,11,164,102,129,77,31,9,539,3,10,31,314,37,12,11,6,0,420,0,0,11,65,56,48,29,15,4,228,7,33,52,233,66,29,18,7,8,456
304,11,56,81,110,49,28,33,15,4,379,11,157,292,610,420,286,198,69,9,2061,6,38,57,187,97,125,87,49,5,647,4,38,42,126,51,28,51,6,0,340,0,26,32,46,7,7,7,0,0,133,0,6,8,30,11,12,5,0,0,75,37,108,154,188,89,79,64,29,9,750,8,38,62,171,146,124,87,29,11,681,0,6,15,26,38,37,20,12,0,160,0,5,26,94,60,78,44,6,5,308,19,236,300,876,489,346,240,139,36,2683,88,210,446,729,322,276,203,145,119,2537,5027,13819,14663,23264,12846,9555,7583,4435,1444,92626,0,4,3,5,4,3,0,0,0,23,4285,10673,10283,14423,8269,6189,5509,3407,1698,64731,0,19,10,107,23,13,6,0,0,168,0,0,0,16,11,7,3,0,0,40,0,18,22,159,38,20,10,0,0,263,0,4,0,10,5,8,6,0,0,29,5,43,37,153,68,45,30,15,4,411
305,11,79,96,216,39,21,15,4,0,480,3,45,191,751,261,136,66,24,10,1484,5,22,64,214,71,51,25,9,3,456,7,23,90,363,69,27,15,6,0,606,5,37,97,276,32,7,3,0,0,461,0,3,11,103,21,24,0,3,0,164,33,120,145,487,154,119,68,33,3,1153,7,59,146,220,153,79,48,14,7,738,0,3,19,72,50,37,25,9,0,212,0,0,29,141,49,34,18,0,0,282,65,313,581,3456,652,399,266,169,58,5957,200,389,986,3380,994,719,494,293,132,7589,6165,13228,22129,55736,18971,13944,8945,4236,1308,144652,0,0,5,20,4,0,3,0,0,37,5446,10769,16829,29876,12481,9296,6176,3093,1434,95394,6,10,9,77,16,3,0,0,0,124,0,0,0,53,19,13,10,3,3,103,0,27,97,1043,78,16,4,0,0,1283,0,8,5,25,3,6,3,3,0,57,12,39,73,466,111,85,33,7,0,816
306,0,8,3,23,18,16,10,8,0,80,0,37,55,166,121,80,49,25,0,549,0,6,16,45,23,29,27,18,4,171,0,3,12,85,10,4,3,0,0,113,5,52,53,172,22,7,10,0,0,318,0,0,0,15,8,9,0,3,0,37,3,24,27,121,65,94,107,49,9,510,0,15,28,59,43,13,8,3,0,175,0,4,8,33,18,37,29,12,3,146,0,5,12,28,39,36,19,3,0,143,17,120,203,1169,474,505,435,278,91,3296,524,1379,1410,3547,1789,1651,1326,658,255,12540,6887,17308,14335,30332,17059,17176,14152,6843,1927,126014,0,7,0,4,0,0,0,0,0,10,5950,13975,10625,20816,11705,11454,8794,4323,1614,89253,0,5,5,8,3,0,0,0,0,18,0,0,0,7,0,9,3,0,0,22,0,3,4,114,17,8,4,4,0,155,0,3,3,28,11,0,6,0,0,49,9,18,22,174,62,62,50,23,3,430
307,0,4,0,5,4,4,0,0,0,14,5,23,29,78,44,46,25,7,0,261,0,0,0,11,6,0,0,0,0,20,0,0,4,60,4,3,4,0,0,75,0,5,5,0,8,0,0,0,0,20,0,0,0,0,0,0,0,0,0,0,3,0,9,18,16,21,12,11,3,96,0,0,0,10,4,0,0,0,0,15,0,0,6,9,3,12,8,3,0,33,0,3,5,22,13,22,14,4,0,81,0,14,35,256,57,65,72,61,12,573,270,672,704,1516,804,951,764,492,172,6340,3850,8956,7300,13642,7995,8955,8059,4369,1232,64356,0,0,0,4,0,0,0,0,0,4,3302,7713,5757,11461,6762,7061,5960,3423,1360,52802,0,0,0,3,0,0,0,0,0,3,0,0,0,0,0,0,0,0,0,4,0,4,14,37,15,4,0,0,0,78,0,0,0,0,0,0,0,0,0,3,0,0,5,21,10,20,11,3,6,68
308,0,3,4,18,9,5,4,0,0,45,15,85,116,263,213,122,30,19,5,860,3,16,18,110,54,9,5,0,0,218,0,8,4,15,0,0,0,0,0,28,0,23,21,17,7,3,0,0,0,68,0,0,0,3,8,0,0,0,0,11,0,26,16,61,35,44,37,16,3,237,0,16,47,77,56,12,10,0,0,207,0,5,5,14,14,21,23,9,4,89,0,8,25,53,50,29,16,0,3,185,12,44,72,308,138,144,133,85,24,951,403,1055,1142,3230,1687,1637,964,476,185,10770,7250,16956,14034,29493,14878,15211,10972,5141,1477,115421,0,3,6,11,5,0,0,0,0,18,6459,14505,11183,23024,11299,11395,7906,4383,1688,91840,0,3,11,39,8,5,0,0,0,70,0,0,0,0,4,0,0,0,0,3,0,4,23,45,24,4,0,0,0,108,0,9,0,12,8,0,0,0,0,29,0,13,11,88,21,31,20,0,6,179
309,7,50,45,118,77,61,54,23,4,434,21,274,501,1370,875,665,429,160,31,4318,0,18,46,132,64,57,60,39,11,421,13,48,83,324,83,53,55,24,4,690,13,99,99,196,52,24,14,0,0,495,3,8,11,77,69,70,34,23,9,301,31,159,161,477,221,230,214,95,23,1615,3,45,101,182,114,62,41,13,0,562,0,26,36,129,127,89,101,67,20,587,0,0,35,182,118,93,79,17,0,531,47,394,608,2872,1202,1191,1184,784,257,8542,785,2008,2041,5571,2480,2059,1771,1229,515,18450,17703,40260,38389,83895,41625,35961,30460,17675,5189,311152,0,0,10,36,17,6,0,0,0,74,15297,32415,28765,52191,26082,22862,20061,11082,4466,213222,3,11,15,94,31,3,3,4,0,167,0,5,8,164,92,126,66,27,7,495,4,53,201,1923,137,49,37,12,0,2412,0,5,13,55,18,21,12,0,3,137,10,67,93,635,181,131,111,31,10,1269
310,3,24,4,61,27,20,9,3,0,158,6,60,143,390,218,168,75,36,6,1097,4,26,59,279,115,90,44,22,6,650,0,8,11,83,12,9,18,3,0,139,0,23,32,56,20,12,3,0,0,146,0,8,0,15,11,10,4,0,0,50,8,53,68,117,103,65,45,25,3,493,21,154,288,1137,935,894,506,149,45,4118,0,7,11,23,42,46,22,21,7,180,0,4,43,136,81,39,16,5,0,328,71,582,948,2159,892,693,437,246,55,6083,654,1483,1366,2962,1176,1030,778,437,180,10059,13411,28387,24464,51952,22548,19438,13735,6831,1858,182621,4,19,38,92,27,11,0,0,0,191,11599,22583,17697,33643,14443,12659,9345,4950,1888,128818,0,26,41,185,22,7,3,0,0,288,0,0,0,28,18,17,8,7,5,83,0,8,25,113,30,14,3,0,0,200,0,0,11,27,10,9,8,0,0,63,3,16,16,92,32,28,18,9,0,218
311,3,7,14,52,37,28,40,7,0,184,0,46,129,389,213,191,123,61,13,1171,6,18,29,172,61,37,34,30,7,392,11,22,34,222,63,47,49,13,5,468,0,92,169,253,20,12,8,0,0,552,0,0,10,57,40,22,12,4,0,147,9,34,42,116,57,72,40,26,0,394,4,18,51,162,138,107,58,13,9,568,0,4,9,32,33,39,36,20,6,168,0,10,34,116,75,55,39,11,0,330,62,378,723,1932,932,924,712,375,104,6137,806,1962,1604,3440,1424,1068,757,439,159,11653,13056,27928,24402,48814,21812,18468,14290,7091,1726,177600,8,100,178,490,126,45,21,4,0,983,11531,22200,16896,30234,13317,11054,9165,4323,1452,120171,0,11,6,62,11,4,5,0,0,102,0,0,7,120,52,89,32,13,0,316,4,0,10,99,28,7,0,3,0,158,0,19,38,219,147,99,59,27,11,624,0,13,19,88,32,27,21,6,8,220
312,0,0,0,6,11,5,0,0,0,25,10,56,104,317,180,123,38,8,4,836,0,10,6,54,18,8,4,0,0,104,0,0,3,47,4,0,0,0,0,48,0,18,27,25,3,4,0,0,0,86,0,0,0,4,0,10,0,0,0,15,0,7,14,43,17,22,31,10,0,136,0,6,15,26,19,13,5,0,0,78,0,0,6,24,11,11,16,6,3,69,0,16,25,74,47,64,27,0,0,253,8,54,77,412,107,151,122,69,19,1012,386,942,1248,4200,2007,1711,900,425,143,11963,5697,12700,10749,25144,12753,12347,8433,3855,1032,92710,0,0,0,0,0,0,0,0,0,0,4863,10456,8286,17638,8679,8446,5670,2865,1206,68106,0,3,5,28,0,0,0,0,0,37,0,0,0,4,0,0,4,0,0,8,0,3,8,36,11,4,0,0,0,64,0,0,3,4,0,0,0,0,0,13,0,9,9,93,16,30,21,9,0,177
313,0,5,9,11,28,13,8,0,0,69,7,56,105,292,198,166,104,71,6,1013,3,3,8,31,20,20,23,18,0,132,0,3,14,196,4,5,9,0,0,235,3,17,25,80,19,3,0,0,0,147,0,0,0,6,5,0,3,6,0,24,3,27,36,95,59,69,71,16,7,381,0,8,15,43,35,22,16,5,4,147,0,6,6,24,24,33,43,26,9,168,0,0,18,50,40,46,24,8,0,192,0,76,123,470,304,256,344,222,80,1872,349,899,810,1843,964,891,827,615,204,7408,7233,17296,15588,29719,16417,15878,15552,8917,2460,129066,0,0,0,4,0,0,0,0,0,4,6482,14661,12171,23116,12323,12210,11948,6374,2373,101663,0,0,0,9,0,0,0,0,0,7,0,0,0,16,5,10,0,0,0,38,0,0,5,58,16,5,7,0,0,81,0,5,0,22,9,0,4,0,0,45,7,13,12,77,50,59,31,19,8,268
314,0,8,15,26,25,18,3,5,0,98,6,165,248,594,434,252,111,47,9,1871,0,3,5,90,43,37,25,16,4,222,4,4,8,31,4,3,0,3,0,62,0,14,49,56,9,4,0,3,0,142,0,0,0,9,6,3,0,0,0,24,4,39,61,120,78,54,32,17,4,413,0,11,14,21,19,12,4,4,0,82,0,17,16,44,48,37,23,10,7,204,0,13,33,101,77,63,33,5,0,309,12,150,154,683,375,285,203,127,36,2019,204,442,438,1147,501,342,273,153,73,3581,7548,17171,14051,29506,14770,10977,8060,3943,926,106946,0,0,5,23,3,0,4,0,0,33,6578,13845,10824,21407,10358,7891,6210,3049,1059,81223,0,0,3,41,0,3,5,0,0,51,0,0,3,12,8,9,7,0,0,29,0,8,4,119,36,9,3,0,0,187,0,0,0,13,6,6,6,0,0,27,5,12,21,98,56,34,21,5,3,233
315,0,0,0,0,4,3,0,0,0,12,10,27,18,98,30,16,13,0,0,209,0,5,6,26,0,8,0,0,0,48,0,0,0,13,0,0,0,0,0,14,0,0,3,0,3,0,0,0,0,9,0,0,0,4,0,0,0,0,0,3,0,0,3,22,11,10,18,0,0,68,0,11,12,49,3,4,0,0,0,82,0,0,0,10,0,4,0,3,0,13,0,4,10,19,19,16,6,0,0,74,3,15,22,153,45,67,61,51,10,428,243,500,542,1419,682,733,433,226,46,4829,3085,6067,5339,11491,5170,5148,3285,1480,326,41390,0,0,0,0,0,0,0,0,0,0,2610,5048,4148,8374,3701,3405,2031,944,319,30575,0,3,0,5,0,0,0,0,0,6,0,0,0,0,0,0,0,0,0,0,0,0,0,12,6,4,0,0,0,14,0,0,5,3,0,0,0,0,0,10,4,0,0,29,5,9,0,6,0,47
316,4,37,21,29,27,26,14,3,4,167,6,165,219,664,491,343,290,101,20,2305,0,9,9,53,29,29,22,18,11,176,0,16,14,61,4,5,0,0,0,99,6,44,43,61,23,9,5,0,0,182,0,0,4,19,6,9,7,0,0,45,27,100,102,240,160,162,186,83,16,1066,3,31,21,76,17,7,6,0,0,171,0,21,20,82,66,60,75,57,14,402,0,6,23,106,110,116,63,30,3,457,34,190,184,847,483,515,541,390,147,3324,364,1078,970,2690,1549,1348,1229,827,390,10451,9783,25111,21235,42889,25728,25156,23846,13883,4371,192005,0,0,0,0,0,0,0,0,0,9,8620,20805,17353,32911,19777,20326,18099,10150,4118,152163,0,0,0,14,3,0,0,0,0,19,0,0,0,14,3,9,0,4,0,32,4,17,26,463,55,22,12,0,0,604,0,12,3,21,3,0,0,0,0,42,17,68,57,368,157,126,100,40,11,954
317,7,7,21,61,23,17,4,0,0,144,0,19,89,164,97,84,40,22,8,531,0,26,16,109,47,11,4,0,0,217,0,9,15,150,6,0,7,0,0,190,0,8,13,14,11,4,0,0,0,48,9,5,0,11,7,7,3,0,0,36,6,12,32,56,34,25,34,18,6,218,0,11,7,42,17,4,0,0,3,79,0,0,0,5,9,3,11,4,3,38,0,7,27,62,69,54,32,9,0,265,16,194,237,555,201,155,90,61,21,1534,180,402,543,1125,548,466,428,271,125,4089,4853,11426,10646,19935,9192,8738,7499,4431,1430,78137,0,3,21,36,12,3,4,0,0,81,4436,9487,8584,15562,7963,7821,6927,4339,1952,67062,0,9,11,55,5,4,0,0,0,80,0,0,0,0,0,5,0,0,0,8,0,5,13,66,15,4,0,3,0,105,0,3,0,7,0,5,0,0,0,20,3,15,16,59,21,19,14,13,0,152
318,0,0,5,16,18,8,9,4,0,69,3,44,84,188,108,90,34,11,4,574,0,5,34,85,20,16,11,9,0,187,0,4,0,14,0,0,0,0,0,31,3,19,35,39,6,6,3,0,0,110,0,0,3,8,3,3,0,0,0,17,4,19,25,109,33,30,35,9,4,276,3,8,21,62,38,21,13,0,0,166,0,0,0,24,12,14,15,11,0,80,0,12,12,58,36,28,17,5,0,163,32,205,284,590,241,235,206,147,37,1974,391,1075,1822,3036,1362,1211,820,448,147,10311,6945,16010,16720,30571,14767,14144,11078,5452,1455,117138,0,3,0,9,0,0,0,0,0,8,5767,13407,13094,23694,11621,10990,8373,4418,1749,93111,0,0,9,20,7,0,0,0,0,39,0,0,0,5,0,0,0,0,0,7,0,3,0,48,8,0,5,0,0,70,0,3,5,15,4,0,0,0,0,29,0,11,20,103,31,41,28,15,0,250
319,0,4,5,20,11,8,9,0,0,53,7,42,56,165,137,162,97,49,15,725,4,18,5,43,24,17,17,9,0,133,0,9,13,96,0,4,0,0,0,123,3,20,28,79,14,3,0,0,0,158,0,3,0,10,9,8,0,5,0,36,9,28,36,71,47,64,88,39,9,384,0,17,18,51,19,24,7,0,0,141,0,3,9,9,10,34,26,43,7,139,0,3,10,29,40,33,26,11,6,156,18,72,76,443,192,267,354,319,88,1832,422,1142,1059,2352,1554,1854,1824,1143,348,11706,6953,18656,15714,28506,18044,22370,24311,13708,3445,151711,0,0,0,0,0,0,0,0,0,3,6117,15733,12919,24199,15280,18443,17993,9571,3510,123770,0,3,4,7,3,0,0,0,0,19,0,0,0,0,0,5,0,0,0,11,0,4,0,13,8,7,3,0,0,42,0,3,0,17,6,5,0,0,0,37,0,10,7,68,39,57,62,11,4,256
397,0,0,0,0,0,0,0,0,0,0,0,0,0,0,0,0,0,0,0,0,0,0,0,0,0,0,0,0,0,0,0,0,0,0,0,0,0,0,0,0,0,0,0,0,0,0,0,0,0,0,0,0,0,0,0,0,0,0,0,0,0,0,0,0,0,0,0,0,0,0,0,0,0,0,0,0,0,0,0,0,0,0,0,0,0,0,0,0,0,0,0,0,0,0,0,0,0,0,0,0,0,0,0,0,0,0,0,0,0,0,0,0,9,67,29,3,0,0,0,109,0,0,4,91,42,3,3,0,0,149,0,0,0,0,0,0,0,0,0,0,0,0,0,0,0,0,0,0,0,0,0,0,0,0,0,0,0,0,0,0,0,0,0,0,0,0,0,0,0,0,0,0,0,0,0,0,0,0,0,0,0,0,0,0,0,0,0,0,0,0,0,0,0,0,0,0,0,0,0,0
399,0,0,0,4,0,0,0,0,0,4,6,0,4,17,3,6,8,4,0,49,0,0,0,0,0,0,0,0,0,8,0,0,0,14,0,0,0,0,0,14,0,0,3,4,0,0,0,0,0,3,0,0,0,0,0,0,0,0,0,3,0,0,0,9,8,7,3,0,0,35,0,0,0,6,0,0,0,0,0,3,0,0,0,0,0,0,0,0,0,5,0,0,0,0,3,0,6,0,0,11,0,6,21,121,14,24,23,7,0,217,37,63,162,602,259,226,173,37,5,1560,277,478,719,2497,1042,1297,1253,283,23,7861,0,0,0,0,0,0,0,0,0,0,182,360,477,1102,563,778,567,98,19,4153,0,0,0,0,0,0,0,0,0,0,0,0,0,0,0,3,0,0,0,4,0,0,4,15,0,0,0,0,0,17,0,0,0,0,0,0,0,0,0,0,0,3,0,9,4,5,4,0,0,21
401,6,58,90,193,63,37,45,24,6,532,9,83,105,245,164,111,70,33,9,826,14,118,107,435,178,85,30,22,4,994,0,10,29,146,20,22,14,5,0,249,9,32,38,109,19,4,0,0,0,211,0,4,5,26,18,18,13,15,7,101,20,88,113,195,87,94,81,43,8,728,11,66,180,306,198,103,77,20,3,956,0,8,7,33,43,60,42,35,8,242,0,3,13,67,35,20,21,0,0,171,28,249,374,1320,534,480,416,316,142,3860,171,412,618,1618,740,708,587,423,224,5506,7353,17998,20354,40131,19748,18354,15626,8954,3430,151952,0,0,16,46,13,12,3,0,0,80,6487,14412,14478,24156,14397,13672,11146,6364,3127,108233,6,40,27,140,27,6,0,4,0,235,0,0,3,33,9,18,10,6,0,84,3,20,12,217,18,9,4,0,0,284,0,7,12,63,20,7,9,3,3,138,8,39,40,155,54,69,48,12,3,419
402,0,17,26,71,32,29,32,5,0,210,3,45,110,250,129,103,47,27,3,723,12,64,94,520,134,45,36,19,6,933,0,14,20,97,14,4,6,3,0,152,3,27,49,270,28,19,6,0,0,404,0,3,3,48,24,20,12,8,3,125,10,47,44,149,67,64,55,22,3,461,7,85,177,775,629,662,422,87,30,2886,0,5,15,33,49,100,80,43,37,359,4,18,28,81,52,32,14,0,0,227,58,606,1120,2777,1303,1042,829,475,194,8392,479,1100,1146,2857,1230,1046,896,596,291,9644,14898,30610,29783,65404,27595,25199,19080,10533,3569,226664,17,249,674,1477,415,169,65,14,3,3097,13061,24750,20266,39845,18366,15710,11904,6290,2347,152540,4,47,31,302,30,14,3,0,0,445,0,0,7,116,47,76,41,23,4,315,0,7,8,66,13,3,5,0,0,99,3,48,79,500,273,204,143,32,15,1301,3,7,23,75,30,37,19,11,3,205
403,3,34,50,105,52,27,39,9,6,313,0,147,173,385,292,145,95,42,4,1286,3,13,43,175,66,42,33,15,0,389,0,5,13,54,4,6,3,0,0,89,0,25,38,56,9,5,5,0,0,127,0,5,3,21,7,4,6,3,0,52,21,70,70,203,112,99,81,47,6,713,4,25,60,125,81,59,43,7,0,406,4,21,32,75,77,104,71,47,19,445,0,5,16,56,35,36,14,0,0,157,38,298,388,1216,577,525,509,401,151,4102,229,607,638,1730,867,843,745,528,263,6467,9811,22503,22094,46666,23546,22516,20143,10946,3897,182112,4,7,5,34,5,7,0,0,0,67,8910,18819,17265,34419,16977,16724,15135,7521,3845,139616,3,14,18,94,24,8,0,0,0,167,0,0,0,45,32,46,31,8,4,167,5,19,9,254,26,4,0,0,0,319,3,0,5,39,28,19,18,4,0,120,14,23,21,166,59,57,37,16,4,390
404,8,10,18,72,23,14,12,6,0,157,6,57,66,195,98,62,23,17,6,525,0,12,31,156,36,14,8,6,0,261,0,7,7,98,10,6,0,4,0,123,8,15,45,104,15,12,3,0,0,194,0,4,3,24,11,8,7,0,4,61,12,28,38,109,64,48,37,10,3,338,7,102,286,763,554,718,376,134,52,2992,0,4,5,43,19,32,18,13,3,144,0,0,13,27,21,9,0,0,0,77,25,266,474,1448,595,530,463,308,164,4273,158,398,485,1391,628,653,407,325,148,4587,6383,12449,14537,35334,15350,15181,11238,6287,2831,119593,0,9,51,94,30,15,7,0,0,208,5733,10089,10579,21503,10766,10374,7515,4083,2322,82961,3,18,16,112,15,0,0,0,0,177,0,0,0,163,111,138,86,46,16,566,0,11,13,267,22,6,7,0,0,322,0,3,17,109,83,88,74,27,11,417,4,15,9,88,32,29,16,9,0,209
405,0,0,0,3,0,4,0,0,0,5,0,12,8,43,30,23,8,5,0,124,0,6,0,15,0,3,9,0,0,31,0,0,0,12,0,0,0,0,0,11,0,3,3,5,5,0,0,0,0,15,0,0,0,0,0,0,0,0,0,0,3,10,0,19,14,14,14,4,0,82,0,3,0,7,3,5,4,3,0,26,0,0,0,6,7,8,13,11,4,45,0,0,0,11,5,7,0,0,0,30,5,12,18,107,38,84,106,57,30,449,120,378,330,789,547,659,609,411,147,3999,2806,6997,5766,10997,6985,9062,8663,4609,1332,57223,0,0,0,0,0,0,0,0,0,0,2543,6043,4687,9766,6070,6979,6432,3563,1494,47582,0,4,0,7,0,0,0,0,0,13,0,0,0,0,0,3,0,0,0,3,0,0,0,8,0,0,0,0,0,10,0,0,0,8,3,0,0,0,0,13,0,0,0,20,9,9,9,3,0,60
406,0,0,0,4,6,0,0,0,0,3,6,14,22,39,43,19,15,7,0,152,0,7,0,50,7,0,0,0,0,74,0,0,0,5,0,0,0,0,0,11,0,6,0,7,0,0,0,0,0,12,0,0,0,3,4,0,0,0,0,7,0,0,0,14,7,5,6,4,0,41,0,5,5,15,8,3,0,0,0,31,0,0,0,6,3,17,11,7,5,50,0,5,0,8,15,0,0,0,0,34,10,9,23,141,43,85,97,81,24,509,141,378,371,957,540,525,409,247,91,3665,2425,5387,4596,10528,5458,5990,4623,2443,723,42179,0,0,0,0,0,0,0,0,0,0,2232,4650,3677,8105,4291,4156,3185,1738,698,32738,0,3,0,3,0,0,0,0,0,13,0,0,0,0,0,0,4,0,0,9,0,4,0,12,0,0,0,0,0,17,0,0,0,0,0,0,0,0,0,6,0,0,0,15,3,4,4,0,0,33
407,0,0,0,3,3,3,0,0,0,19,5,31,33,89,58,52,29,15,0,314,0,4,0,48,9,3,0,3,0,73,0,0,0,21,0,0,0,0,0,22,3,39,59,40,12,0,0,0,0,149,0,0,0,9,11,11,12,4,0,46,6,14,12,40,31,33,41,24,3,195,0,20,7,66,29,17,11,0,0,149,0,0,0,10,10,21,29,14,8,98,0,3,11,29,19,15,17,6,0,94,10,44,94,348,117,154,206,140,49,1155,216,608,598,1378,927,1099,1049,677,268,6810,4609,11147,9955,19873,12035,14148,14666,8115,2432,96986,0,3,16,41,14,0,0,0,0,77,4162,9634,7785,15637,9640,11197,10855,5965,2407,77284,0,3,0,16,0,0,0,0,0,17,0,0,0,0,0,0,0,0,0,4,0,0,0,13,3,0,0,0,0,20,0,0,6,26,3,4,4,0,0,47,0,0,6,31,15,21,18,0,0,91
497,0,0,0,0,0,0,0,0,0,0,0,0,0,0,0,0,0,0,0,0,0,0,0,0,0,0,0,0,0,0,0,0,0,0,0,0,0,0,0,0,0,0,0,0,0,0,0,0,0,0,0,0,0,0,0,0,0,0,0,0,0,0,0,0,0,0,0,0,0,0,0,0,0,0,0,0,0,0,0,0,0,0,0,0,0,0,0,0,0,0,0,0,0,0,0,0,0,0,0,0,0,0,0,0,0,0,0,0,0,0,0,0,0,0,7,0,0,0,0,5,0,0,0,3,5,0,0,0,0,12,0,0,0,0,0,0,0,0,0,0,0,0,0,0,0,0,0,0,0,0,0,0,0,0,0,0,0,0,0,0,0,0,0,0,0,0,0,0,0,0,0,0,0,0,0,0,0,0,0,0,0,0,0,0,0,0,0,0,0,0,0,0,0,0,0,0,0,0,0,0
499,0,0,0,0,0,0,0,0,0,0,0,0,0,0,0,0,0,0,0,3,0,0,0,0,0,0,0,0,0,0,0,0,0,6,0,0,0,0,0,6,0,0,0,0,0,0,0,0,0,0,0,0,0,0,0,0,0,0,0,0,0,0,0,4,4,0,0,0,0,8,0,0,0,0,0,0,0,0,0,3,0,0,0,0,0,0,0,0,0,0,0,0,0,0,0,0,0,0,0,0,0,0,7,27,0,4,3,0,0,49,15,24,31,108,56,70,42,0,0,340,77,128,182,613,299,311,214,40,7,1873,0,0,0,0,0,0,0,0,0,0,43,101,146,348,124,133,95,13,3,1010,0,0,0,0,0,0,0,0,0,0,0,0,0,0,0,0,0,0,0,0,0,0,0,0,0,0,0,0,0,0,0,0,0,0,0,0,0,0,0,0,0,0,0,0,0,0,0,0,0,0
501,0,5,6,9,14,24,10,5,0,83,8,82,163,320,283,203,113,50,20,1235,6,8,0,24,17,10,4,0,0,66,0,5,5,86,0,0,0,0,0,93,0,22,19,16,3,3,0,0,0,65,0,0,0,8,0,0,0,0,0,10,4,26,22,56,52,54,74,21,4,303,0,11,5,39,21,10,7,0,0,92,0,0,3,26,26,49,49,19,4,185,0,17,31,75,90,82,62,8,3,368,10,64,68,411,186,207,187,111,24,1275,231,652,516,1708,1108,927,784,430,190,6546,5256,13184,9760,21295,12512,12506,11501,5652,1602,93269,0,0,3,23,5,0,0,0,0,35,4680,10936,7707,16055,9242,9072,7875,3785,1525,70872,0,0,5,14,3,5,0,0,0,19,0,0,0,8,0,0,0,0,0,7,0,0,0,45,14,3,0,0,0,64,0,0,0,5,0,5,0,0,0,14,0,3,13,118,35,39,26,0,3,245
502,0,3,5,7,11,11,7,11,0,68,0,53,106,175,180,150,63,33,5,776,0,8,6,7,10,5,4,4,0,50,0,0,0,16,0,0,0,0,0,16,0,25,27,21,8,0,0,0,0,79,0,0,0,0,0,0,4,0,0,10,0,12,11,31,15,37,22,18,7,153,6,10,11,20,0,7,3,0,0,58,0,10,19,47,30,41,32,42,9,239,0,12,15,52,40,35,14,16,0,182,3,37,57,163,114,131,141,101,23,773,141,284,304,931,558,479,421,314,154,3586,2866,6601,5634,10823,6312,6760,7166,4504,1301,51979,0,0,0,6,0,0,0,0,0,9,2664,5666,4282,8045,4061,4497,4779,2642,1031,37662,0,0,0,3,3,0,3,0,0,10,0,0,0,3,0,0,0,0,0,12,0,8,3,25,6,0,0,0,0,42,0,0,3,15,0,5,0,0,0,21,4,12,6,32,16,23,23,9,0,119
503,14,93,131,329,133,72,84,43,3,900,3,52,197,519,285,223,135,60,13,1485,4,22,31,133,47,31,28,21,7,319,0,5,11,109,23,5,10,0,0,167,3,28,41,107,24,4,4,0,0,217,0,6,7,31,7,12,4,3,0,69,30,121,122,235,94,92,80,36,12,826,6,28,53,162,119,87,75,19,11,554,0,5,11,59,36,34,48,27,12,218,0,0,25,132,54,54,43,14,0,324,32,303,316,2071,477,409,288,157,60,4130,130,245,487,2028,633,547,425,268,150,4911,4233,9836,11370,28785,11574,10124,8013,4440,1644,90025,0,0,0,3,0,4,0,0,0,15,3513,7585,8288,13648,6668,5722,4639,2711,1423,54198,0,9,3,39,0,9,0,0,0,63,0,0,0,46,13,26,19,4,6,112,3,22,26,348,43,17,10,4,0,470,0,0,3,20,8,9,0,0,0,42,6,21,47,235,95,75,40,18,3,538
504,0,28,47,152,113,112,73,37,11,575,9,82,205,581,349,248,158,53,6,1692,0,22,53,217,81,57,65,34,6,527,3,4,12,77,5,0,0,0,0,107,5,53,61,116,21,12,3,0,0,282,0,3,5,44,12,13,3,3,0,75,11,41,44,132,52,94,61,21,9,455,4,66,117,557,425,431,223,68,36,1928,0,4,12,64,47,65,43,26,4,273,4,18,90,221,143,104,54,13,9,650,23,225,487,1789,732,613,440,275,81,4674,290,709,666,2319,1047,867,521,368,187,6961,9414,18377,16832,40854,17925,15859,11344,5771,1725,138101,0,12,39,204,50,26,7,6,0,352,8304,14717,11621,22734,10305,8205,5985,2943,1183,86004,0,8,0,64,10,13,16,0,0,109,0,4,0,112,55,69,62,14,12,325,0,7,11,132,21,7,12,0,0,185,0,3,5,59,35,29,14,0,0,153,0,20,23,100,42,42,25,12,4,261
505,8,72,102,330,201,181,198,66,26,1184,36,501,1215,2532,1736,1084,581,198,46,7936,0,22,68,260,92,69,79,38,8,636,5,13,7,140,22,11,9,4,0,220,19,149,199,169,36,21,5,0,0,605,0,11,16,74,32,29,11,3,0,175,25,103,156,293,184,150,107,45,12,1080,14,125,205,928,823,753,424,120,50,3441,3,38,112,291,234,164,166,89,26,1122,0,18,186,577,406,394,162,53,12,1809,67,731,1211,4380,1891,1568,1131,561,148,11691,538,1182,1283,4407,1980,1462,922,654,330,12762,18341,38981,35354,79509,38118,31802,24220,12573,4162,283068,8,33,72,254,90,59,28,11,4,558,16466,30629,22675,41977,18356,15250,12527,6858,3115,167855,0,4,10,73,16,17,9,4,0,131,0,0,18,187,110,180,69,22,5,587,7,37,40,819,93,28,16,5,0,1045,0,9,9,103,54,48,25,4,5,258,6,43,69,351,159,103,64,31,15,835
506,12,178,375,841,463,459,339,121,25,2809,27,160,476,1096,692,532,271,105,19,3375,15,159,285,1062,441,216,126,59,16,2377,5,18,23,358,32,17,19,3,0,469,6,149,235,276,55,17,18,3,3,759,4,17,16,130,82,57,19,12,6,340,27,93,113,231,122,132,119,46,3,882,12,75,96,355,182,139,94,25,9,992,0,7,12,86,75,113,86,62,23,469,3,68,186,418,270,163,87,21,13,1221,74,774,1107,3840,1313,1032,717,449,153,9459,596,1293,1509,4702,1946,1529,946,659,439,13619,17366,35682,34192,80549,33073,27636,21303,10792,3540,264141,3,92,251,701,155,83,40,15,0,1342,15439,26785,20958,36146,15480,12995,11106,5410,2423,146743,5,97,74,478,91,32,14,0,0,785,0,3,5,63,20,29,16,9,0,144,0,13,19,256,36,24,12,4,0,361,0,13,22,117,54,42,35,6,0,291,6,20,57,226,64,71,48,14,8,513
507,0,104,162,471,230,192,194,69,16,1440,13,188,501,1182,792,527,272,116,29,3626,0,28,40,178,105,60,88,33,9,539,5,21,8,107,18,12,14,3,0,176,4,78,79,81,18,9,9,6,0,291,0,3,0,24,21,9,3,0,0,65,24,100,110,304,114,137,110,40,3,948,0,32,40,123,93,72,34,6,0,396,0,22,47,168,118,150,110,78,25,713,0,45,136,339,229,169,62,27,8,1023,28,351,499,1937,1052,1076,857,577,145,6521,452,1018,1209,3914,1660,1308,859,627,387,11434,14476,30049,27038,60590,28818,24857,18600,10027,3417,217864,0,3,6,24,8,0,0,0,0,35,12666,24426,19472,36517,16289,13237,10435,5255,2498,140795,0,14,12,112,14,6,8,0,0,164,0,4,6,116,55,92,45,21,4,340,3,16,23,245,46,24,10,13,0,380,3,9,3,45,13,0,0,0,0,74,12,50,52,299,122,109,46,11,9,701
509,0,0,0,10,16,8,13,4,0,55,9,47,61,173,143,108,62,27,5,625,0,0,3,24,5,4,7,6,0,65,0,6,0,32,0,0,0,0,0,31,0,32,47,17,0,0,0,0,0,99,0,0,0,9,0,6,0,0,0,13,0,4,12,21,23,52,31,24,3,174,0,5,8,44,21,11,3,4,0,99,0,0,0,15,13,27,38,18,0,122,0,5,4,38,40,34,35,10,0,167,3,24,67,335,108,142,174,105,30,987,261,712,642,1544,1018,1144,959,528,177,6982,3633,8603,6965,14628,9033,10696,9744,4891,1416,69616,0,0,11,24,10,0,0,0,0,43,3156,7164,4992,10289,6323,6960,5934,2990,1219,49037,0,0,0,5,0,0,0,0,0,9,0,0,0,3,0,0,4,0,0,4,0,0,0,12,0,0,0,0,0,20,0,0,0,9,0,0,0,0,0,15,0,14,12,46,21,35,12,5,0,147
510,0,11,0,23,11,3,10,4,0,60,3,15,38,159,96,62,14,0,0,388,0,12,4,62,14,9,0,0,0,99,0,0,0,23,0,0,0,0,0,25,0,19,25,24,3,6,0,0,0,82,0,0,0,8,0,5,0,0,0,16,0,4,6,33,15,15,6,0,4,75,0,5,6,32,3,6,0,0,0,62,0,0,5,16,5,12,5,0,0,40,0,4,13,82,62,40,10,0,0,207,0,26,43,401,134,104,48,19,6,781,417,914,874,3423,1389,1072,354,88,19,8538,3738,7085,5254,17391,6944,5191,1923,508,91,48124,0,0,0,4,0,0,0,0,0,4,3025,5531,3610,9603,3319,2281,973,287,71,28704,0,0,0,9,0,0,0,0,0,12,0,0,0,6,4,0,0,0,0,13,0,4,0,27,0,4,0,0,0,33,0,0,0,15,0,0,0,0,0,18,0,0,0,57,9,7,3,0,0,88
511,0,3,0,12,14,8,0,0,0,43,3,59,96,247,155,102,34,12,0,710,0,6,0,29,21,4,0,0,0,68,0,0,0,25,0,0,0,0,0,29,3,28,20,29,9,0,4,0,0,85,0,0,0,5,0,3,0,0,0,9,0,12,7,41,21,20,20,4,0,132,0,7,4,48,36,22,15,7,0,139,0,0,6,17,15,19,15,4,0,67,0,18,32,95,60,50,19,6,0,281,10,46,48,330,145,112,85,67,21,859,365,925,905,2548,1247,1134,730,391,99,8332,3775,8109,6950,16255,8504,8448,5993,2813,734,61579,0,0,3,7,0,0,0,0,0,10,3190,6299,4873,9945,5249,4962,3678,1812,675,40686,0,0,0,7,0,0,0,0,0,12,0,0,0,3,3,0,0,0,0,13,0,4,6,35,5,9,0,0,0,56,0,0,4,15,5,0,0,0,0,22,6,3,3,48,20,22,7,0,0,118
597,0,0,0,0,0,0,0,0,0,0,0,0,0,0,8,0,0,0,0,3,0,0,0,0,0,0,0,0,0,0,0,0,0,0,0,0,0,0,0,0,0,0,0,4,0,0,0,0,0,4,0,0,0,0,0,0,0,0,0,0,0,0,0,0,0,0,0,0,0,4,0,0,0,0,0,0,0,0,0,0,0,0,0,0,0,0,0,0,0,0,0,0,0,0,0,0,0,0,0,0,0,0,0,9,5,5,0,0,0,14,0,0,14,110,46,25,4,0,0,197,0,0,30,262,103,55,14,0,0,455,0,0,0,0,0,0,0,0,0,0,0,0,4,14,0,3,4,0,0,24,0,0,0,0,0,0,0,0,0,0,0,0,0,0,0,0,0,0,0,0,0,0,0,0,0,0,0,0,0,0,0,0,0,0,0,0,0,0,0,0,0,0,0,0,0,0,0,0,0,0
599,0,0,0,0,0,0,0,0,0,3,0,3,0,14,8,4,4,0,0,35,0,0,0,0,0,0,0,0,0,0,0,0,0,0,0,0,0,0,0,0,0,0,0,0,0,0,0,0,0,0,0,0,0,0,0,0,0,0,0,0,0,0,0,14,4,6,4,0,0,21,0,0,0,4,5,0,0,0,0,5,0,0,0,0,0,0,0,3,0,9,0,0,0,3,6,0,0,0,0,6,3,0,10,49,9,15,7,3,0,102,31,31,87,456,250,169,93,35,9,1156,149,244,414,1753,842,667,444,118,14,4639,5,0,0,0,0,0,0,0,0,13,119,194,247,755,298,267,167,20,4,2061,0,0,0,0,0,0,0,0,0,0,0,0,0,0,0,0,0,0,0,0,0,0,0,5,0,0,0,0,0,5,0,0,0,0,0,0,0,0,0,4,3,0,0,6,0,0,0,0,0,13
601,0,14,28,52,20,17,9,0,0,145,0,34,55,189,95,60,58,39,13,540,0,14,27,341,30,10,12,8,0,451,4,9,8,139,5,7,0,0,0,170,0,30,33,65,11,4,5,0,0,141,0,0,0,10,7,3,0,0,0,29,13,45,38,144,74,83,80,31,7,514,0,28,66,298,22,14,8,0,0,443,0,3,5,16,21,29,28,26,6,132,0,6,14,30,25,19,10,6,3,112,17,147,162,866,282,267,231,173,64,2205,220,565,574,1493,657,708,646,450,178,5501,6632,14715,14350,35329,14213,14272,12337,6566,2116,120521,0,0,14,20,17,0,5,0,0,58,5854,12548,11446,23765,12433,12425,10490,5716,2431,97107,0,8,16,148,5,0,0,0,0,177,0,0,0,10,5,6,8,4,3,31,0,3,4,171,5,0,0,0,0,190,0,0,0,24,4,0,0,0,0,31,0,7,12,107,62,42,38,14,0,276
602,0,9,11,31,13,12,3,0,0,78,0,7,21,62,57,36,24,9,6,225,3,10,14,101,11,13,3,0,0,154,0,6,0,37,4,0,0,0,0,50,0,13,7,20,0,0,0,0,0,48,0,0,0,6,4,3,3,0,0,12,3,17,19,49,35,27,39,17,9,210,0,10,18,67,6,3,0,0,0,109,0,0,0,10,4,14,21,15,4,83,0,0,5,6,7,13,6,5,0,48,11,57,74,464,170,137,154,123,35,1229,164,357,478,1013,529,652,669,408,144,4412,3899,8988,8592,17924,9054,10113,9300,4995,1467,74337,0,6,16,45,15,9,4,0,0,88,3503,7658,6973,14037,8145,8631,7274,3958,1674,61854,0,0,8,33,0,0,0,0,0,42,0,0,0,3,3,0,0,0,0,8,0,0,0,23,4,0,6,0,0,33,0,0,0,8,0,0,0,0,0,12,0,5,14,56,29,25,15,8,0,150
603,0,0,0,0,4,0,0,0,0,7,0,3,8,22,12,11,20,3,0,84,0,0,0,10,0,0,0,0,0,11,0,0,0,11,0,0,0,0,0,12,5,0,0,0,0,0,0,0,0,8,0,0,0,4,0,0,0,0,0,3,0,0,7,28,12,21,25,17,0,108,0,5,0,6,0,0,0,0,0,5,0,0,0,5,3,10,9,0,0,25,0,0,0,0,6,0,4,0,0,16,3,9,13,40,29,61,57,24,5,233,59,159,127,343,230,304,338,162,61,1792,984,2289,2076,4244,2766,3623,3445,1559,333,21322,0,0,0,0,0,0,0,0,0,0,849,2049,1552,3452,2111,2704,2170,888,268,16035,0,0,0,0,0,0,0,0,0,0,0,0,0,0,0,0,0,0,0,0,0,0,0,3,0,0,3,0,0,11,0,0,0,0,0,0,0,0,0,0,0,0,0,19,0,12,12,6,0,52
604,0,5,0,0,5,3,5,3,0,14,0,4,16,44,29,31,21,10,6,164,4,12,11,62,16,4,4,0,0,110,0,4,0,49,0,0,0,0,0,54,0,6,4,5,3,4,0,0,0,25,0,0,0,4,0,0,0,0,0,3,0,8,10,23,26,26,31,19,0,141,0,3,5,23,3,0,3,0,0,38,0,0,0,7,6,10,12,11,5,52,0,0,0,9,11,3,0,0,0,28,5,21,32,160,65,72,95,80,29,566,134,348,328,813,546,604,572,387,135,3863,2991,6954,6200,12525,7166,8259,7484,4095,1138,56814,0,0,0,0,0,0,0,0,0,0,2712,6123,5445,10858,6537,7151,6021,3214,1353,49420,0,4,4,3,0,0,0,0,0,7,0,0,0,0,0,0,0,0,0,10,0,0,0,8,0,0,0,0,0,9,0,0,0,5,0,0,0,0,0,5,0,0,9,19,9,12,12,5,4,80
697,0,0,0,0,0,0,0,0,0,0,0,0,0,0,0,0,0,0,0,0,0,0,0,0,0,0,0,0,0,0,0,0,0,0,0,0,0,0,0,0,0,0,0,0,0,0,0,0,0,0,0,0,0,0,0,0,0,0,0,0,0,0,0,0,0,0,0,0,0,0,0,0,0,0,0,0,0,0,0,0,0,0,0,0,0,0,0,0,0,0,0,0,0,0,0,0,0,0,0,0,0,0,0,0,0,0,0,0,0,0,0,0,0,4,0,0,0,0,0,3,0,0,0,8,7,0,0,0,0,13,0,0,0,0,0,0,0,0,0,0,0,0,0,0,0,0,0,0,0,0,0,0,0,0,0,0,0,0,0,0,0,0,0,0,0,0,0,0,0,0,0,0,0,0,0,0,0,0,0,0,0,0,0,0,0,0,0,0,0,0,0,0,0,0,0,0,0,0,0,0
699,0,0,0,0,0,0,0,0,0,0,0,0,0,0,0,0,0,0,0,0,0,0,0,0,0,0,0,0,0,0,0,0,0,0,0,0,0,0,0,0,0,0,0,0,0,0,0,0,0,0,0,0,0,0,0,0,0,0,0,0,0,0,0,0,0,0,0,0,0,0,0,0,0,0,0,0,0,0,0,0,0,0,0,0,0,0,0,0,0,0,0,0,0,0,0,0,0,0,0,0,0,0,0,8,0,0,4,0,0,15,0,8,11,24,14,26,40,4,0,131,21,50,108,234,130,104,90,18,0,758,0,0,0,0,0,0,0,0,0,0,19,33,76,135,56,60,32,10,4,428,0,0,0,0,0,0,0,0,0,0,0,0,0,0,0,0,0,0,0,0,0,0,0,3,0,0,0,0,0,3,0,0,0,0,0,0,0,0,0,0,0,0,0,0,0,0,0,0,0,0
701,0,16,0,38,15,15,14,4,0,105,5,37,48,128,64,40,15,9,0,343,5,43,37,318,64,38,25,19,3,553,5,17,0,92,4,4,0,0,0,129,4,39,51,90,24,24,3,0,0,239,0,0,0,3,7,9,0,0,0,23,6,17,12,67,32,29,21,12,4,203,7,41,54,196,57,61,38,7,0,464,0,0,7,25,11,4,12,0,5,61,0,12,22,91,42,24,13,0,0,193,20,170,168,711,370,306,249,146,42,2190,318,744,752,2191,931,705,446,147,48,6271,4900,9532,8819,23575,9359,7494,4858,1830,370,70739,0,0,0,7,0,0,0,0,0,6,4187,7350,5523,12997,5386,4258,2506,862,195,43262,0,14,39,162,16,7,6,3,0,250,0,0,0,9,5,6,3,0,0,20,0,5,3,79,6,3,0,0,0,94,0,14,7,57,26,15,11,5,0,129,3,0,0,73,22,15,20,7,0,139
702,0,0,0,0,3,4,0,0,0,14,0,9,16,55,31,18,16,6,0,141,0,10,3,74,17,6,5,0,0,115,0,0,3,30,0,0,0,0,0,37,0,3,11,21,5,0,0,0,0,38,0,0,0,6,3,0,0,0,0,4,15,49,24,190,52,56,12,9,0,404,0,0,14,42,16,22,4,0,0,103,0,0,0,6,3,7,6,0,0,17,0,5,18,51,29,23,6,0,0,134,7,27,55,345,134,67,50,19,5,712,213,398,511,1428,581,549,306,114,15,4120,3457,7089,6700,14383,5358,4487,2507,780,123,44877,0,0,0,4,0,0,0,0,0,4,2835,5897,5491,10914,4226,3285,1669,518,151,34987,0,0,5,16,0,0,0,0,0,20,0,0,0,4,0,0,0,0,0,7,0,3,0,16,5,0,0,0,0,23,0,0,0,10,0,0,0,0,0,13,0,0,3,36,8,3,7,0,0,62
797,0,0,0,0,0,0,0,0,0,0,0,0,0,0,0,0,0,0,0,0,0,0,0,0,0,0,0,0,0,0,0,0,0,0,0,0,0,0,0,0,0,0,0,0,0,0,0,0,0,0,0,0,0,0,0,0,0,0,0,0,0,0,0,0,0,0,0,0,0,0,0,0,0,0,0,0,0,0,0,0,0,0,0,0,0,0,0,0,0,0,0,0,0,0,0,0,0,0,0,0,0,0,0,0,0,0,0,0,0,0,0,0,6,5,6,3,0,0,0,22,0,0,12,41,18,17,0,0,0,83,0,0,0,0,0,0,0,0,0,0,0,0,3,3,4,0,0,0,0,8,0,0,0,0,0,0,0,0,0,0,0,0,0,0,0,0,0,0,0,0,0,0,0,0,0,0,0,0,0,0,0,0,0,0,0,0,0,0,0,0,0,0,0,0,0,0,0,0,0,0
799,0,0,0,0,0,0,0,0,0,0,0,0,0,0,0,0,0,0,0,4,0,0,0,0,0,0,0,0,0,4,0,0,0,0,0,0,0,0,0,0,0,0,0,0,0,0,0,0,0,0,0,0,0,0,0,0,0,0,0,0,0,0,0,5,0,0,0,0,0,5,0,0,0,0,0,0,0,0,0,0,0,0,0,0,0,0,0,0,0,0,0,0,0,0,0,0,0,0,0,3,0,0,4,22,3,3,4,3,0,38,23,17,39,180,97,82,47,4,0,480,89,166,113,602,311,300,205,33,6,1826,0,0,0,0,0,0,0,0,0,0,64,97,90,349,161,167,67,14,4,1001,0,0,0,0,0,0,0,0,0,0,0,0,0,0,0,0,0,0,0,0,0,0,0,0,0,0,0,0,0,0,0,0,0,0,0,0,0,0,0,0,0,0,0,0,0,0,0,0,0,0
801,6,62,78,180,108,49,42,13,3,537,3,81,183,340,249,122,95,32,10,1125,8,70,134,647,265,227,179,69,15,1612,0,18,24,194,27,18,12,3,0,297,5,53,111,232,49,29,20,5,0,504,0,5,14,75,35,20,13,4,0,162,55,212,237,510,227,165,120,64,11,1592,10,55,134,565,334,352,187,47,28,1704,0,4,12,45,39,41,42,33,15,236,0,12,33,143,80,49,14,9,0,333,64,545,686,3101,1190,976,738,504,183,7980,376,818,1423,2994,956,833,637,455,203,8693,13746,29005,30428,72912,27785,21866,16625,8781,2868,224022,0,20,36,142,44,30,14,3,0,287,12147,23326,22396,43097,18560,14760,11457,6033,2380,154157,3,39,78,584,124,74,27,11,0,933,0,0,3,58,37,47,35,23,16,212,0,15,15,214,47,17,17,3,5,328,3,9,29,100,41,32,25,10,3,254,8,46,46,282,157,107,65,26,11,745
897,0,0,0,0,0,0,0,0,0,0,0,0,0,0,0,0,0,0,0,0,0,0,0,0,0,0,0,0,0,0,0,0,0,0,0,0,0,0,0,0,0,0,0,0,0,0,0,0,0,0,0,0,0,0,0,0,0,0,0,0,0,0,0,0,0,0,0,0,0,0,0,0,0,0,0,0,0,0,0,0,0,0,0,0,0,0,0,0,0,0,0,0,0,0,0,0,0,0,0,0,0,0,0,0,0,0,0,0,0,0,0,0,0,0,0,0,0,0,0,0,0,0,0,0,0,0,0,0,0,0,0,0,0,0,0,0,0,0,0,0,0,0,0,0,0,0,0,0,0,0,0,0,0,0,0,0,0,0,0,0,0,0,0,0,0,0,0,0,0,0,0,0,0,0,0,0,0,0,0,0,0,0,0,0,0,0,0,0,0,0,0,0,0,0,0,0,0,0,0,0
899,0,0,0,0,0,0,0,0,0,0,0,0,0,0,0,0,0,0,0,0,0,0,0,0,0,0,0,0,0,0,0,0,0,0,0,0,0,0,0,0,0,0,0,0,0,0,0,0,0,0,0,0,0,0,0,0,0,0,0,0,0,0,0,0,0,0,0,0,0,0,0,0,0,0,0,0,0,0,0,0,0,0,0,0,0,0,0,0,0,0,0,0,0,0,0,0,0,0,0,0,0,0,0,3,0,6,0,0,0,14,0,0,8,25,14,13,7,0,0,75,18,13,66,125,53,38,21,6,0,336,0,0,0,0,0,0,0,0,0,0,8,5,64,43,17,23,3,3,0,176,0,0,0,0,0,0,0,0,0,0,0,0,0,0,0,0,0,0,0,0,0,0,0,0,0,0,0,0,0,0,0,0,0,0,0,0,0,0,0,0,0,0,0,0,0,0,0,0,0,0
901,0,0,0,4,4,8,14,0,0,32,0,0,0,0,6,0,0,0,0,11,0,0,0,13,0,0,0,0,0,12,0,0,0,0,0,0,0,0,0,0,0,0,0,3,0,6,0,0,0,11,0,0,0,0,0,0,0,0,0,0,0,6,0,0,5,0,0,0,0,8,0,0,0,4,6,0,0,0,0,13,0,0,0,0,0,0,0,0,0,0,0,0,0,5,0,4,0,0,0,6,0,0,16,75,14,3,3,5,0,115,14,43,24,111,61,56,48,23,0,386,132,313,196,663,347,378,318,120,36,2511,0,0,0,0,0,0,0,0,0,0,86,219,157,292,155,194,132,60,20,1322,0,0,0,0,0,0,0,0,0,0,0,0,0,0,0,0,0,0,0,0,0,0,0,0,0,0,0,0,0,0,0,0,0,0,0,0,0,0,0,0,0,0,0,0,0,0,0,0,0,3
997,0,0,0,0,0,0,0,0,0,0,0,0,0,0,0,0,0,0,0,0,0,0,0,0,0,0,0,0,0,0,0,0,0,0,0,0,0,0,0,0,0,0,0,0,0,0,0,0,0,0,0,0,0,0,0,0,0,0,0,0,0,0,0,0,0,0,0,0,0,0,0,0,0,0,0,0,0,0,0,0,0,0,0,0,0,0,0,0,0,0,0,0,0,0,0,0,0,0,0,0,0,0,0,0,0,0,0,0,0,0,0,0,0,0,0,0,0,0,0,0,0,0,0,0,0,0,0,0,0,0,0,0,0,0,0,0,0,0,0,0,0,0,0,0,0,0,0,0,0,0,0,0,0,0,0,0,0,0,0,0,0,0,0,0,0,0,0,0,0,0,0,0,0,0,0,0,0,0,0,0,0,0,0,0,0,0,0,0,0,0,0,0,0,0,0,0,0,0,0,0
999,0,0,0,0,0,0,0,0,0,0,0,0,0,0,0,0,0,0,0,0,0,0,0,0,0,0,0,0,0,0,0,0,0,0,0,0,0,0,0,0,0,0,0,0,0,0,0,0,0,0,0,0,0,0,0,0,0,0,0,0,0,0,0,0,0,0,0,0,0,0,0,0,0,0,0,0,0,0,0,0,0,0,0,0,0,0,0,0,0,0,0,0,0,0,0,0,0,0,0,0,0,0,0,0,0,0,0,0,0,0,0,0,0,0,0,0,0,0,0,3,0,0,0,4,0,3,0,0,0,6,0,0,0,0,0,0,0,0,0,0,0,0,0,0,0,0,0,0,0,4,0,0,0,0,0,0,0,0,0,0,0,0,0,0,0,0,0,0,0,0,0,0,0,0,0,0,0,0,0,0,0,0,0,0,0,0,0,0,0,0,0,0,0,0,0,0,0,0,0,0
