SA4_CODE_2021,P_Pakistan_0_4,P_Pakistan_5_14,P_Pakistan_15_24,P_Pakistan_25_44,P_Pakistan_45_54,P_Pakistan_55_64,P_Pakistan_65_74,P_Pakistan_75_84,P_Pakistan_85ov,P_Pakistan_Tot,P_PNG_0_4,P_PNG_5_14,P_PNG_15_24,P_PNG_25_44,P_PNG_45_54,P_PNG_55_64,P_PNG_65_74,P_PNG_75_84,P_PNG_85ov,P_PNG_Tot,P_Philippines_0_4,P_Philippines_5_14,P_Philippines_15_24,P_Philippines_25_44,P_Philippines_45_54,P_Philippines_55_64,P_Philippines_65_74,P_Philippines_75_84,P_Philippines_85ov,P_Philippines_Tot,P_Poland_0_4,P_Poland_5_14,P_Poland_15_24,P_Poland_25_44,P_Poland_45_54,P_Poland_55_64,P_Poland_65_74,P_Poland_75_84,P_Poland_85ov,P_Poland_Tot,P_Samoa_0_4,P_Samoa_5_14,P_Samoa_15_24,P_Samoa_25_44,P_Samoa_45_54,P_Samoa_55_64,P_Samoa_65_74,P_Samoa_75_84,P_Samoa_85ov,P_Samoa_Tot,P_Scotland_0_4,P_Scotland_5_14,P_Scotland_15_24,P_Scotland_25_44,P_Scotland_45_54,P_Scotland_55_64,P_Scotland_65_74,P_Scotland_75_84,P_Scotland_85ov,P_Scotland_Tot,P_Singapore_0_4,P_Singapore_5_14,P_Singapore_15_24,P_Singapore_25_44,P_Singapore_45_54,P_Singapore_55_64,P_Singapore_65_74,P_Singapore_75_84,P_Singapore_85ov,P_Singapore_Tot,P_South_Africa_0_4,P_South_Africa_5_14,P_South_Africa_15_24,P_South_Africa_25_44,P_South_Africa_45_54,P_South_Africa_55_64,P_South_Africa_65_74,P_South_Africa_75_84,P_South_Africa_85ov,P_South_Africa_Tot,P_Sri_Lanka_0_4,P_Sri_Lanka_5_14,P_Sri_Lanka_15_24,P_Sri_Lanka_25_44,P_Sri_Lanka_45_54,P_Sri_Lanka_55_64,P_Sri_Lanka_65_74,P_Sri_Lanka_75_84,P_Sri_Lanka_85ov,P_Sri_Lanka_Tot,P_Taiwan_0_4,P_Taiwan_5_14,P_Taiwan_15_24,P_Taiwan_25_44,P_Taiwan_45_54,P_Taiwan_55_64,P_Taiwan_65_74,P_Taiwan_75_84,P_Taiwan_85ov,P_Taiwan_Tot,P_Thailand_0_4,P_Thailand_5_14,P_Thailand_15_24,P_Thailand_25_44,P_Thailand_45_54,P_Thailand_55_64,P_Thailand_65_74,P_Thailand_75_84,P_Thailand_85ov,P_Thailand_Tot,P_Turkey_0_4,P_Turkey_5_14,P_Turkey_15_24,P_Turkey_25_44,P_Turkey_45_54,P_Turkey_55_64,P_Turkey_65_74,P_Turkey_75_84,P_Turkey_85ov,P_Turkey_Tot,P_USA_0_4,P_USA_5_14,P_USA_15_24,P_USA_25_44,P_USA_45_54,P_USA_55_64,P_USA_65_74,P_USA_75_84,P_USA_85ov,P_USA_Tot,P_Vietnam_0_4,P_Vietnam_5_14,P_Vietnam_15_24,P_Vietnam_25_44,P_Vietnam_45_54,P_Vietnam_55_64,P_Vietnam_65_74,P_Vietnam_75_84,P_Vietnam_85ov,P_Vietnam_Tot,P_Wales_0_4,P_Wales_5_14,P_Wales_15_24,P_Wales_25_44,P_Wales_45_54,P_Wales_55_64,P_Wales_65_74,P_Wales_75_84,P_Wales_85ov,P_Wales_Tot,P_Zimbabwe_0_4,P_Zimbabwe_5_14,P_Zimbabwe_15_24,P_Zimbabwe_25_44,P_Zimbabwe_45_54,P_Zimbabwe_55_64,P_Zimbabwe_65_74,P_Zimbabwe_75_84,P_Zimbabwe_85ov,P_Zimbabwe_Tot,P_Elsewhere_0_4,P_Elsewhere_5_14,P_Elsewhere_15_24,P_Elsewhere_25_44,P_Elsewhere_45_54,P_Elsewhere_55_64,P_Elsewhere_65_74,P_Elsewhere_75_84,P_Elsewhere_85ov,P_Elsewhere_Tot,P_COB_NS_0_4,P_COB_NS_5_14,P_COB_NS_15_24,P_COB_NS_25_44,P_COB_NS_45_54,P_COB_NS_55_64,P_COB_NS_65_74,P_COB_NS_75_84,P_COB_NS_85ov,P_COB_NS_Tot,P_Tot_0_4,P_Tot_5_14,P_Tot_15_24,P_Tot_25_44,P_Tot_45_54,P_Tot_55_64,P_Tot_65_74,P_Tot_75_84,P_Tot_85ov,P_Tot_Tot
101,10,18,13,198,13,10,8,0,0,269,0,3,3,30,88,74,19,6,0,216,14,107,150,542,249,167,119,19,12,1377,0,0,0,39,29,33,60,25,16,207,0,5,7,29,17,11,7,0,0,72,0,10,12,65,100,221,253,199,52,904,4,13,8,37,35,30,17,3,0,152,5,51,48,228,165,150,105,52,13,802,0,16,10,105,36,30,30,9,0,234,0,0,5,118,7,10,3,0,0,143,3,36,40,178,108,54,24,3,0,447,0,3,4,13,19,12,3,9,0,75,18,93,78,243,124,173,176,72,6,988,4,5,15,90,69,32,24,4,0,229,0,4,6,20,34,63,46,35,12,217,0,4,11,47,35,32,30,7,0,170,19,87,132,882,466,612,693,505,199,3591,660,1671,1413,3557,2018,2547,2360,1350,644,16226,12752,28493,23664,53873,31454,35370,31264,16162,5776,238810
102,4,13,20,118,11,13,13,0,4,201,0,3,11,65,84,78,41,10,4,294,14,132,165,996,420,431,254,60,17,2487,0,4,4,131,61,54,102,51,24,431,0,0,0,26,19,16,9,3,0,68,3,31,55,190,230,372,418,369,141,1808,0,27,10,63,39,48,45,8,0,236,9,110,157,572,476,326,263,148,29,2100,4,9,9,103,50,41,54,24,8,306,0,19,4,50,22,15,9,0,0,115,6,66,69,413,177,90,26,9,3,856,0,7,3,34,25,45,25,12,0,139,6,89,124,369,220,190,168,74,13,1252,0,30,30,173,100,44,36,8,0,431,5,14,17,81,89,84,79,102,25,499,0,10,35,109,73,53,17,21,3,325,23,182,213,1358,934,947,977,780,292,5699,714,1830,1657,3801,1998,2005,2133,1878,1178,17199,19421,42931,38764,79477,44183,44882,40693,25702,10545,346596
103,6,24,4,127,13,4,7,0,0,188,0,4,8,29,28,27,13,4,0,105,11,100,107,481,176,146,83,12,0,1117,0,0,0,11,5,11,27,20,23,102,0,0,3,20,5,0,6,0,0,36,0,10,12,56,60,107,148,104,30,526,0,10,15,20,21,11,4,4,0,94,3,52,68,200,149,81,66,23,5,641,5,26,15,102,24,32,15,12,0,236,3,5,3,20,8,7,3,0,0,50,3,22,34,151,65,29,10,0,0,315,0,0,0,10,4,0,4,0,0,30,0,35,38,130,58,62,69,25,4,429,0,11,26,110,46,28,5,0,0,216,0,3,3,16,18,29,34,21,4,127,0,20,12,69,42,30,13,0,0,198,24,86,99,497,248,262,292,227,87,1821,682,1905,1581,3505,1907,2131,2006,1350,621,15707,12569,28797,23853,48985,26203,27917,24652,14480,5504,212962
104,0,3,12,19,3,8,6,0,0,43,0,0,11,36,52,46,20,0,3,177,9,59,45,267,93,127,64,13,0,663,0,0,0,18,12,14,26,7,6,85,0,0,5,9,7,3,3,0,0,24,0,8,17,29,60,106,128,111,29,495,0,10,4,27,12,11,6,3,0,69,7,27,39,157,143,93,98,41,7,606,0,6,4,24,12,10,10,3,0,74,0,3,4,97,3,10,3,4,0,128,4,44,48,88,53,28,8,4,3,275,3,0,0,7,3,10,5,0,0,34,6,32,23,131,62,75,124,32,7,480,0,7,7,74,14,13,6,0,0,126,0,0,3,13,20,38,34,20,13,140,0,0,8,19,22,20,13,6,0,86,23,141,190,664,303,318,267,205,81,2199,365,999,903,2209,1226,1399,1288,919,486,9795,7178,17662,14313,31005,18106,21252,20649,11492,4473,146127
105,4,13,17,159,6,0,3,0,0,209,0,8,10,15,19,15,4,3,0,67,13,78,66,328,120,61,47,18,4,741,0,0,0,10,3,6,4,0,5,23,0,0,0,0,4,0,0,0,0,4,0,4,5,18,13,25,37,40,8,151,0,6,0,3,4,4,0,4,0,24,4,18,23,80,41,34,12,15,4,237,0,26,14,95,27,21,6,7,0,197,0,6,0,46,0,0,0,0,0,45,3,15,3,57,18,18,0,0,0,116,0,0,0,0,0,0,0,0,0,9,7,10,11,49,14,21,24,16,0,152,0,0,5,54,13,8,3,0,0,91,0,0,0,6,0,0,10,6,3,31,0,9,18,52,33,13,5,0,0,135,8,41,42,232,78,89,117,92,27,741,759,1771,1439,3206,1528,1658,1457,1034,486,13349,7596,15301,12519,28469,13463,15228,12627,7498,2866,115566
106,0,12,13,111,27,16,15,0,0,198,0,0,3,19,55,35,26,4,0,142,11,120,153,649,254,223,144,33,12,1602,0,0,0,27,23,28,54,21,13,165,0,0,0,30,17,13,6,3,0,79,3,14,27,91,105,222,285,208,58,1007,0,19,9,17,21,23,12,7,0,110,10,87,112,345,271,140,121,72,17,1163,0,13,3,84,20,12,14,7,0,157,0,0,3,85,12,0,0,0,0,106,9,47,62,256,116,51,21,0,0,560,0,0,0,21,11,8,9,3,0,54,13,46,63,213,76,101,95,38,4,656,4,15,25,200,52,24,13,0,0,320,0,3,5,45,37,56,55,51,11,270,0,19,24,98,76,27,19,5,0,268,18,103,125,699,313,397,443,282,70,2457,628,1670,1567,3446,1698,1831,1760,1342,653,14587,17579,39317,33766,71744,36228,37003,32654,17724,5922,291946
107,10,36,56,351,43,24,16,4,0,540,0,4,9,27,35,28,16,5,0,129,11,99,129,699,298,297,226,64,5,1823,0,5,7,92,56,68,156,60,42,478,0,0,9,18,16,8,4,5,0,59,0,21,38,111,199,517,530,388,143,1951,5,47,21,43,45,27,21,8,0,216,4,58,88,412,191,151,149,51,20,1122,0,8,48,136,42,51,28,16,9,341,3,12,3,65,16,16,10,0,0,122,5,79,161,429,174,89,21,13,0,968,5,10,14,131,201,198,96,103,19,774,29,81,122,359,181,134,127,60,8,1105,9,43,171,327,185,189,140,48,16,1121,0,8,20,53,90,191,140,82,49,637,0,5,23,66,38,30,22,0,0,179,46,431,575,1903,1210,1527,1474,1116,567,8852,579,1475,1617,3310,1464,1423,1413,1257,684,13222,17827,38285,40453,78568,39273,39152,32307,19744,8227,313842
108,0,10,4,51,5,4,0,0,0,73,0,6,0,22,47,37,29,5,0,154,9,51,63,415,170,180,126,32,6,1049,0,5,3,16,12,28,49,20,13,138,0,0,0,8,5,0,0,3,0,16,0,21,14,43,48,183,284,227,43,875,0,4,5,19,16,19,19,8,0,84,3,22,51,150,130,111,158,75,16,714,0,5,9,44,21,15,13,14,0,118,0,5,5,23,9,10,0,0,0,42,3,36,29,136,84,34,18,7,0,351,0,4,0,12,9,12,3,5,3,45,10,50,52,132,74,100,149,57,8,628,0,16,9,84,32,14,13,0,0,182,0,3,6,21,28,35,50,46,11,206,0,0,3,33,32,31,28,7,6,140,15,72,84,385,297,364,481,408,120,2227,594,1639,1337,2902,1808,2381,2608,1836,779,15902,10190,25646,21563,41402,26807,34795,37531,22565,8536,229035
109,0,11,5,58,6,6,0,6,0,86,0,0,0,6,17,16,3,0,0,49,11,52,72,320,125,85,48,17,3,731,0,0,0,8,0,3,16,3,3,38,0,0,0,9,5,4,0,0,0,15,0,0,6,23,29,69,115,77,29,349,0,3,6,8,14,7,5,0,0,44,0,21,25,81,48,41,26,22,3,277,0,18,6,75,23,11,9,0,0,144,0,0,0,35,0,0,0,0,0,35,0,13,11,71,37,23,7,4,0,170,0,0,0,3,3,3,0,0,0,11,0,17,13,62,25,32,27,11,0,193,0,10,11,59,23,7,5,0,0,122,0,0,5,13,11,18,16,12,5,85,0,5,3,22,15,7,4,0,4,55,17,103,97,496,240,208,199,170,61,1584,459,1082,993,2158,1166,1436,1369,923,387,9973,7139,15152,13312,27263,14812,17022,16158,9280,3413,123552
110,0,6,11,97,9,0,3,0,0,130,0,11,11,24,39,27,12,0,0,123,12,114,144,480,201,108,63,10,0,1126,0,0,0,9,0,3,13,9,4,39,0,0,3,28,0,3,0,0,0,37,0,11,13,38,40,81,90,61,25,366,0,6,9,10,7,6,13,4,0,53,0,34,49,156,92,57,48,11,4,450,8,23,10,82,31,15,12,5,0,192,0,6,12,215,5,3,0,0,0,240,0,27,15,91,37,21,4,0,0,195,3,0,0,10,3,0,0,0,0,19,10,35,33,154,68,87,81,41,11,528,10,82,36,286,50,25,7,0,0,493,0,5,4,6,16,22,15,16,3,90,3,9,8,43,27,19,5,4,0,120,17,119,97,552,182,175,175,121,40,1472,840,2330,2386,4183,2217,2411,2080,1469,665,18579,10684,24821,21767,42280,22031,24586,21574,13144,4669,185560
111,18,71,101,402,28,10,23,11,0,651,0,4,18,58,95,65,39,10,0,283,9,113,197,815,310,302,196,56,7,2024,0,4,4,92,50,62,117,87,59,469,0,3,16,49,33,45,31,14,6,197,5,42,55,182,184,291,355,259,96,1464,10,12,46,86,39,42,23,13,0,265,14,105,157,554,302,233,169,58,21,1617,3,15,34,160,83,50,35,24,6,418,0,11,15,101,19,9,8,0,0,147,11,49,88,390,148,55,25,3,0,766,0,0,4,30,20,27,8,7,0,85,42,130,152,497,183,181,124,57,6,1367,5,62,96,366,129,81,28,10,3,770,4,8,21,64,79,87,79,54,31,428,0,14,70,144,56,33,34,9,0,353,78,454,518,1891,770,648,658,575,282,5870,555,1461,2022,3918,1670,1769,1924,1534,901,15757,21240,46382,48868,100537,48194,47431,41675,25316,10881,390519
112,0,3,3,33,4,7,8,4,0,58,0,6,18,66,118,92,45,9,3,348,9,112,95,484,193,174,122,28,6,1216,0,0,0,60,26,25,36,14,7,170,0,0,3,14,5,8,3,3,0,35,0,11,22,106,108,186,250,192,95,961,0,24,14,22,34,38,27,11,0,166,4,49,61,334,232,178,200,96,23,1187,0,4,4,57,18,20,21,3,0,131,0,9,3,50,8,9,0,0,0,78,7,53,61,207,135,72,28,4,0,566,0,0,0,17,16,4,0,0,0,39,27,87,82,409,210,222,258,84,24,1391,4,18,13,98,46,22,5,5,3,212,0,7,11,45,38,60,81,34,33,306,0,0,13,40,52,34,47,13,0,203,29,159,181,1521,550,583,528,328,128,4002,797,2266,1853,4665,2523,2809,2552,1624,971,20067,12261,30559,25007,55760,33175,37504,35234,19222,8337,257061
113,9,32,54,168,48,19,5,0,0,327,0,0,10,27,22,15,4,0,0,76,13,136,141,593,181,125,55,9,3,1249,0,0,0,16,3,10,6,4,5,35,0,18,50,81,48,34,18,3,0,250,0,3,11,40,29,54,69,59,14,283,0,4,4,13,13,10,8,0,0,57,16,60,101,214,130,72,40,18,0,640,4,25,20,122,44,16,9,0,0,247,7,0,9,194,0,3,0,0,0,223,4,16,19,131,36,24,4,4,0,230,14,17,5,28,25,15,13,0,0,113,8,21,28,67,42,37,44,11,0,262,0,8,22,65,21,15,7,0,0,143,0,0,3,11,3,6,9,18,0,53,0,8,21,57,38,41,14,5,0,181,18,107,149,669,229,232,173,132,50,1759,535,1397,1360,2665,1400,1498,1371,1054,515,11799,10215,21787,20495,40015,19343,20423,17036,10095,4250,163656
114,5,12,3,57,7,6,3,0,0,89,0,0,0,16,37,33,20,4,0,107,3,58,61,372,111,109,82,16,3,826,0,0,0,26,9,26,68,29,17,189,0,0,4,11,6,3,0,0,0,30,0,8,7,54,75,193,298,217,68,916,0,12,13,11,30,16,20,10,0,123,3,22,38,149,114,103,131,86,13,657,0,7,6,62,21,16,7,9,3,138,0,0,0,40,21,9,8,6,0,80,7,19,25,160,54,36,16,6,0,319,0,0,0,11,7,7,9,0,0,32,8,48,62,162,88,106,136,56,9,674,0,4,16,73,32,11,11,3,0,150,0,3,0,15,19,49,73,65,16,249,0,0,4,29,20,17,17,8,0,92,16,67,60,405,302,404,588,426,134,2413,406,1033,902,1904,1180,1401,1323,1096,606,9843,7999,18105,15312,32203,19016,23275,24844,14997,5266,161006
115,11,281,146,958,275,179,93,26,13,1984,0,0,8,22,46,47,20,7,3,157,9,115,246,1287,718,716,591,107,45,3839,0,12,5,114,96,137,167,37,19,589,0,3,0,20,17,12,4,0,0,58,0,26,30,88,130,148,177,118,50,777,14,183,191,200,167,148,147,53,11,1114,45,424,509,1107,912,566,274,119,38,3988,5,115,259,1027,815,894,518,233,78,3939,6,41,28,328,123,104,156,32,0,822,7,39,56,262,103,51,32,3,0,547,0,7,3,87,130,85,31,27,4,368,51,213,270,334,143,144,65,24,9,1250,0,31,43,277,257,216,115,28,0,954,0,15,14,34,45,49,48,28,16,239,0,11,46,112,119,79,27,9,0,395,53,499,498,1827,1241,1192,868,578,231,6988,276,805,657,1699,821,693,596,468,202,6211,14477,39492,33968,65101,37757,31141,24274,13127,5023,264371
116,71,744,627,3253,762,481,229,53,16,6232,0,8,25,39,53,31,15,0,0,168,82,869,2116,8996,4755,4608,2989,754,222,25390,0,4,8,131,119,160,235,105,125,883,11,125,231,611,501,465,279,83,10,2309,0,10,29,60,106,181,187,121,43,742,19,194,84,158,80,100,77,23,4,747,18,171,213,771,409,305,198,68,24,2171,21,256,409,2660,1123,933,577,221,61,6256,5,15,24,225,48,43,47,8,5,410,6,45,96,443,170,76,44,9,3,891,0,24,43,419,342,351,197,108,9,1504,36,195,160,289,93,99,34,18,4,926,5,36,57,447,291,254,186,36,6,1329,0,0,4,14,19,17,20,19,4,102,4,35,73,191,94,45,9,4,0,452,103,1016,1574,5279,2714,2343,1696,994,479,16197,1442,3159,2741,6909,2286,1726,1328,833,480,20903,30296,60788,51193,128549,47949,38101,27249,12543,4339,400997
117,12,16,79,400,34,26,16,3,3,584,0,3,13,66,83,47,32,3,3,258,6,81,293,2429,636,417,296,85,19,4267,6,5,21,537,108,88,134,52,17,977,0,0,7,26,19,17,12,7,0,88,0,6,68,747,274,255,167,93,16,1631,28,44,217,765,207,127,93,30,6,1516,0,20,198,1193,360,238,177,68,11,2270,0,7,66,455,93,66,63,17,0,773,9,20,141,1098,134,66,65,13,0,1551,19,93,501,5746,695,253,98,13,0,7417,6,11,26,554,209,222,113,98,11,1251,105,166,320,1943,451,334,168,100,11,3602,14,91,711,1752,727,751,567,173,84,4864,0,5,29,250,78,55,33,21,3,479,0,0,25,124,31,31,14,0,5,238,105,486,1324,11077,2202,1809,1778,1289,467,20532,558,956,2713,9380,2205,1808,1246,776,327,19970,13593,19229,41325,154984,38106,29296,20220,10722,3864,331340
118,0,8,34,127,19,19,10,4,0,221,0,5,8,37,81,51,20,13,3,221,11,51,149,1020,364,270,160,50,13,2096,0,13,17,377,130,115,280,99,98,1132,0,0,0,11,11,22,6,3,0,54,0,10,42,609,260,228,163,107,43,1468,20,170,181,299,128,115,132,59,12,1121,10,143,399,1990,1600,1277,962,573,231,7201,0,5,31,152,64,45,51,29,8,390,3,17,30,268,71,52,75,9,5,523,4,40,66,507,168,105,76,12,5,989,0,6,16,182,82,69,38,25,9,426,149,438,328,1497,447,299,173,78,17,3422,8,43,90,348,226,97,95,37,15,962,0,5,12,326,79,46,36,24,9,535,0,0,10,78,72,76,25,26,10,301,85,432,636,6836,2281,2022,2422,1699,863,17274,500,1042,1448,4849,1439,1126,938,752,501,12591,13267,26754,28513,90316,34027,26890,21255,13846,6538,261410
119,78,444,758,3190,651,332,112,20,0,5589,0,5,12,61,55,51,32,21,9,254,36,351,698,4371,1498,1428,842,232,70,9525,4,6,8,370,131,126,174,102,72,993,3,4,49,160,152,154,98,25,5,649,0,9,14,133,100,165,171,99,59,747,12,59,118,346,150,152,156,51,14,1063,0,46,84,432,250,224,164,93,21,1312,4,15,48,312,131,143,144,67,34,901,11,33,76,774,166,119,128,29,7,1334,20,72,194,1782,476,289,156,37,4,3027,6,19,26,308,271,251,168,108,26,1192,54,146,172,463,143,134,74,32,8,1236,85,479,1667,6530,4581,4800,2638,859,383,22034,0,0,8,48,35,29,29,29,12,192,0,12,32,115,53,29,14,0,0,265,216,1516,1958,10626,4792,4588,3526,2394,898,30507,1811,3822,3958,10796,3722,3248,2500,1750,1062,32672,36759,72027,76399,180907,74330,68740,50540,30611,14802,605118
120,8,55,70,406,81,47,31,7,0,709,0,6,9,39,84,41,38,14,6,225,16,134,243,2124,545,431,411,85,27,4021,0,4,6,225,101,105,143,57,46,684,0,0,9,20,12,13,13,6,0,67,3,9,29,233,234,208,173,100,28,1018,21,94,105,368,122,114,92,45,11,971,9,29,82,589,261,178,148,78,12,1377,8,45,84,680,306,410,357,181,100,2166,6,27,74,991,97,91,87,20,7,1401,8,55,125,1317,307,119,71,13,0,2013,0,14,19,271,184,179,107,68,18,864,75,229,158,686,268,199,137,50,10,1822,10,100,492,1493,904,730,497,167,64,4455,0,0,5,76,55,45,34,7,5,229,0,5,5,65,49,29,17,3,0,168,91,417,543,4482,1609,1508,1359,992,452,11450,473,952,1572,4720,1341,1176,969,819,674,12689,15584,30206,35983,103638,39339,33603,25007,14410,7002,304771
121,11,88,33,486,100,70,55,18,7,869,0,6,12,77,240,197,123,93,39,785,30,233,344,2500,821,522,389,111,25,4974,6,32,24,484,174,200,253,93,57,1316,0,0,0,13,13,8,4,7,0,42,8,62,81,341,369,407,298,227,104,1899,65,487,364,608,358,261,236,91,31,2499,52,455,605,2271,1693,1213,987,424,121,7821,8,41,60,703,387,310,260,133,37,1941,26,136,120,1326,465,243,335,78,10,2730,18,111,194,1234,346,183,74,23,5,2188,5,47,16,232,102,89,41,26,21,573,157,700,570,1130,662,523,318,156,37,4246,4,58,131,771,526,235,186,55,21,1975,0,10,15,127,137,119,69,56,14,548,0,14,24,198,161,155,90,24,4,667,112,910,740,5747,2677,1931,1556,1130,547,15344,516,1118,1066,3635,1433,1150,1101,957,894,11870,21684,54512,46590,118804,60609,48514,38403,24095,10839,424045
122,0,3,11,50,16,11,4,0,0,103,0,0,0,33,106,76,35,7,10,270,3,70,126,747,332,300,180,50,15,1831,0,13,7,243,92,86,105,35,15,600,0,0,4,12,16,14,8,3,0,55,3,52,76,366,389,377,272,216,84,1843,20,160,99,104,100,67,69,18,6,639,22,205,275,1369,1026,575,320,178,41,4009,0,3,3,41,38,47,22,26,4,183,0,9,14,80,34,29,37,9,0,221,4,37,69,359,177,102,44,6,0,804,0,12,5,62,69,58,45,23,10,296,90,340,274,1031,515,366,239,94,7,2958,0,19,59,181,141,89,28,11,8,536,0,24,22,192,176,120,71,63,19,684,0,0,9,92,113,92,44,12,0,367,52,393,409,3805,1830,1390,1039,756,284,9946,316,796,762,2147,1088,890,742,715,537,8000,14169,34559,30004,64378,40004,32479,24219,16501,7243,263554
123,14,225,212,981,277,162,49,12,0,1934,0,4,10,36,44,31,22,0,3,158,24,183,476,2122,1030,1026,637,169,39,5709,0,0,13,145,115,115,184,66,25,662,8,93,200,519,433,463,224,73,7,2011,4,23,21,117,153,313,373,212,55,1272,0,29,26,58,42,36,31,10,0,231,8,59,75,407,286,236,207,87,24,1389,7,55,82,275,156,136,89,41,12,859,0,3,3,84,22,17,13,0,0,139,3,49,82,542,189,115,72,8,5,1055,0,9,12,82,49,45,20,9,6,234,5,56,71,218,104,85,63,16,7,624,3,40,66,607,294,249,141,21,18,1443,0,0,5,41,47,60,54,23,11,244,0,10,56,167,73,49,18,3,0,378,37,367,513,2793,1829,1766,1363,726,191,9598,862,2069,1652,3936,1611,1287,1083,865,468,13835,22056,44287,37850,84505,36693,32242,24464,11516,3676,297292
124,13,108,111,534,138,100,55,16,3,1075,0,0,6,37,55,49,24,3,5,176,22,247,458,2257,1040,896,634,143,35,5718,0,5,4,115,85,106,138,47,34,536,4,32,117,245,166,139,75,23,5,810,0,18,28,145,212,426,449,254,61,1593,7,36,28,83,60,53,42,13,4,321,0,37,77,357,281,201,167,85,19,1228,6,35,71,465,171,206,139,49,15,1161,3,6,12,97,17,17,19,0,0,165,11,42,52,419,157,114,34,4,4,839,0,6,4,90,91,93,46,16,6,356,15,64,81,299,129,175,152,64,9,987,4,33,59,316,149,78,46,7,7,707,0,0,3,21,63,78,91,43,11,317,0,7,36,105,67,42,15,5,0,286,30,264,480,2321,1396,1320,1224,738,250,8025,893,2017,1905,4538,1870,1533,1376,1155,814,16098,22020,44777,40996,91553,42308,38760,31058,15357,5235,332056
125,125,857,981,4464,566,309,128,26,3,7463,0,3,15,44,47,30,24,5,0,163,34,314,668,4046,1499,1286,883,274,58,9060,0,8,12,192,95,156,219,78,72,832,0,32,50,164,130,135,55,19,0,589,0,7,17,71,63,109,136,130,44,578,23,134,126,319,154,130,123,40,15,1059,7,46,101,416,258,155,122,49,25,1178,23,171,415,2618,1276,1238,798,377,149,7082,8,24,88,1088,191,113,123,18,3,1659,11,70,180,1073,236,149,88,22,5,1825,20,55,118,1057,1131,1110,678,391,58,4621,44,233,143,331,97,82,60,18,9,1015,18,144,545,2553,2430,2885,1822,541,245,11181,0,0,4,17,23,20,27,20,7,111,0,15,56,201,69,37,13,0,0,391,209,1380,1687,7639,3051,2597,1890,1262,497,20214,1754,3700,3719,11115,3129,2597,1802,1193,653,29662,32892,61601,61222,172200,55620,48592,34513,19004,7867,493515
126,31,132,74,606,57,42,28,9,0,970,0,0,0,29,50,37,30,16,3,169,24,203,222,1841,433,349,263,68,21,3422,0,3,7,142,62,78,84,28,15,421,0,0,0,4,11,6,3,4,0,20,3,16,11,78,77,100,102,94,32,505,11,141,113,289,168,104,101,41,12,983,3,63,97,408,254,148,143,73,53,1244,13,54,89,573,279,342,291,125,48,1814,16,64,80,779,215,115,135,51,0,1460,8,32,73,539,154,70,47,19,3,948,3,8,10,129,46,50,35,16,3,298,40,166,142,322,112,97,66,39,10,992,16,48,239,658,336,274,149,53,14,1783,0,4,3,30,23,32,30,20,7,150,0,7,36,83,37,14,20,3,0,200,68,500,408,2800,1006,933,694,503,305,7217,312,630,658,2335,669,618,476,407,295,6397,10759,23661,23284,64340,24919,22731,17441,9771,5131,202038
127,24,284,367,1487,479,235,98,16,0,2992,3,0,11,25,26,9,3,3,0,80,13,207,478,2792,1241,1463,1100,238,68,7615,0,12,10,174,140,248,296,116,68,1066,9,144,242,636,529,548,247,53,12,2414,0,5,11,75,64,131,131,95,41,544,5,42,31,105,47,59,67,11,4,373,6,39,62,274,181,117,114,47,11,862,0,26,39,274,130,165,142,58,16,850,4,12,24,160,70,40,47,8,0,356,16,71,129,1398,317,253,134,30,8,2342,13,117,69,367,377,275,191,113,14,1542,27,115,116,266,51,41,35,10,3,654,107,853,2254,11466,9669,9113,4918,1456,696,40534,0,3,7,9,16,20,29,18,0,98,0,17,146,270,143,60,3,9,3,652,180,1775,2439,8703,5803,6107,4792,2499,855,33149,1598,3538,3171,7384,2917,2658,1868,1113,491,24745,32111,66887,64803,133474,59513,54724,37252,18477,7189,474430
128,3,5,5,48,11,17,7,7,4,99,0,0,6,29,58,37,21,5,5,161,12,49,93,576,233,200,159,35,11,1377,0,8,7,200,98,79,100,36,22,549,0,0,0,13,15,11,10,0,0,51,0,20,24,154,156,175,208,180,39,959,8,30,35,63,53,61,59,14,0,320,4,73,84,442,300,222,174,103,21,1420,0,3,4,51,36,37,24,10,0,169,0,3,8,73,22,25,24,0,0,159,0,44,43,328,117,45,16,4,0,602,0,3,0,50,33,38,21,6,3,155,33,76,87,310,149,134,82,35,5,919,0,20,26,181,147,104,87,26,0,590,0,12,11,80,46,60,41,36,7,289,0,0,9,45,26,17,6,0,0,113,27,243,252,2018,1130,1016,799,567,204,6262,313,658,551,1772,838,668,648,621,379,6437,13283,29130,26918,56843,31812,28471,22879,13841,6432,229604
197,0,0,0,0,0,0,0,0,0,0,0,0,0,0,0,0,0,0,0,0,0,0,0,0,0,0,0,0,0,0,0,0,0,0,0,0,0,0,0,0,0,0,0,0,0,0,0,0,0,0,0,0,0,0,0,0,0,0,0,0,0,0,0,0,0,0,0,0,0,0,0,0,0,0,0,0,0,0,0,0,0,0,0,0,0,0,0,0,0,0,0,0,0,0,0,0,0,0,0,0,0,0,0,0,0,0,0,0,0,0,0,0,0,0,0,0,0,0,0,0,0,0,0,0,0,0,0,0,0,0,0,0,0,0,0,0,0,0,0,0,0,0,0,0,0,0,0,0,0,0,0,0,0,0,0,0,0,0,0,0,0,0,0,0,0,0,0,0,0,0,0,0,0,0,0,0,0,0,0,0,0,0,0,0,0,0,0,0,0,0
199,0,0,0,10,0,0,0,0,0,14,0,0,0,6,3,3,0,0,0,16,0,6,8,32,6,6,3,3,0,50,0,0,0,7,4,0,3,0,0,14,0,0,0,0,0,0,3,0,0,4,0,0,0,3,9,9,7,0,0,35,0,0,0,4,0,0,3,0,0,10,0,0,9,19,10,13,11,0,0,55,0,0,0,7,0,0,0,0,0,12,0,0,0,38,0,0,0,0,0,43,0,0,0,10,6,6,0,0,0,12,0,0,0,0,0,0,3,0,0,10,7,6,6,27,15,0,4,0,0,64,0,0,3,16,11,5,3,0,0,34,0,0,0,0,0,3,0,0,0,6,0,0,0,0,0,0,0,0,0,4,4,14,28,117,37,26,24,13,3,260,172,340,422,1386,559,435,176,54,13,3545,460,798,1357,4044,1678,1648,1055,277,49,11371
201,0,17,22,130,15,0,0,0,0,194,0,0,4,14,35,6,6,0,0,55,16,72,84,403,120,74,67,10,0,843,0,0,0,28,15,18,20,6,9,102,0,0,0,4,0,5,0,4,0,24,0,12,14,65,64,117,194,139,35,649,0,6,15,34,33,16,15,0,0,113,5,20,27,120,86,63,47,15,4,391,4,13,27,175,43,23,18,6,0,300,0,4,3,46,10,3,0,0,0,62,0,21,35,91,42,19,7,0,0,211,0,0,0,8,4,6,4,0,0,32,5,39,38,138,79,77,90,25,0,489,0,7,29,110,27,19,11,4,0,209,0,4,0,23,16,31,33,21,4,134,0,7,9,39,20,11,14,6,5,108,15,67,110,503,272,287,318,212,93,1871,435,1105,1070,2294,1371,1383,1408,940,450,10446,9323,21757,19625,41214,22505,22951,21034,11207,4317,173937
202,0,9,12,81,15,0,0,0,0,120,0,0,3,24,55,20,4,0,0,109,3,67,98,418,157,76,56,15,0,889,0,0,0,9,9,14,21,9,9,73,0,0,0,11,0,0,6,0,0,13,0,6,14,58,76,119,144,99,34,548,4,6,9,23,10,15,9,0,0,70,5,19,54,135,88,62,48,24,6,441,6,23,31,141,42,35,24,15,3,324,0,5,7,119,5,0,0,3,0,132,9,195,325,236,25,20,4,0,0,818,0,0,0,10,9,3,5,3,0,34,9,26,41,91,80,65,78,27,3,420,0,9,13,108,45,20,5,0,0,211,0,4,0,17,25,30,32,15,8,126,0,3,6,39,22,11,8,3,0,88,20,81,100,366,208,198,229,166,46,1417,425,1079,955,2286,1349,1491,1291,974,531,10375,9144,20919,18181,39368,21340,22501,20611,11184,4517,167764
203,14,103,153,462,46,9,17,3,0,806,0,6,3,28,59,24,16,0,4,147,15,103,230,943,364,253,149,35,4,2096,0,0,3,93,60,67,120,51,61,459,0,3,0,26,7,5,0,0,0,47,0,35,29,219,181,379,457,321,102,1721,0,32,48,96,56,55,53,3,3,357,6,66,122,379,224,183,129,54,16,1176,7,29,125,476,83,48,59,20,6,854,0,6,4,76,6,9,0,0,0,114,7,167,233,320,98,45,13,0,0,880,0,5,3,39,45,33,24,31,5,185,29,90,102,366,154,122,131,50,3,1040,3,21,90,307,142,101,41,12,7,720,0,10,11,51,58,75,88,56,11,362,0,3,25,120,44,26,23,4,0,253,33,290,372,1576,723,893,923,761,316,5900,606,1718,1672,3920,1951,1898,2022,1394,599,15783,18936,40257,37910,85997,40725,39586,36603,19915,7951,327878
204,4,13,9,60,3,0,4,0,0,84,0,0,4,29,42,22,11,5,0,108,6,90,80,421,131,104,82,10,3,929,0,4,0,15,11,15,27,18,18,99,0,0,3,15,0,6,3,0,0,31,0,6,3,75,64,153,176,143,40,668,3,7,0,13,26,8,8,3,0,76,0,18,42,121,90,72,45,26,8,417,0,17,10,90,43,20,22,6,3,211,0,3,9,75,5,5,0,0,0,101,3,25,26,120,66,17,6,3,0,264,0,0,0,12,4,8,0,0,0,24,12,25,29,120,52,70,89,25,0,429,5,46,34,149,28,11,6,0,0,290,0,4,5,16,19,35,32,35,3,150,0,10,13,35,20,13,10,4,0,97,17,146,184,476,302,330,395,333,134,2319,448,1402,1280,2786,1677,2041,1819,1219,562,13225,9364,22291,19268,40162,23472,26908,24963,13515,4995,184935
205,0,23,17,85,21,17,7,0,0,163,0,6,5,24,46,23,15,3,0,134,27,105,127,714,270,270,156,40,10,1710,0,0,3,34,39,43,100,38,17,281,0,0,0,43,3,3,6,0,0,50,0,10,26,102,112,330,498,389,104,1565,0,14,14,45,29,19,17,0,5,129,5,48,68,219,180,162,127,53,9,866,0,18,38,244,74,68,67,35,6,552,3,5,10,155,4,8,3,4,0,197,12,49,69,218,95,40,18,0,0,496,0,8,0,21,17,14,3,6,0,65,8,55,59,157,100,111,176,50,9,721,8,27,26,264,95,69,24,4,0,522,0,3,6,22,30,69,82,49,11,284,0,6,15,56,41,30,25,8,0,182,17,113,155,776,413,625,729,535,182,3537,928,2347,1887,4921,2733,3338,3371,2160,982,22669,15659,35369,29655,65251,36176,44190,43532,23088,7929,300848
206,14,32,147,746,65,39,17,9,0,1063,0,5,23,111,118,40,23,0,0,325,25,124,526,3333,463,282,215,56,8,5027,0,9,31,546,177,230,319,159,123,1589,0,3,0,32,18,15,9,3,0,82,4,31,110,1178,425,403,306,186,37,2684,24,144,493,1697,325,174,136,32,11,3042,4,44,280,1747,444,269,269,77,23,3152,9,27,290,1478,264,215,186,74,25,2574,13,40,220,1608,131,76,66,5,5,2161,18,80,416,2658,310,106,51,9,0,3651,4,22,45,698,356,364,214,136,16,1853,168,395,646,3169,705,489,338,131,20,6065,17,177,1264,2681,1453,1363,930,343,152,8388,0,4,22,286,76,73,57,32,11,561,0,3,79,327,72,48,21,4,0,572,162,779,2403,16291,3212,2347,2055,1519,736,29502,1011,1806,4234,14494,3704,3056,2241,1491,819,32855,24369,42583,80744,266612,72005,57113,40849,22859,9883,617018
207,10,94,165,638,112,71,38,4,9,1131,0,4,11,25,74,39,20,0,4,184,8,109,172,975,297,198,168,34,13,1975,0,3,7,114,69,107,164,122,85,680,0,0,0,14,9,9,4,0,0,27,0,16,38,138,160,176,207,212,107,1064,36,286,333,760,409,330,303,122,24,2604,17,128,224,637,472,357,253,155,41,2286,4,102,442,1464,558,502,440,216,117,3840,17,109,125,1173,332,220,282,61,12,2334,18,50,121,543,165,71,42,18,0,1028,3,16,11,117,102,111,39,34,13,460,87,354,315,492,266,212,127,67,10,1929,5,125,469,1210,1077,992,652,200,70,4802,0,3,11,40,40,56,36,35,12,233,0,4,32,135,47,63,27,13,0,319,72,525,661,2781,1312,1206,1147,1014,557,9269,390,941,1425,3284,1419,1155,1177,1063,803,11650,15744,43076,50778,96640,50484,44690,35247,24535,12274,373472
208,3,15,22,197,32,24,22,0,0,319,0,0,3,26,86,51,16,0,0,184,14,90,154,1180,357,312,194,53,12,2370,0,14,21,348,213,340,722,317,337,2309,0,0,5,17,5,7,8,3,3,49,4,70,108,523,407,467,423,301,128,2429,26,214,214,451,199,126,118,52,9,1407,30,335,495,1893,1574,1047,736,376,145,6630,4,33,99,885,379,432,423,235,114,2601,6,11,25,359,65,37,28,6,0,532,14,79,119,602,176,77,32,7,0,1095,0,39,22,233,165,202,145,88,25,921,119,433,375,866,455,384,236,86,20,2971,6,102,240,866,513,299,208,50,15,2295,0,18,16,109,97,65,56,36,11,422,0,0,12,154,90,77,42,22,3,403,138,917,981,6145,3679,3115,3295,2136,1030,21436,473,1341,1191,3744,1689,1375,1467,1165,775,13217,21261,51881,49514,110496,62017,50866,40065,24201,12330,422639
209,24,214,213,1411,190,94,40,18,0,2217,0,7,11,51,84,38,10,5,0,208,19,260,417,2274,793,641,480,97,24,5019,6,3,7,185,110,132,177,83,37,735,0,26,67,169,135,132,61,21,3,607,3,31,53,290,212,320,325,235,65,1535,19,145,145,456,207,135,99,27,10,1236,8,91,209,683,434,233,100,70,12,1853,16,188,470,2558,885,720,519,235,70,5656,7,21,21,353,63,46,20,8,5,535,10,81,128,698,215,103,38,8,4,1285,3,17,32,349,329,327,189,85,27,1366,39,180,186,607,239,168,139,41,5,1605,28,192,459,2253,1440,1308,707,201,67,6660,0,7,15,64,63,56,59,26,19,312,4,27,111,337,168,74,20,7,3,749,155,1064,1362,6462,2726,2462,1968,1116,459,17766,1037,2349,2326,6290,2602,2242,2001,1542,975,21365,34396,69100,63637,162124,70726,59510,45359,25301,10509,540664
210,101,711,801,3923,538,161,69,14,0,6321,0,3,13,45,43,35,8,3,0,142,24,210,432,2047,834,725,462,110,15,4863,0,4,5,165,87,137,208,105,86,798,6,74,135,344,292,239,109,22,0,1233,0,6,20,179,131,215,246,182,66,1052,6,83,91,250,118,107,49,8,3,719,3,42,71,302,164,104,73,24,7,790,17,249,451,1985,918,812,368,158,47,5001,3,7,8,150,18,19,11,0,0,215,13,71,94,561,163,74,18,4,0,1005,24,178,276,2225,2324,2179,1013,560,87,8860,25,137,105,325,113,101,63,24,9,897,14,83,158,1087,810,804,443,126,89,3616,0,3,0,44,29,31,33,20,11,166,0,6,39,155,73,23,14,0,0,322,140,1396,1533,5953,2685,2461,1844,1181,466,17656,1198,2703,2263,6515,2513,1992,1497,1146,597,20430,30088,58011,51930,130087,52242,44310,31338,18511,7813,424328
211,4,61,93,565,76,60,50,15,3,925,0,3,0,63,121,65,19,6,0,278,20,158,257,1353,625,498,326,88,22,3344,3,10,12,210,161,243,345,116,98,1188,0,3,4,29,21,19,11,0,0,87,0,23,54,236,284,540,631,462,169,2403,18,220,328,590,361,315,254,65,36,2179,19,114,291,915,756,537,435,195,46,3310,8,172,423,2236,952,965,798,328,106,5981,6,49,50,554,151,97,86,18,0,1012,14,121,205,707,219,112,38,9,3,1429,0,9,4,65,71,62,38,22,9,296,30,165,204,514,270,227,183,63,12,1681,9,79,123,845,736,702,466,130,49,3133,0,3,11,59,63,124,105,68,41,473,0,7,29,143,93,87,35,5,0,400,51,363,611,2559,1612,1743,1646,1364,660,10604,667,1634,1617,4195,2098,1988,1784,1495,866,16345,28822,63475,60902,135016,71072,65046,52068,30085,11817,518301
212,145,1289,1504,4229,683,370,178,41,6,8441,0,3,21,62,62,36,15,0,0,194,76,729,1516,5482,2341,1695,818,216,64,12925,5,16,40,492,325,652,776,302,174,2785,8,123,293,622,480,455,167,55,17,2217,8,52,91,300,376,666,693,567,230,2992,31,382,606,923,478,412,274,72,19,3195,23,219,451,1195,989,634,490,258,80,4326,120,1363,2987,13869,5022,3843,2871,1273,417,31762,15,59,91,1067,172,134,132,13,4,1686,34,248,457,1825,462,184,98,30,9,3352,8,31,58,435,547,530,338,205,61,2206,52,316,326,552,250,177,117,54,8,1852,63,464,1384,6562,4624,4521,2559,732,351,21264,0,9,19,91,77,108,84,71,23,488,7,47,186,584,225,89,43,0,0,1185,179,1408,2896,10333,5589,5542,4284,2734,1128,34100,2282,4758,4849,12448,4277,3614,2893,2177,1213,38514,56450,114670,112253,263524,105254,87733,65298,38777,16090,860060
213,142,1024,803,5414,671,248,176,30,10,8518,0,19,37,101,106,33,17,9,0,314,69,970,2286,8738,4145,3054,1729,453,117,21553,0,12,19,471,344,451,604,270,181,2355,10,200,366,946,591,415,188,45,5,2784,4,42,98,453,324,621,584,342,141,2619,40,379,337,847,420,245,140,38,3,2441,32,250,338,1125,586,349,151,83,21,2928,38,305,649,3266,1200,777,432,168,51,6887,8,29,37,499,80,61,55,4,0,774,44,539,954,1625,407,163,71,24,4,3826,0,18,47,436,393,340,186,102,16,1548,81,354,292,790,294,168,117,32,7,2132,131,885,2501,13667,9037,7928,4192,1184,473,39997,0,10,28,111,80,90,59,32,16,427,0,31,113,512,173,60,21,5,0,918,288,2284,4123,16313,7650,5948,4430,2480,885,44407,2938,6116,5157,15434,4879,3729,2881,1892,957,43990,62990,121310,100641,288127,103717,80576,57764,27656,10261,853054
214,0,0,5,59,15,18,8,8,3,126,0,0,4,49,59,53,23,3,0,191,16,114,173,761,337,246,159,41,7,1850,0,5,4,120,88,115,176,73,33,612,0,5,10,31,22,26,17,4,0,109,0,43,112,301,368,589,634,500,204,2757,6,26,22,60,47,53,36,9,3,261,6,90,148,476,409,282,231,113,30,1783,0,3,30,234,124,172,158,91,19,834,0,0,3,69,12,20,11,0,0,111,3,81,70,322,141,54,12,0,0,679,0,0,3,45,48,54,36,13,4,212,20,78,91,303,194,166,184,60,15,1115,0,19,32,179,73,54,17,10,0,384,0,20,29,90,104,96,112,80,25,546,0,4,26,60,51,37,16,10,0,210,19,222,310,1453,1005,973,1053,747,289,6084,668,1704,1532,3775,2267,2111,2052,1635,867,16612,16525,36829,32838,71165,41592,40137,37037,23071,9042,308226
215,0,33,19,77,14,7,0,0,0,152,0,0,0,3,18,16,8,3,0,49,13,85,113,527,175,107,71,17,3,1105,0,0,0,10,6,8,15,8,4,47,0,3,26,114,22,14,9,0,0,177,0,4,6,24,36,80,74,74,18,312,0,0,0,20,6,8,6,0,0,40,9,39,56,122,66,48,33,8,3,376,4,15,5,107,25,9,6,6,7,178,6,7,20,278,8,0,0,0,0,313,4,41,81,293,68,37,10,0,0,537,0,5,13,56,81,84,40,31,5,318,0,12,10,56,36,29,41,10,0,192,4,59,46,320,105,154,59,13,0,760,0,0,0,6,3,17,15,6,5,49,0,4,4,38,24,19,13,3,0,97,16,88,101,673,259,226,206,125,58,1758,446,1366,1173,2819,1513,1854,1624,1190,643,12634,8465,18561,16235,36111,18791,22053,19161,11254,4936,155568
216,9,68,46,155,15,7,5,0,0,307,0,0,9,14,15,6,4,0,0,49,3,115,105,589,176,135,74,12,0,1211,0,0,0,5,7,7,12,0,4,39,3,13,28,50,30,13,8,0,0,137,0,0,7,36,21,73,120,82,16,348,0,0,0,12,12,4,0,0,0,38,5,16,30,67,41,27,12,6,3,211,4,28,16,148,42,24,10,6,0,281,0,0,12,189,3,6,4,0,0,209,4,17,18,140,58,36,13,3,0,285,0,0,3,51,82,63,37,18,7,268,0,18,13,47,24,30,35,4,5,178,0,4,3,87,29,6,5,0,0,141,0,4,0,10,13,12,18,11,0,65,0,0,5,21,19,10,0,0,0,61,32,183,234,655,225,236,206,145,52,1969,451,1151,993,2373,1269,1441,1423,1056,515,10670,7500,17379,14995,30941,17103,18610,16928,10196,3977,137618
217,0,0,0,17,3,0,0,0,0,26,0,0,0,5,9,9,6,0,0,35,5,60,69,342,110,63,38,10,0,694,0,0,0,12,3,6,12,5,3,43,0,0,4,34,0,0,0,0,0,37,0,8,8,49,43,85,109,80,29,402,0,0,5,8,7,12,3,4,0,33,3,35,24,105,64,41,17,11,3,311,0,8,9,111,25,15,13,3,0,190,0,0,11,196,0,0,0,0,0,218,5,19,18,94,31,23,5,5,0,199,0,0,0,9,3,6,6,0,0,21,0,13,17,61,33,39,53,15,0,228,7,20,16,96,18,5,0,0,0,167,0,3,0,9,8,8,21,6,3,63,0,4,3,42,14,14,7,0,0,77,5,47,56,354,132,158,128,78,38,988,333,893,781,1819,1096,1287,1249,846,431,8749,6433,15360,13297,27832,16268,18691,17082,9292,3801,128069
297,0,0,0,0,0,0,0,0,0,0,0,0,0,0,0,0,0,0,0,0,0,0,0,4,0,0,0,0,0,5,0,0,0,0,0,0,0,0,0,0,0,0,0,0,0,0,0,0,0,0,0,0,0,0,0,0,0,0,0,0,0,0,0,0,0,0,0,0,0,0,0,0,0,0,0,0,0,0,0,0,0,0,0,0,0,0,0,0,0,0,0,0,0,0,0,0,0,0,0,0,0,0,0,0,0,0,0,0,0,0,0,0,0,0,0,0,0,0,0,0,0,0,0,0,0,0,0,0,0,0,0,0,0,0,0,0,0,0,0,0,0,0,0,0,0,0,0,0,0,0,0,0,0,0,0,0,0,0,0,0,0,0,0,0,0,0,0,0,0,0,0,0,0,15,3,9,0,0,0,27,0,0,0,17,3,14,4,0,0,38
299,0,0,3,9,5,0,0,0,0,22,0,0,0,4,0,0,0,0,0,4,0,6,3,24,11,3,0,0,0,46,0,0,0,4,0,0,3,0,0,10,0,0,0,0,0,3,0,0,0,6,0,0,0,5,10,7,3,0,0,26,0,3,0,9,3,0,0,0,0,12,0,0,5,12,8,9,0,0,0,28,0,0,0,14,8,4,0,0,0,33,0,0,3,16,0,0,0,0,0,15,0,0,6,8,0,0,0,0,0,13,0,0,0,8,3,3,4,0,0,25,3,6,4,18,9,0,0,0,0,36,0,0,6,13,5,10,3,0,0,38,0,0,0,5,0,3,0,0,0,6,0,0,0,3,0,0,0,0,0,5,3,18,32,105,31,18,17,3,3,233,146,300,363,1421,586,371,178,34,11,3416,414,730,1131,3553,1393,1074,613,152,29,9089
301,0,6,9,47,15,5,5,4,0,94,3,17,40,134,205,145,111,22,8,677,4,80,227,666,398,310,184,40,15,1918,0,6,8,83,50,46,77,38,15,328,0,6,9,34,21,32,18,10,0,137,0,54,101,239,326,386,358,245,99,1808,4,28,25,51,62,57,34,5,0,268,20,311,523,1292,934,612,276,133,47,4145,0,14,44,155,87,75,60,31,5,466,3,22,23,150,40,34,36,10,0,312,4,46,65,226,108,57,16,0,0,529,0,0,0,24,12,11,0,3,0,62,18,71,94,241,144,144,114,42,6,877,0,23,31,153,123,88,49,14,3,478,0,24,37,95,88,74,63,43,15,434,0,8,20,129,119,139,61,16,5,486,24,232,265,1300,839,812,786,423,222,4890,318,876,757,1911,1098,1097,1022,719,429,8227,13082,31384,27424,56728,33944,31466,26149,14286,5357,239817
302,0,14,21,149,35,11,3,0,3,242,4,59,144,323,295,182,104,41,15,1169,15,213,399,1437,734,586,269,88,13,3755,0,6,4,103,41,49,75,30,31,333,0,13,16,106,79,104,60,14,4,401,3,18,44,220,175,156,171,117,43,940,12,41,46,148,80,44,31,14,4,419,14,97,201,770,360,202,113,54,17,1821,0,34,62,308,125,114,110,47,19,827,7,19,22,308,31,21,27,0,3,443,0,79,142,319,105,66,21,3,5,745,0,5,5,38,13,8,0,0,0,68,20,66,113,335,108,88,74,26,3,823,0,25,44,200,129,96,61,25,9,594,0,10,9,68,46,36,31,32,8,234,0,8,45,163,71,41,32,6,0,363,30,315,466,2381,811,654,406,281,109,5446,337,664,843,2466,890,753,674,607,583,7819,13509,26634,26322,69055,29413,24008,18455,11532,5665,224598
303,23,230,241,1030,177,92,53,4,0,1854,0,61,182,346,380,296,186,101,43,1597,19,182,532,2141,736,603,380,87,29,4703,6,7,11,184,69,93,99,59,34,562,0,18,39,141,113,101,74,24,3,515,4,30,38,223,186,239,233,164,77,1192,13,90,173,556,232,147,127,38,13,1384,18,171,476,1278,705,497,237,106,24,3512,15,122,301,942,444,348,211,83,26,2504,69,308,450,3887,855,747,749,197,21,7289,20,64,133,581,173,73,51,7,0,1101,0,17,16,122,60,42,9,4,3,268,36,158,205,547,191,139,112,45,11,1437,13,100,394,1382,1031,871,571,193,75,4632,0,0,26,73,40,52,48,39,8,283,0,8,100,398,160,139,87,12,8,911,106,826,1532,5687,2061,1804,1312,719,255,14306,646,1329,1743,4596,1512,1232,985,749,557,13352,22003,46225,49863,121211,46177,36808,27025,15159,6553,371026
304,0,30,14,139,28,17,6,0,0,236,5,26,79,172,208,140,64,31,9,726,4,43,130,453,184,124,92,32,3,1075,4,4,6,107,60,65,70,17,25,346,0,5,6,19,14,21,4,5,0,73,5,73,97,180,256,240,198,123,60,1221,14,111,152,259,123,78,85,30,9,844,27,309,575,1226,896,540,401,140,32,4152,10,62,111,393,208,262,174,83,21,1324,4,63,75,350,127,94,114,11,0,845,5,53,95,187,93,28,32,4,0,490,0,16,8,59,24,16,6,4,0,126,65,214,297,426,211,169,122,57,11,1575,11,71,128,447,367,260,198,54,27,1565,0,18,25,46,72,53,37,39,10,301,0,10,38,181,139,159,84,19,5,645,49,464,578,2028,975,718,536,291,110,5749,167,410,751,1365,558,489,409,353,299,4804,9619,26715,28277,48236,26684,19864,16295,9557,3973,189213
305,3,20,21,198,13,16,14,0,0,275,0,24,174,331,274,183,60,6,10,1067,23,109,336,1461,291,199,120,25,9,2570,0,13,11,235,80,51,48,30,21,479,0,0,3,48,21,14,9,5,0,101,4,44,115,501,287,301,184,81,30,1543,22,135,237,461,101,52,51,8,5,1069,6,80,362,1430,484,260,155,49,17,2854,5,51,127,416,140,82,55,16,15,909,12,53,214,972,186,89,63,13,3,1608,12,63,224,961,147,52,28,4,0,1490,0,7,12,182,33,33,5,11,0,288,76,259,327,1086,287,222,128,58,10,2453,14,108,349,619,320,172,116,42,14,1755,9,12,40,140,72,64,36,17,8,392,0,0,61,248,104,72,33,8,0,524,124,581,1247,7245,1282,806,532,317,112,12247,380,767,2176,6250,1680,1291,906,584,325,14357,12156,26288,46545,110896,37922,27803,18169,8943,3515,292245
306,0,9,7,47,6,9,4,0,0,85,13,221,383,770,629,423,268,49,10,2765,15,176,243,1013,501,473,259,57,8,2744,0,8,0,89,46,29,75,11,4,268,0,4,11,70,23,37,30,9,4,180,0,11,33,161,164,239,243,136,34,1015,0,13,13,52,53,35,30,14,3,204,5,62,128,369,247,162,112,55,3,1127,0,12,21,108,47,58,45,25,3,318,6,12,16,292,26,14,5,4,0,370,8,80,117,518,215,100,41,8,0,1088,6,0,0,25,15,17,6,4,0,65,11,56,66,333,134,174,208,89,13,1078,0,37,55,192,102,40,24,10,0,456,0,3,9,77,44,74,56,23,4,282,0,3,30,87,85,70,45,9,0,332,35,231,384,2417,1023,977,806,512,155,6539,1019,2611,2685,6839,3242,3006,2400,1277,589,23660,13444,33536,27879,63664,35054,34431,27588,13655,4493,253748
307,0,4,0,15,0,3,0,0,0,28,0,9,13,34,48,49,11,0,3,165,18,171,188,562,256,142,69,12,0,1416,0,3,0,7,6,4,16,6,0,43,0,0,0,0,0,0,0,0,0,0,0,0,0,23,14,52,52,36,6,201,0,4,5,5,11,4,0,0,0,32,11,42,52,178,103,85,45,17,0,533,0,0,3,21,5,5,3,4,0,42,4,5,6,130,6,14,4,0,0,169,0,9,12,35,27,14,3,0,0,102,0,0,0,0,0,0,0,0,0,3,3,7,15,41,34,42,44,17,4,213,0,0,6,37,7,8,0,0,0,57,0,0,7,7,5,12,7,8,0,50,0,4,12,37,25,35,22,9,0,143,3,26,63,432,120,163,140,109,30,1070,509,1370,1297,2880,1534,1736,1422,1002,428,12187,7421,17581,13972,28130,16348,17837,15512,8831,2990,128622
308,3,26,11,64,5,7,3,0,0,117,0,18,48,117,110,78,22,6,0,390,12,272,358,988,493,269,143,30,8,2584,0,0,0,21,9,10,20,4,7,71,0,0,6,40,11,3,4,3,0,73,0,3,21,92,73,129,131,84,19,548,6,4,5,19,30,20,5,3,0,98,23,165,240,565,411,218,79,42,5,1744,8,34,41,186,80,14,11,3,0,377,0,9,6,55,5,4,3,0,0,86,0,37,48,173,78,32,11,3,0,382,0,0,0,12,3,0,3,0,0,18,3,48,30,129,66,90,78,26,3,477,0,25,84,197,101,30,13,0,0,456,0,3,6,32,13,38,34,22,3,148,0,14,41,132,99,56,34,3,3,380,21,79,125,639,294,295,256,143,45,1898,776,2043,2086,5419,2758,2654,1708,1015,476,18943,14167,33152,27162,59088,29532,29700,21026,10759,3660,228246
309,6,41,92,353,79,48,17,5,0,639,0,26,98,219,366,258,127,36,9,1147,29,251,513,2418,983,844,462,128,34,5669,4,13,30,304,160,176,302,137,67,1198,0,7,18,109,94,79,59,28,6,404,4,99,162,594,543,732,761,563,176,3626,12,92,96,280,174,173,151,35,12,1021,32,498,998,2761,1784,1373,830,359,83,8720,0,42,99,274,124,114,126,60,13,860,24,83,147,888,244,146,132,43,10,1726,26,180,234,1000,381,183,75,10,3,2092,3,16,14,133,126,108,66,41,4,523,44,320,340,1074,409,444,386,148,34,3220,13,85,208,571,272,135,87,27,4,1403,0,48,72,256,221,176,198,129,40,1146,0,8,79,386,231,186,145,39,9,1084,94,762,1298,6562,2728,2543,2388,1528,579,18490,1566,3803,4178,11035,4738,4069,3557,2594,1393,36925,34220,78452,77239,174546,86348,75612,64273,37005,13071,640778
310,7,74,47,301,46,25,19,3,0,520,4,38,97,234,221,113,62,20,7,791,22,260,538,1697,896,528,257,85,17,4303,0,0,4,93,53,57,88,40,15,358,8,156,305,903,672,657,328,107,16,3158,3,26,36,200,175,308,304,191,52,1293,6,44,29,131,68,65,35,11,0,380,8,110,245,821,447,324,147,78,18,2199,4,55,112,548,234,160,104,41,11,1271,9,14,19,283,41,29,28,5,0,432,0,41,61,311,123,59,31,6,0,639,0,9,0,25,22,12,4,3,0,86,21,100,123,296,160,131,111,35,6,979,32,301,630,2998,2091,1796,1038,320,126,9345,0,5,30,53,81,68,53,50,10,348,0,12,84,287,147,81,39,12,6,670,126,1109,1867,4707,1848,1333,895,493,137,12516,1209,2875,2578,5782,2243,1977,1546,986,456,19654,25834,55025,47914,105514,45864,39407,28192,14646,4732,367126
311,21,215,239,741,138,68,49,9,0,1480,5,46,116,324,373,276,159,65,16,1376,18,221,398,1430,730,606,343,93,30,3868,0,0,0,109,58,82,107,29,14,404,8,99,197,694,493,506,295,85,12,2390,3,24,60,172,189,381,350,228,58,1454,3,12,39,110,82,73,65,14,0,393,0,75,246,825,469,395,269,115,37,2435,4,35,55,311,106,71,78,58,13,731,10,42,58,553,139,128,114,28,9,1083,5,210,328,672,131,66,27,4,0,1441,0,9,18,108,72,33,24,10,0,268,13,78,85,283,94,123,94,40,3,808,9,38,101,496,305,223,118,31,16,1336,0,4,8,53,58,78,68,29,8,315,3,19,69,242,145,114,62,25,4,682,109,765,1460,4101,1979,1856,1446,754,242,12710,1599,3681,3101,6959,2726,1969,1580,998,448,23057,25678,54545,47545,100102,44589,38061,29951,14808,4487,359767
312,3,6,0,63,5,9,0,0,0,82,0,22,25,94,105,52,24,5,0,328,19,271,340,1088,517,260,141,20,0,2658,0,6,6,42,13,15,10,3,0,91,0,5,0,15,11,8,3,6,0,46,0,7,21,66,64,112,111,44,11,442,4,3,5,17,20,10,3,0,0,57,18,113,203,633,365,229,71,17,6,1664,8,24,15,99,26,12,11,3,0,188,0,7,9,128,4,0,0,0,0,140,4,39,53,159,105,46,7,4,0,421,0,0,0,8,4,10,0,0,0,19,0,18,31,139,46,44,59,17,0,352,0,8,32,88,32,19,12,0,0,196,0,0,4,48,17,21,17,13,6,130,0,15,51,155,96,118,42,9,9,492,24,94,144,918,254,270,225,140,31,2095,733,1818,2280,6749,3108,2712,1521,840,328,20095,10972,24589,20946,49868,24580,23611,15993,7740,2586,180894
313,0,0,4,25,6,9,3,3,0,51,0,28,78,201,201,199,126,22,9,870,23,264,285,1255,458,387,244,85,19,3023,0,0,4,53,25,39,69,25,12,229,0,35,58,165,141,125,94,37,0,662,0,17,35,117,163,294,376,303,96,1410,0,11,12,31,54,39,33,7,0,182,10,106,211,588,407,317,242,120,23,2019,3,7,10,70,32,40,50,31,3,252,4,8,43,536,13,9,14,0,0,626,5,34,61,279,114,54,19,8,0,571,0,3,0,6,14,9,3,3,0,36,8,58,73,198,112,148,159,36,0,794,0,9,30,117,106,56,39,5,3,372,0,8,29,52,61,59,85,62,22,377,0,7,30,116,72,95,55,11,0,381,15,168,222,1017,604,568,677,427,160,3844,666,1750,1567,3581,1856,1716,1652,1225,584,14585,14159,33796,30248,61217,34059,33568,32966,18666,6077,264752
314,0,16,6,91,12,5,4,0,0,135,3,22,75,211,243,134,61,15,7,777,11,181,323,1061,607,328,154,27,6,2697,0,0,3,88,30,39,40,22,8,232,0,22,63,173,128,106,85,15,0,597,6,46,75,212,200,211,186,119,39,1097,0,15,24,68,58,41,13,10,3,239,17,328,480,1248,889,472,234,94,21,3779,0,23,20,183,78,79,53,25,9,470,4,10,17,111,22,5,10,3,0,177,0,45,97,250,82,36,11,4,0,520,0,0,0,12,9,11,0,0,0,37,13,81,112,238,137,103,67,34,8,784,0,22,24,87,54,20,13,5,0,230,0,23,42,87,86,56,56,27,9,385,0,18,60,238,153,130,58,16,0,677,23,294,327,1549,761,590,425,245,85,4303,407,900,843,2207,906,628,559,374,173,7009,14455,33024,27638,61455,30394,22820,16960,8423,2531,217700
315,0,5,0,18,3,0,0,0,0,30,4,31,32,120,90,103,36,3,0,422,4,64,89,270,133,124,50,15,0,743,0,0,5,9,0,0,3,0,4,19,0,0,6,40,10,6,10,0,0,68,0,6,5,18,14,34,21,16,0,104,0,5,4,4,11,7,5,0,0,26,15,47,35,193,60,41,21,5,0,413,0,5,6,46,7,9,4,0,0,80,0,0,0,32,0,0,0,0,0,38,0,3,9,47,25,10,0,0,0,97,3,0,0,8,0,0,0,0,0,9,0,4,11,57,22,20,28,3,5,143,0,20,18,113,5,0,0,0,0,165,0,0,0,7,4,4,4,3,0,26,3,4,17,48,24,24,3,0,0,135,6,23,34,317,94,115,98,75,11,775,444,974,1044,2601,1254,1308,743,410,103,8882,5926,11759,10269,22604,10021,9773,5970,2775,739,79827
316,0,13,7,80,9,7,6,0,4,126,5,17,41,157,302,210,110,20,9,872,17,159,136,783,308,250,141,37,9,1837,0,21,14,152,70,46,97,46,26,466,0,4,13,21,14,12,10,9,4,82,8,85,104,318,343,480,568,371,132,2401,4,69,29,74,66,65,47,7,4,368,18,321,470,1380,1038,726,555,218,61,4795,0,13,15,120,58,47,37,28,10,331,0,20,20,213,21,7,3,0,0,289,13,86,82,359,222,78,33,7,0,888,0,0,5,36,11,12,11,5,0,80,52,185,214,642,324,338,346,156,28,2297,4,52,48,238,73,35,17,5,0,479,0,34,43,156,131,135,147,102,31,786,3,7,68,224,215,238,132,49,15,937,57,371,356,2082,1070,1090,1100,804,302,7229,676,2099,1946,5141,2787,2656,2447,1804,966,20521,18947,48899,42362,90295,54134,54274,50066,29199,10669,398840
317,0,28,38,93,22,11,3,0,0,196,0,15,72,112,122,74,30,4,5,436,13,118,214,582,234,143,85,16,0,1393,0,0,0,22,4,12,11,9,6,62,0,0,5,15,5,5,0,5,0,36,3,9,7,47,48,75,93,93,31,407,15,24,43,102,39,36,10,0,0,269,4,43,165,322,216,155,86,43,16,1057,3,48,34,221,89,25,16,10,0,447,3,18,27,424,20,10,16,0,0,522,0,21,20,93,43,18,6,0,0,202,15,9,0,16,8,10,6,0,0,60,9,32,59,127,62,55,71,30,3,463,0,18,13,94,30,14,11,0,3,180,0,0,3,13,14,16,19,15,9,84,0,11,55,154,142,105,55,22,3,553,38,346,520,1194,405,304,190,148,45,3182,358,780,1033,2080,931,905,848,652,352,7948,9603,22232,21303,41295,19294,18465,16065,9907,3892,162059
318,5,16,17,53,11,6,3,0,0,110,0,44,154,294,263,138,91,18,3,1001,11,137,335,821,445,322,171,39,0,2285,0,0,0,33,19,14,16,6,0,100,0,3,5,16,14,9,15,3,0,65,0,23,22,127,94,182,168,87,31,737,3,5,13,41,41,17,20,4,0,138,11,83,172,402,232,162,79,23,9,1173,5,19,62,140,46,39,26,9,5,354,0,11,6,47,4,4,0,0,0,74,7,43,62,161,93,57,12,0,0,445,0,0,3,5,9,3,0,0,0,26,12,42,77,275,90,69,85,22,4,669,3,19,39,158,76,57,33,0,0,381,0,0,8,43,24,26,28,22,4,155,0,19,49,130,68,56,31,12,4,362,64,390,569,1292,541,483,364,273,76,4047,781,2051,2930,5314,2418,2061,1487,901,373,18313,13210,31133,32464,61617,30071,28512,22014,11404,3857,234283
319,0,14,10,59,4,7,0,0,0,97,0,11,31,83,145,117,75,12,3,480,18,147,146,724,380,428,322,67,6,2228,0,0,0,24,13,29,62,25,8,155,0,0,6,40,16,9,8,0,0,82,0,12,18,72,102,237,424,300,79,1251,0,6,9,32,40,24,31,5,0,147,15,91,117,344,304,287,191,91,34,1467,7,25,15,86,34,33,29,12,3,244,0,12,33,261,9,11,5,0,0,323,6,54,58,289,135,67,15,3,0,625,0,7,0,13,18,11,6,5,0,69,11,48,55,166,84,143,170,63,25,769,6,24,28,157,62,51,24,4,0,351,0,8,16,24,32,65,63,74,14,288,0,8,11,59,73,66,56,19,6,307,25,147,147,872,450,605,713,538,159,3650,800,2181,1968,4509,2915,3486,3535,2342,865,22595,13533,35955,30381,59189,37716,46806,48658,27252,8257,307745
397,0,0,0,0,0,0,0,0,0,0,0,0,0,0,0,0,0,0,0,0,0,0,0,9,13,0,0,0,0,16,0,0,0,0,0,0,0,0,0,0,0,0,0,0,0,0,0,0,0,0,0,0,0,0,0,0,0,0,0,0,0,0,0,0,0,0,0,0,0,0,0,0,0,0,0,0,0,0,0,0,0,0,0,0,0,0,0,0,0,0,0,0,0,0,0,0,0,0,0,0,0,0,0,0,0,0,0,0,0,0,0,0,0,0,0,0,0,0,0,0,0,0,0,0,0,0,0,0,0,0,0,0,0,0,0,0,0,0,0,0,0,0,0,0,0,0,0,0,0,0,0,0,0,0,0,0,0,0,0,0,0,0,0,0,0,0,0,0,0,0,0,0,14,82,32,8,0,0,0,128,0,0,16,116,45,5,3,0,0,183
399,0,4,5,3,4,4,0,0,0,14,0,10,6,15,7,3,6,0,0,41,0,3,14,20,7,11,4,0,0,61,0,0,0,4,0,0,0,0,0,9,0,0,0,3,0,0,4,0,0,7,3,4,0,11,7,16,13,5,0,64,0,0,0,4,0,0,0,0,0,3,6,0,3,30,13,17,14,3,0,89,0,0,3,7,0,0,0,0,0,9,0,0,0,41,0,0,0,0,0,45,0,0,3,7,3,0,0,0,0,17,0,0,0,0,0,0,0,0,0,3,3,0,7,20,12,16,3,0,0,62,0,0,0,21,0,0,0,3,0,24,0,0,0,3,0,7,0,0,0,13,0,0,0,0,3,6,7,0,0,15,6,17,50,240,31,32,32,7,0,408,67,124,317,1087,430,386,268,51,11,2744,504,932,1495,4724,1929,2468,2124,444,44,14670
401,17,156,116,525,80,24,20,10,0,947,4,10,12,46,96,43,19,7,0,242,9,105,221,879,241,136,104,38,7,1742,0,9,10,172,112,131,158,91,53,743,0,0,8,3,4,0,0,5,0,19,8,38,52,198,199,332,400,219,99,1537,9,119,208,399,150,105,108,49,12,1159,16,154,198,540,338,228,165,82,24,1745,29,241,216,882,338,141,80,52,13,1994,5,27,64,356,57,59,36,9,0,625,11,59,88,331,108,30,27,6,0,663,4,13,4,54,31,26,29,27,7,199,44,167,214,443,173,190,162,100,20,1513,14,124,440,775,438,237,155,44,13,2235,0,6,16,59,71,111,91,65,21,444,0,6,34,122,77,43,39,11,0,335,64,516,723,2862,1108,926,882,669,380,8129,333,807,1242,2968,1369,1321,1232,944,636,10852,14304,35190,40250,81513,40385,38099,33358,20042,9235,312377
402,52,568,611,1187,137,45,15,7,0,2625,0,7,11,42,84,37,10,9,3,200,18,313,696,2225,994,743,377,99,24,5499,0,4,20,291,205,330,427,148,100,1531,0,9,6,20,14,4,6,0,0,51,0,16,34,207,244,797,784,669,223,2979,3,39,51,142,76,68,66,10,3,462,14,93,205,478,280,214,104,59,12,1454,18,126,175,924,237,98,74,31,8,1698,0,15,30,278,32,12,18,7,0,395,14,57,92,657,165,87,26,8,0,1106,0,11,9,90,43,33,22,11,5,238,15,89,97,321,127,126,104,34,9,922,15,161,390,1996,1400,1389,834,183,73,6439,4,10,25,67,88,192,170,115,58,720,4,37,66,198,87,61,26,4,0,487,114,1163,2195,5860,2567,2070,1654,1037,466,17118,965,2136,2176,5337,2304,1998,1831,1361,722,18831,28752,59599,57005,130289,55385,51867,40363,23332,9116,455707
403,12,87,116,428,111,67,32,10,0,868,0,7,25,70,114,53,26,7,4,306,8,135,281,1097,482,373,216,72,16,2676,0,13,22,291,175,309,352,106,68,1339,0,0,0,3,4,5,7,0,0,21,0,82,184,463,514,839,758,487,217,3547,8,55,109,217,123,80,80,22,3,702,15,279,357,830,612,293,199,97,18,2705,8,45,87,375,127,83,58,30,12,822,0,8,24,158,23,17,8,0,0,244,9,45,65,296,118,36,21,6,0,595,0,3,7,33,19,13,9,8,0,94,29,135,142,435,198,185,169,85,16,1408,5,52,126,355,198,137,100,15,6,989,3,38,71,155,166,199,135,100,48,912,0,13,36,121,81,69,24,7,5,349,76,565,737,2692,1207,1151,1082,851,367,8728,454,1163,1255,3233,1576,1612,1545,1173,680,12691,19171,43693,43524,95760,48143,47464,42973,23747,10381,374859
404,30,139,132,587,62,18,13,0,4,991,0,3,17,43,47,15,14,3,0,139,14,177,375,1247,500,354,190,50,20,2916,0,8,15,197,93,147,225,133,135,952,0,0,4,8,7,0,0,0,0,14,3,25,70,179,164,305,317,181,74,1321,5,25,39,156,46,37,31,5,0,350,16,106,135,412,202,122,56,35,7,1078,9,26,54,284,65,18,17,7,6,480,0,10,17,238,17,15,5,4,0,315,8,43,78,346,107,40,20,4,0,642,4,6,7,48,21,12,14,3,5,114,17,58,67,258,93,94,62,18,4,664,30,211,667,1958,1349,1444,837,272,135,6896,0,9,25,66,34,66,44,33,10,270,0,5,19,64,37,20,12,0,0,153,56,511,942,3119,1299,1082,992,722,432,9150,355,738,895,2620,1117,1169,869,752,379,8888,12519,24309,28569,70801,31160,30976,24047,14441,7525,244347
405,0,7,3,29,3,4,0,0,0,49,0,0,0,6,16,15,6,3,4,50,3,59,55,194,72,63,57,15,4,521,0,0,0,3,18,12,18,8,0,62,0,0,0,0,0,0,0,0,0,0,4,9,6,37,43,151,151,104,28,538,0,3,3,8,9,7,6,0,0,34,0,16,23,93,62,40,24,15,3,272,0,5,6,27,10,7,3,0,0,59,0,4,4,22,0,0,0,0,0,34,0,9,11,40,41,14,3,0,0,113,0,0,0,0,0,0,3,4,0,3,0,18,13,46,32,39,45,7,0,194,0,6,6,30,12,4,4,3,0,71,0,0,3,12,14,19,23,22,8,94,0,0,5,22,8,15,3,3,0,49,3,20,33,207,84,148,180,106,48,839,242,729,624,1498,1050,1260,1191,812,349,7769,5491,13519,10949,22419,14294,18061,17043,9401,3306,114487
406,0,0,0,37,0,5,0,0,0,49,0,3,7,11,9,8,3,0,0,44,4,57,64,281,133,85,58,18,5,712,0,0,0,14,0,7,13,5,4,40,0,0,0,5,0,0,0,0,0,6,0,7,10,29,54,179,146,132,37,599,0,0,0,7,8,3,0,0,0,18,3,36,34,89,87,25,27,11,0,308,0,7,7,96,9,3,6,0,0,135,0,0,0,22,0,0,0,0,0,26,0,9,10,37,24,10,5,0,0,86,0,0,0,4,4,0,0,0,0,9,3,11,0,23,19,23,16,7,3,100,3,11,7,36,16,9,0,0,0,78,0,0,0,10,10,31,20,16,3,94,0,4,3,28,19,11,0,0,0,71,12,16,36,291,110,144,156,131,44,946,291,756,664,1731,970,952,747,490,205,6812,4820,10552,8747,20565,10764,11494,8955,4997,1759,82646
407,5,19,19,75,13,0,0,0,0,138,0,0,0,9,36,14,15,0,0,75,12,142,192,538,250,182,85,27,0,1437,0,0,0,17,15,20,38,13,12,110,0,0,0,38,3,0,0,0,0,45,0,9,17,54,64,203,342,197,66,938,0,0,4,14,11,12,7,0,0,56,10,64,70,194,109,95,64,23,7,634,0,9,3,82,18,5,5,5,0,129,0,0,4,89,5,5,0,0,0,105,5,69,96,148,56,16,7,0,0,399,0,3,0,17,19,14,21,4,0,77,3,23,16,103,67,76,91,36,5,421,7,29,18,156,52,31,22,0,0,315,0,7,9,20,24,59,59,41,14,234,0,5,20,50,37,28,25,7,0,174,6,94,156,610,222,276,363,246,115,2087,432,1188,1140,2602,1748,2028,2058,1378,656,13226,9039,21783,18888,39443,24037,28670,29238,16630,5989,193709
497,0,0,0,0,0,0,0,0,0,0,0,0,0,0,0,0,0,0,0,0,0,0,0,0,0,0,0,0,0,0,0,0,0,0,0,0,0,0,0,0,0,0,0,0,0,0,0,0,0,0,0,0,0,0,0,0,0,0,0,0,0,0,0,0,0,0,0,0,0,0,0,0,0,0,0,0,0,0,0,0,0,0,0,0,0,0,0,0,0,0,0,0,0,0,0,0,0,0,0,0,0,0,0,0,0,0,0,0,0,0,0,0,0,0,0,0,0,0,0,0,0,0,0,0,0,0,0,0,0,0,0,0,0,0,0,0,0,0,0,0,0,0,0,0,0,0,0,0,0,0,0,0,0,0,0,0,0,0,0,0,0,0,0,0,0,0,0,0,0,0,0,0,0,0,7,0,0,0,0,5,0,0,0,3,5,0,0,0,0,12
499,0,0,0,4,0,0,0,0,0,5,0,0,0,0,0,0,0,0,0,0,0,0,0,3,0,0,0,0,0,6,0,0,0,0,0,0,0,0,0,6,0,0,0,0,0,0,0,0,0,0,0,0,0,5,0,4,3,0,0,9,0,0,0,0,0,0,0,0,0,0,0,0,4,0,0,0,0,0,0,4,0,0,0,0,0,0,0,0,0,0,0,0,0,4,0,0,0,0,0,4,0,0,0,0,0,0,0,0,0,0,0,0,0,0,0,0,0,0,0,0,0,0,0,5,0,0,0,0,0,13,0,0,0,0,0,0,0,0,0,8,0,0,0,0,0,4,0,0,0,5,0,0,0,0,0,0,0,0,0,0,4,6,17,47,4,10,5,0,0,89,24,49,61,214,82,93,54,7,0,587,140,262,394,1159,478,513,359,64,11,3377
501,4,35,9,73,11,9,3,3,3,147,0,6,6,34,40,23,6,0,0,116,17,210,257,827,334,138,75,10,0,1871,0,0,5,41,22,24,40,14,24,171,0,0,0,7,4,0,0,0,0,11,0,13,39,158,171,292,295,159,41,1180,0,11,15,62,38,49,37,10,0,228,11,157,288,697,610,378,241,105,35,2529,6,19,7,58,25,12,8,4,0,131,5,5,9,281,0,0,4,0,0,306,3,46,26,132,82,40,15,5,3,363,0,0,0,8,0,6,0,0,0,9,3,40,39,145,99,113,135,38,3,614,5,13,22,126,47,23,16,0,0,249,0,3,6,54,60,96,74,43,14,346,0,21,69,202,166,161,107,22,9,753,22,128,133,903,401,464,357,202,63,2676,446,1283,1013,3011,1844,1684,1482,916,419,12092,10232,25456,18914,43997,25548,25879,23091,11650,3986,188747
502,4,12,0,28,0,3,0,0,4,50,0,4,19,14,23,12,0,0,0,79,10,139,207,463,226,139,58,16,0,1241,0,5,3,16,17,11,20,11,6,90,0,0,4,6,6,0,3,4,0,22,4,49,73,151,178,287,280,214,56,1293,0,4,15,20,31,33,30,20,5,154,4,103,236,429,410,272,145,63,19,1678,0,13,11,26,21,9,9,4,0,108,0,0,0,27,3,7,3,0,0,39,7,49,47,148,77,47,17,0,0,396,0,0,0,0,0,0,4,0,0,14,0,21,28,66,34,60,66,29,9,315,6,14,18,67,24,16,9,3,0,156,0,18,38,89,71,76,77,63,25,456,0,19,34,113,77,75,46,21,3,398,9,70,112,401,264,285,304,187,40,1684,231,599,600,1558,913,837,774,686,416,6609,5672,13159,11296,22791,13147,14327,14903,9248,3095,107641
503,11,23,51,208,25,15,7,0,5,351,0,0,10,29,44,29,12,0,0,117,10,42,133,584,161,77,49,6,4,1070,6,14,10,190,66,87,109,33,44,561,0,0,3,5,8,0,5,0,0,20,4,55,121,471,361,349,249,154,64,1835,20,172,289,702,283,211,202,94,16,1984,8,102,389,1036,566,443,291,119,42,2991,4,39,60,262,88,73,54,57,22,644,0,13,21,336,52,24,32,8,0,485,5,55,100,330,113,45,25,9,0,685,0,3,4,60,14,15,3,3,4,117,70,247,250,584,221,179,156,72,25,1804,9,53,143,433,277,191,176,49,21,1358,0,12,20,110,54,78,67,51,13,396,0,3,63,247,116,121,87,17,9,660,72,614,706,4448,1004,839,606,349,150,8780,239,471,1018,3457,1045,913,826,564,400,8940,8158,19246,23439,57432,23348,20445,16415,9364,4406,182267
504,9,51,114,400,54,43,22,7,0,693,0,4,29,49,61,26,12,0,0,184,19,493,919,2078,1039,477,220,54,11,5313,0,10,9,201,98,145,199,72,66,800,0,3,6,17,7,13,9,0,0,56,0,33,89,427,353,514,470,234,87,2206,0,60,88,349,224,251,181,87,17,1252,13,162,379,1197,730,491,307,137,17,3418,3,43,88,399,149,101,131,66,15,997,7,15,18,257,32,14,4,0,0,350,12,100,167,473,197,116,40,10,7,1113,0,8,4,68,23,14,6,3,3,130,18,67,80,306,117,148,98,39,11,883,12,119,252,1469,985,861,492,150,70,4416,0,8,20,129,84,134,87,50,10,519,8,59,187,534,265,207,95,29,11,1388,40,427,996,3868,1496,1247,887,534,186,9677,556,1310,1246,3965,1737,1453,1012,763,493,12544,18158,35364,32391,81985,36289,32139,23530,12238,4488,276573
505,18,129,242,894,110,64,36,16,6,1509,0,3,21,63,134,54,21,4,0,302,16,394,819,1951,1030,548,318,79,11,5166,0,33,46,499,284,388,533,141,97,2018,0,0,0,24,19,20,10,0,0,82,17,370,750,1887,1522,1615,1279,709,231,8381,16,135,205,768,435,456,444,136,53,2650,78,1041,2358,5207,3673,2225,1184,483,155,16411,10,48,127,496,163,144,159,80,25,1238,8,29,18,505,67,40,25,10,0,705,29,283,397,844,347,158,83,12,0,2143,0,16,34,152,61,41,26,5,4,338,49,219,285,723,337,273,197,81,19,2194,27,225,460,2495,1776,1507,910,234,119,7761,5,78,220,545,452,363,311,168,62,2205,3,48,369,1204,847,756,340,103,19,3692,149,1483,2512,9942,4006,3199,2252,1167,404,25112,1045,2270,2342,7614,3169,2503,1932,1496,820,23183,35798,75758,68940,163527,77506,65784,51388,27668,10928,577297
506,70,516,610,2247,311,127,100,23,0,4002,0,44,107,149,144,63,20,7,0,534,43,983,1974,3984,1962,917,392,88,13,10355,0,13,19,255,115,175,222,73,70,943,0,4,12,59,45,20,26,10,0,186,6,54,147,689,608,911,824,601,202,4038,23,352,768,1882,946,1005,801,259,72,6109,39,323,958,2236,1432,1062,560,222,71,6900,29,302,542,2006,785,425,274,122,33,4520,19,41,30,1021,73,53,40,5,0,1286,14,276,486,1042,428,211,108,20,7,2585,7,31,24,258,163,105,46,25,3,661,39,197,210,510,229,259,194,72,8,1727,25,127,249,1024,422,331,211,61,15,2460,6,14,27,189,147,225,182,117,42,946,11,107,381,916,529,330,165,49,15,2507,141,1501,2186,8213,2723,2090,1472,897,317,19542,1174,2567,2808,8298,3193,2641,1893,1559,1195,25330,33926,69242,66450,161207,65525,56276,44457,23222,9154,529466
507,3,63,57,353,60,40,24,6,5,614,0,3,21,69,91,48,10,0,0,240,37,852,1457,2827,1544,612,259,54,12,7658,0,12,16,241,122,125,208,47,34,806,0,3,19,44,20,28,5,3,0,126,10,202,354,1060,913,1213,966,612,202,5529,12,184,364,1014,510,502,444,163,45,3239,26,391,949,2442,1639,1031,580,273,67,7393,0,54,86,371,216,145,161,60,19,1118,14,32,18,361,40,36,34,7,5,542,19,156,176,583,288,131,73,12,4,1451,0,13,0,44,34,18,5,8,0,126,37,198,214,679,226,258,213,73,18,1916,0,65,90,384,225,156,75,14,6,1017,3,50,83,309,223,284,223,137,53,1360,3,73,263,792,443,332,136,46,12,2107,67,649,1014,4502,2261,2280,1795,1106,369,14036,863,1993,2201,6492,2708,2200,1708,1324,994,20479,27888,58876,53437,123876,58745,51211,39261,21356,8752,443407
509,0,6,11,24,0,8,3,0,0,58,0,0,0,3,24,13,7,0,0,46,15,211,218,695,296,138,60,12,0,1651,0,0,0,21,24,8,28,23,18,111,0,0,0,13,3,3,0,0,0,25,0,13,14,101,90,210,197,152,41,809,0,4,7,26,39,26,28,7,0,138,14,91,131,377,279,227,126,50,19,1308,3,6,5,44,7,16,11,15,0,105,0,6,0,100,5,3,0,0,0,113,3,73,78,92,64,23,11,0,0,341,0,0,0,9,5,6,0,3,0,20,0,8,21,81,56,96,82,37,9,383,0,5,13,79,43,25,10,3,0,182,0,0,0,32,38,50,58,34,7,221,0,9,17,86,78,75,66,14,0,350,4,38,94,603,238,311,334,194,62,1892,505,1389,1154,2838,1861,2039,1775,1051,399,12998,7079,16828,13030,29104,18137,21212,18757,9724,3308,137175
510,0,4,5,60,7,0,3,0,0,82,0,5,12,37,28,8,6,0,0,95,7,132,193,712,321,152,44,3,0,1563,0,0,0,21,15,7,0,0,0,41,0,0,0,13,8,3,3,0,0,24,0,6,14,118,58,97,27,0,3,319,0,10,4,50,23,18,14,6,0,131,8,42,73,316,193,101,22,7,0,758,0,20,8,109,20,11,5,0,0,166,3,5,0,85,0,0,0,0,0,91,4,41,39,224,94,36,9,0,0,457,0,0,0,14,9,5,0,0,0,26,4,9,7,101,28,27,15,0,3,195,0,9,12,94,13,13,0,0,0,142,0,0,9,24,13,16,6,4,0,73,4,6,30,142,84,57,15,0,0,338,10,57,99,827,215,171,74,25,4,1484,747,1819,1561,5807,2232,1679,579,166,51,14632,7142,13889,10097,33046,12321,9031,3443,949,204,90128
511,4,5,10,66,8,8,6,0,0,109,6,25,37,58,57,14,7,0,0,206,13,146,195,646,285,186,67,24,3,1570,0,0,0,17,6,6,7,4,6,53,0,0,3,16,10,14,0,0,0,40,0,3,12,82,80,142,99,75,17,516,0,4,3,36,20,21,3,7,0,95,13,113,180,512,325,187,76,37,5,1440,0,13,10,53,25,8,6,0,0,116,0,4,6,72,3,0,0,0,0,83,4,58,43,170,102,62,14,0,0,455,0,0,0,5,0,3,0,0,0,9,3,21,17,110,42,38,40,10,0,283,3,15,11,136,75,37,28,4,0,314,0,0,7,35,29,36,24,8,3,136,0,37,50,203,115,93,33,7,3,534,23,92,98,650,276,253,160,112,41,1692,729,1768,1633,4348,2061,1925,1288,714,245,14705,7403,15741,13225,31536,16262,15931,11367,5542,1749,118758
597,0,0,0,0,0,0,0,0,0,0,0,0,0,0,0,0,0,0,0,0,0,0,5,8,9,0,0,0,0,21,0,0,0,0,0,0,3,0,0,4,0,0,0,0,0,0,0,0,0,0,0,0,0,7,3,0,0,0,0,13,0,0,0,0,0,0,0,0,0,0,0,0,0,0,8,0,0,0,0,3,0,0,0,0,0,0,0,0,0,0,0,0,0,0,0,0,0,0,0,0,0,0,0,4,0,0,0,0,0,4,0,0,0,0,0,0,0,0,0,0,0,0,0,0,0,0,0,0,0,3,0,0,0,0,0,0,0,0,0,0,0,0,0,0,0,0,0,0,0,0,0,0,0,0,0,0,0,0,0,0,0,0,0,9,5,5,0,0,0,16,0,0,21,119,47,23,3,0,0,215,0,0,42,284,109,62,18,0,0,514
599,0,0,0,0,0,0,0,0,0,3,0,0,0,0,0,0,0,0,0,3,0,0,3,18,6,0,0,0,0,35,0,0,0,0,0,5,0,0,0,9,0,0,0,0,0,0,0,0,0,3,0,0,0,10,0,13,10,0,0,34,0,0,0,3,0,0,0,0,0,11,0,3,5,25,8,5,4,0,0,55,0,0,0,0,0,0,0,0,0,5,0,0,0,13,0,0,0,0,0,13,0,0,3,3,0,0,0,0,0,8,0,0,0,0,0,0,0,0,0,0,0,0,5,25,10,5,7,0,0,43,0,0,0,13,5,0,0,0,0,11,0,0,0,4,4,0,5,3,0,12,0,0,0,0,4,0,0,0,0,15,3,0,22,105,15,20,9,3,0,182,52,62,173,707,358,278,168,42,17,1851,300,473,820,3053,1313,1144,758,155,30,8055
601,30,40,57,688,24,8,8,0,0,846,0,3,8,27,77,31,13,0,0,156,12,94,114,535,182,123,92,20,3,1165,0,0,3,71,35,48,88,66,29,353,0,0,0,8,10,7,3,0,0,18,3,28,29,109,143,197,229,188,75,999,4,27,58,134,52,35,32,10,0,354,8,64,94,376,193,143,149,61,26,1108,6,33,59,622,50,27,30,15,0,840,4,16,11,340,17,3,0,0,0,392,4,56,69,227,83,34,20,4,0,487,0,0,0,17,11,9,4,6,0,48,18,88,95,337,151,164,156,57,12,1093,3,62,162,683,40,35,23,4,0,1015,0,7,13,31,36,51,58,51,22,262,0,14,23,70,51,29,23,6,0,217,47,283,324,1817,602,534,469,320,143,4541,424,1116,1151,3031,1261,1368,1358,981,483,11172,12856,28727,28141,71415,29653,29934,26145,14594,5631,247086
602,14,34,34,314,14,0,7,0,0,408,0,0,0,16,48,19,20,3,0,108,4,42,55,283,128,81,60,25,0,677,0,0,0,15,23,33,26,16,16,127,0,0,4,9,3,3,0,0,0,28,0,13,11,47,62,145,182,133,54,640,0,11,15,59,28,23,15,3,3,153,0,18,47,122,113,74,59,20,10,472,4,16,27,179,25,16,6,6,0,281,0,10,3,97,3,0,0,0,0,112,3,22,20,74,37,19,10,0,0,192,0,0,0,6,7,6,3,0,0,21,5,29,32,118,84,61,95,30,11,466,5,20,45,160,19,7,4,0,0,261,0,3,4,19,15,39,47,40,14,176,0,3,7,12,27,22,13,10,0,93,21,118,162,876,364,284,324,208,64,2426,328,685,875,1941,1008,1277,1306,871,337,8635,7610,17411,16722,36273,18961,20938,18944,10599,3742,151195
603,0,0,0,6,0,0,0,0,0,6,0,0,0,0,11,8,0,0,0,27,0,10,9,47,21,10,9,0,0,112,0,0,0,13,3,7,16,7,0,45,0,0,0,0,0,0,0,0,0,0,0,4,4,13,16,48,55,34,10,184,0,0,0,10,5,6,9,0,0,25,4,4,8,44,26,34,36,13,0,169,0,0,0,13,5,3,0,0,0,20,0,3,0,26,0,0,0,0,0,34,3,0,0,14,9,6,3,0,0,40,0,0,0,4,0,0,7,0,0,9,3,3,9,50,26,45,51,19,0,213,0,3,0,8,0,0,0,0,0,19,0,0,0,4,9,17,13,4,0,51,0,0,0,0,5,8,11,0,0,23,4,17,21,123,75,117,90,45,9,503,114,296,258,695,441,601,585,323,121,3448,1908,4533,3817,8674,5484,7233,6486,2862,733,41734
604,0,3,5,184,3,0,0,0,0,202,0,0,0,18,21,8,7,0,0,60,3,35,37,191,62,71,67,19,4,489,0,0,0,11,3,18,19,16,4,70,0,0,0,7,3,3,5,4,0,21,0,5,15,31,33,94,141,114,20,454,0,3,3,9,3,11,15,3,0,45,0,11,22,87,71,68,45,21,6,338,3,21,19,128,33,11,4,0,0,224,0,3,4,148,0,0,0,0,0,161,0,17,9,53,27,23,6,0,0,138,0,0,0,3,0,0,0,0,0,6,0,14,21,62,40,63,62,26,3,286,0,8,9,55,12,10,3,0,0,91,0,0,4,14,16,22,26,29,6,114,0,0,0,19,21,15,8,5,0,66,13,46,72,337,116,160,182,143,42,1111,272,697,640,1597,1027,1139,1124,810,283,7588,5869,13596,12198,25817,14892,17082,15263,8560,2887,116156
697,0,0,0,0,0,0,0,0,0,0,0,0,0,0,0,0,0,0,0,0,0,0,0,0,0,0,0,0,0,0,0,0,0,0,0,0,0,0,0,0,0,0,0,0,0,0,0,0,0,0,0,0,0,0,0,0,0,0,0,0,0,0,0,0,0,0,0,0,0,0,0,0,0,0,0,0,0,0,0,0,0,0,0,0,0,0,0,0,0,0,0,0,0,0,0,0,0,0,0,0,0,0,0,0,0,0,0,0,0,0,0,0,0,0,0,0,0,0,0,0,0,0,0,0,0,0,0,0,0,0,0,0,0,0,0,0,0,0,0,0,0,0,0,0,0,0,0,0,0,0,0,0,0,0,0,0,0,0,0,0,0,0,0,0,0,0,0,0,0,0,0,0,0,4,0,0,0,0,0,3,0,0,0,8,7,0,0,0,0,19
699,0,0,0,6,0,0,0,0,0,6,0,0,0,0,4,0,0,0,0,0,0,0,0,0,0,0,0,0,0,0,0,0,0,0,0,0,0,0,0,0,0,0,0,0,0,0,0,0,0,0,0,0,0,0,0,0,4,0,0,4,0,0,0,0,0,0,0,0,0,0,0,0,0,0,0,0,0,0,0,0,0,0,0,0,0,0,0,0,0,0,0,0,0,0,0,0,0,0,0,0,0,0,0,0,0,0,0,0,0,0,0,0,0,0,0,0,0,0,0,0,0,0,0,0,0,0,0,0,0,3,0,0,0,0,0,0,0,0,0,3,0,0,0,0,0,0,0,0,0,0,0,0,0,0,0,0,0,0,0,0,0,0,0,16,0,0,3,0,0,25,0,12,34,49,29,49,66,6,0,242,42,92,215,426,203,199,163,31,3,1377
701,21,51,50,417,41,18,0,0,0,598,0,19,26,113,151,72,39,3,3,424,27,428,771,2209,943,519,287,74,16,5283,0,0,3,51,12,9,16,3,0,93,0,0,3,16,4,4,6,0,0,32,0,7,22,99,75,103,68,48,12,431,7,24,14,77,41,47,42,26,0,274,11,69,84,247,124,71,27,16,0,645,10,93,78,614,111,73,45,30,8,1060,14,34,7,334,13,16,3,0,0,415,9,84,125,372,165,119,51,20,4,947,0,0,0,14,8,9,3,3,0,34,12,36,33,164,55,53,44,13,4,425,11,81,133,567,155,115,65,12,7,1137,0,4,7,42,11,15,21,4,5,117,0,19,58,234,71,49,18,0,0,453,47,337,334,1594,737,603,483,266,80,4481,632,1468,1399,4156,1645,1245,807,299,111,11752,9555,18738,16701,48059,18400,14637,9374,3608,833,139902
702,0,3,4,72,4,0,0,0,0,86,0,7,17,50,45,33,7,0,0,157,11,82,103,507,197,118,57,12,5,1096,0,0,0,16,7,13,5,0,0,34,0,0,0,19,7,5,5,0,0,38,0,4,3,33,27,35,21,23,0,139,0,0,3,7,11,12,0,0,0,31,0,21,37,117,61,46,17,3,0,297,0,10,8,132,23,11,7,0,0,199,0,0,5,75,3,8,0,0,0,94,0,7,16,75,33,13,4,0,0,155,0,0,0,3,5,0,0,0,0,8,33,102,52,328,95,97,33,6,0,756,0,8,23,101,41,36,5,0,0,217,0,0,6,12,3,5,5,0,0,40,0,7,32,116,62,40,12,0,0,274,12,66,97,669,243,122,87,35,5,1327,374,765,936,2702,1066,1001,554,189,33,7613,6503,13655,12980,29381,10954,8995,4809,1499,326,89103
797,0,0,0,0,0,0,0,0,0,0,0,0,0,0,0,0,0,0,0,3,0,0,0,0,0,0,0,0,0,0,0,0,0,0,0,0,0,0,0,0,0,0,0,0,0,0,0,0,0,0,0,0,0,0,0,0,0,0,0,0,0,0,0,0,0,0,0,0,0,0,0,0,0,0,0,0,0,0,0,0,0,0,0,0,5,0,0,0,0,5,0,0,0,0,0,0,0,0,0,0,0,0,0,0,0,0,0,0,0,0,0,0,0,0,0,0,0,0,0,0,0,0,0,0,0,0,0,0,0,0,0,0,0,0,0,0,0,0,0,0,0,0,0,0,0,0,0,0,0,0,0,0,0,0,0,0,0,0,0,0,0,0,0,0,0,0,0,0,0,0,0,0,6,9,6,3,0,0,0,21,0,0,15,44,19,17,0,0,0,99
799,0,0,0,0,0,0,0,0,0,4,0,0,0,0,0,4,0,0,0,3,0,0,0,5,0,0,0,0,0,4,0,0,0,0,0,0,0,0,0,0,0,0,0,0,0,0,0,0,0,0,0,0,0,6,0,0,0,0,0,7,0,0,0,0,0,0,0,0,0,3,0,0,0,3,0,0,0,0,0,3,0,0,0,0,0,0,0,0,0,3,0,0,0,0,0,0,0,0,0,0,0,0,0,0,0,0,0,0,0,3,0,0,0,0,0,0,0,0,0,0,0,0,0,9,3,0,0,0,0,14,0,0,0,0,0,0,0,0,0,0,0,0,0,0,0,0,0,0,0,4,0,0,0,0,0,0,0,0,0,3,0,0,3,56,9,10,6,3,0,83,29,40,86,326,184,167,71,9,0,904,164,285,276,1232,591,579,318,49,7,3500
801,31,273,292,1841,292,119,47,10,0,2906,0,7,39,150,278,157,61,16,5,705,21,313,519,2417,837,540,303,82,16,5051,0,20,11,247,143,172,251,110,50,1009,0,19,48,83,50,58,16,9,0,294,5,30,79,269,240,381,379,316,123,1812,13,110,172,390,216,129,94,28,12,1166,19,144,348,749,522,256,198,71,28,2337,9,148,259,1336,534,488,348,139,37,3306,4,29,52,451,74,44,30,7,4,688,17,119,214,768,241,145,88,26,4,1616,3,15,13,117,66,37,34,6,0,293,111,405,483,1126,481,325,287,136,15,3369,19,143,335,1473,791,754,398,119,52,4077,0,12,17,97,60,84,85,75,24,449,0,27,88,278,155,86,38,12,0,687,130,1031,1392,6536,2421,2006,1692,1126,462,16792,733,1613,2794,5602,1770,1485,1339,966,522,16826,26660,56236,60460,146916,56126,45328,35639,19340,7180,453890
897,0,0,0,0,0,0,0,0,0,0,0,0,0,0,0,0,0,0,0,0,0,0,0,0,0,0,0,0,0,0,0,0,0,0,0,0,0,0,0,0,0,0,0,0,0,0,0,0,0,0,0,0,0,0,0,0,0,0,0,0,0,0,0,0,0,0,0,0,0,0,0,0,0,0,0,0,0,0,0,0,0,0,0,0,0,0,0,0,0,0,0,0,0,0,0,0,0,0,0,0,0,0,0,0,0,0,0,0,0,0,0,0,0,0,0,0,0,0,0,0,0,0,0,0,0,0,0,0,0,0,0,0,0,0,0,0,0,0,0,0,0,0,0,0,0,0,0,0,0,0,0,0,0,0,0,0,0,0,0,0,0,0,0,0,0,0,0,0,0,0,0,0,0,0,0,0,0,0,0,0,0,0,0,0,0,0,0,0,0,0
899,0,0,0,0,0,0,0,0,0,0,0,0,0,0,0,0,0,0,0,0,0,0,0,0,0,0,0,0,0,4,0,0,0,0,0,0,0,0,0,0,0,0,0,0,0,0,0,0,0,0,0,0,0,0,0,0,0,0,0,0,0,0,0,0,0,0,0,0,0,0,0,0,0,0,0,0,0,0,0,4,0,0,0,0,0,0,0,0,0,0,0,0,0,0,0,0,0,0,0,0,0,5,0,0,0,0,0,0,0,5,0,0,0,0,0,0,0,0,0,0,0,0,0,6,0,0,0,0,0,5,0,0,0,0,0,0,0,0,0,0,0,0,0,0,0,0,0,0,0,0,0,0,0,0,0,0,0,0,0,0,0,0,4,9,0,3,0,0,0,20,0,0,9,40,20,18,14,0,0,110,19,25,148,215,77,78,34,10,4,605
901,0,0,0,8,0,0,0,0,0,12,0,0,5,3,5,3,0,0,0,14,0,6,5,25,15,5,0,0,0,60,0,0,0,0,0,0,0,0,0,0,0,0,0,0,0,0,0,0,0,0,0,0,0,0,0,3,4,0,0,9,0,0,0,8,5,10,14,0,0,44,0,0,0,9,10,0,0,0,0,14,0,0,0,13,0,0,0,0,0,12,0,0,0,0,0,0,0,0,0,0,0,0,0,0,6,5,0,0,0,16,0,0,0,0,0,0,0,0,0,0,0,6,0,3,3,0,3,3,0,21,0,0,0,3,7,0,0,0,0,14,0,0,0,0,0,0,0,0,0,0,0,0,0,5,0,3,5,0,0,12,0,4,21,85,18,12,9,9,0,148,29,75,59,218,103,111,79,44,3,726,243,587,407,1213,665,765,587,257,62,4778
997,0,0,0,0,0,0,0,0,0,0,0,0,0,0,0,0,0,0,0,0,0,0,0,0,0,0,0,0,0,0,0,0,0,0,0,0,0,0,0,0,0,0,0,0,0,0,0,0,0,0,0,0,0,0,0,0,0,0,0,0,0,0,0,0,0,0,0,0,0,0,0,0,0,0,0,0,0,0,0,0,0,0,0,0,0,0,0,0,0,0,0,0,0,0,0,0,0,0,0,0,0,0,0,0,0,0,0,0,0,0,0,0,0,0,0,0,0,0,0,0,0,0,0,0,0,0,0,0,0,0,0,0,0,0,0,0,0,0,0,0,0,0,0,0,0,0,0,0,0,0,0,0,0,0,0,0,0,0,0,0,0,0,0,0,0,0,0,0,0,0,0,0,0,0,0,0,0,0,0,0,0,0,0,0,0,0,0,0,0,0
999,0,0,0,0,0,0,0,0,0,0,0,0,0,0,0,0,0,0,0,0,0,0,0,0,0,0,0,0,0,0,0,0,0,0,0,0,0,0,0,0,0,0,0,0,0,0,0,0,0,0,0,0,0,0,0,0,0,0,0,0,0,0,0,0,0,0,0,0,0,0,0,0,0,0,0,0,0,0,0,0,0,0,0,0,0,0,0,0,0,0,0,0,0,0,0,0,0,0,0,0,0,0,0,0,0,0,0,0,0,0,0,0,0,0,0,0,0,0,0,0,0,0,0,0,0,0,0,0,0,0,0,0,0,0,0,0,0,0,0,0,0,0,0,0,0,0,0,0,0,0,0,0,0,0,0,0,0,0,0,0,0,0,0,0,0,0,0,0,0,0,0,0,0,0,0,0,0,0,0,3,0,0,0,4,0,3,0,0,0,11
