SA4_CODE_2021,F_Vietnam_0_4,F_Vietnam_5_14,F_Vietnam_15_24,F_Vietnam_25_44,F_Vietnam_45_54,F_Vietnam_55_64,F_Vietnam_65_74,F_Vietnam_75_84,F_Vietnam_85ov,F_Vietnam_Tot,F_Wales_0_4,F_Wales_5_14,F_Wales_15_24,F_Wales_25_44,F_Wales_45_54,F_Wales_55_64,F_Wales_65_74,F_Wales_75_84,F_Wales_85ov,F_Wales_Tot,F_Zimbabwe_0_4,F_Zimbabwe_5_14,F_Zimbabwe_15_24,F_Zimbabwe_25_44,F_Zimbabwe_45_54,F_Zimbabwe_55_64,F_Zimbabwe_65_74,F_Zimbabwe_75_84,F_Zimbabwe_85ov,F_Zimbabwe_Tot,F_Elsewhere_0_4,F_Elsewhere_5_14,F_Elsewhere_15_24,F_Elsewhere_25_44,F_Elsewhere_45_54,F_Elsewhere_55_64,F_Elsewhere_65_74,F_Elsewhere_75_84,F_Elsewhere_85ov,F_Elsewhere_Tot,F_COB_NS_0_4,F_COB_NS_5_14,F_COB_NS_15_24,F_COB_NS_25_44,F_COB_NS_45_54,F_COB_NS_55_64,F_COB_NS_65_74,F_COB_NS_75_84,F_COB_NS_85ov,F_COB_NS_Tot,F_Tot_0_4,F_Tot_5_14,F_Tot_15_24,F_Tot_25_44,F_Tot_45_54,F_Tot_55_64,F_Tot_65_74,F_Tot_75_84,F_Tot_85ov,F_Tot_Tot,P_Afghanistan_0_4,P_Afghanistan_5_14,P_Afghanistan_15_24,P_Afghanistan_25_44,P_Afghanistan_45_54,P_Afghanistan_55_64,P_Afghanistan_65_74,P_Afghanistan_75_84,P_Afghanistan_85ov,P_Afghanistan_Tot,P_Australia_0_4,P_Australia_5_14,P_Australia_15_24,P_Australia_25_44,P_Australia_45_54,P_Australia_55_64,P_Australia_65_74,P_Australia_75_84,P_Australia_85ov,P_Australia_Tot,P_Bangladesh_0_4,P_Bangladesh_5_14,P_Bangladesh_15_24,P_Bangladesh_25_44,P_Bangladesh_45_54,P_Bangladesh_55_64,P_Bangladesh_65_74,P_Bangladesh_75_84,P_Bangladesh_85ov,P_Bangladesh_Tot,P_Bosnia_Herzegov_0_4,P_Bosnia_Herzegov_5_14,P_Bosnia_Herzegov_15_24,P_Bosnia_Herzegov_25_44,P_Bosnia_Herzegov_45_54,P_Bosnia_Herzegov_55_64,P_Bosnia_Herzegov_65_74,P_Bosnia_Herzegov_75_84,P_Bosnia_Herzegov_85ov,P_Bosnia_Herzegov_Tot,P_Brazil_0_4,P_Brazil_5_14,P_Brazil_15_24,P_Brazil_25_44,P_Brazil_45_54,P_Brazil_55_64,P_Brazil_65_74,P_Brazil_75_84,P_Brazil_85ov,P_Brazil_Tot,P_Cambodia_0_4,P_Cambodia_5_14,P_Cambodia_15_24,P_Cambodia_25_44,P_Cambodia_45_54,P_Cambodia_55_64,P_Cambodia_65_74,P_Cambodia_75_84,P_Cambodia_85ov,P_Cambodia_Tot,P_Canada_0_4,P_Canada_5_14,P_Canada_15_24,P_Canada_25_44,P_Canada_45_54,P_Canada_55_64,P_Canada_65_74,P_Canada_75_84,P_Canada_85ov,P_Canada_Tot,P_Chile_0_4,P_Chile_5_14,P_Chile_15_24,P_Chile_25_44,P_Chile_45_54,P_Chile_55_64,P_Chile_65_74,P_Chile_75_84,P_Chile_85ov,P_Chile_Tot,P_China_0_4,P_China_5_14,P_China_15_24,P_China_25_44,P_China_45_54,P_China_55_64,P_China_65_74,P_China_75_84,P_China_85ov,P_China_Tot,P_Croatia_0_4,P_Croatia_5_14,P_Croatia_15_24,P_Croatia_25_44,P_Croatia_45_54,P_Croatia_55_64,P_Croatia_65_74,P_Croatia_75_84,P_Croatia_85ov,P_Croatia_Tot,P_Egypt_0_4,P_Egypt_5_14,P_Egypt_15_24,P_Egypt_25_44,P_Egypt_45_54,P_Egypt_55_64,P_Egypt_65_74,P_Egypt_75_84,P_Egypt_85ov,P_Egypt_Tot,P_England_0_4,P_England_5_14,P_England_15_24,P_England_25_44,P_England_45_54,P_England_55_64,P_England_65_74,P_England_75_84,P_England_85ov,P_England_Tot,P_Fiji_0_4,P_Fiji_5_14,P_Fiji_15_24,P_Fiji_25_44,P_Fiji_45_54,P_Fiji_55_64,P_Fiji_65_74,P_Fiji_75_84,P_Fiji_85ov,P_Fiji_Tot,P_France_0_4,P_France_5_14,P_France_15_24,P_France_25_44,P_France_45_54,P_France_55_64,P_France_65_74,P_France_75_84,P_France_85ov,P_France_Tot
101,0,4,6,49,39,16,12,4,0,130,0,0,3,15,14,29,22,19,9,103,0,4,4,33,15,19,15,0,0,91,9,42,61,478,242,313,327,227,87,1780,327,790,647,1796,962,1211,1144,671,378,7919,6241,13648,11289,27461,16034,17838,15513,8257,3448,119720,0,0,3,22,4,4,0,0,0,37,11922,25832,20906,41936,25135,27143,22700,11041,3914,190530,0,18,11,187,14,6,5,0,0,243,0,0,0,21,8,12,9,12,3,64,0,10,4,79,10,4,3,3,0,113,0,0,4,27,12,3,3,6,0,56,3,23,21,132,81,85,73,28,9,444,0,0,0,38,31,23,35,20,3,158,4,21,34,301,109,90,53,27,3,648,0,0,6,20,22,77,117,124,35,406,0,11,0,41,8,13,22,17,0,122,15,127,178,704,936,1856,2128,1328,405,7685,0,8,23,129,61,41,39,7,0,317,0,8,26,65,35,48,41,19,5,243
102,0,17,20,125,60,24,23,4,0,271,0,9,7,48,42,41,40,52,14,250,0,4,19,56,28,36,13,7,0,164,9,101,114,789,498,495,518,370,149,3046,365,915,810,1919,944,983,1141,1097,765,8934,9413,20739,18857,40945,22793,23597,21797,13850,6619,178618,0,0,0,12,0,0,0,0,0,20,18495,39140,34502,62015,33438,33172,28878,17073,7007,273712,0,14,5,97,3,5,5,0,0,131,0,0,6,18,12,19,13,5,0,73,0,13,15,283,53,16,16,9,0,406,0,6,8,41,17,6,5,0,0,94,4,40,50,225,130,113,77,37,12,681,0,6,10,63,91,63,87,67,8,390,6,57,73,560,344,384,343,100,25,1893,0,3,0,17,28,74,68,87,26,307,3,26,6,90,20,58,88,93,43,424,39,458,643,2346,2222,3284,3220,2590,982,15787,0,13,19,150,84,91,59,24,3,443,4,16,11,122,59,53,53,24,10,346
103,0,3,13,60,21,9,5,4,0,110,0,0,0,4,8,13,19,8,0,56,0,7,6,39,18,20,8,0,0,102,14,42,49,259,121,130,144,80,41,881,341,955,724,1720,950,1005,942,681,391,7711,6036,14028,11361,24768,13355,14006,12259,7516,3417,106759,0,5,3,20,0,5,0,0,0,26,11749,26176,21285,40155,21808,22919,19686,11217,4269,179261,0,12,3,88,7,3,4,0,0,126,0,0,0,8,3,8,3,5,0,33,0,0,3,19,4,0,3,3,0,39,0,5,0,34,5,8,0,0,0,58,5,3,15,81,53,34,17,9,4,224,0,0,0,16,8,8,13,8,0,60,5,17,24,187,100,67,81,37,4,512,0,0,0,4,4,41,30,29,8,122,0,3,3,19,0,3,9,5,0,44,5,58,95,384,453,896,923,724,239,3775,0,7,15,68,41,43,21,6,0,204,0,3,6,53,13,19,20,10,0,117
104,0,0,5,47,8,4,3,0,0,69,0,0,0,5,8,18,20,11,8,65,0,0,3,7,13,13,7,0,0,39,15,70,100,362,172,161,140,95,43,1165,183,500,428,1091,584,663,638,521,298,4902,3577,8589,6921,15858,9471,11056,10399,6036,2718,74634,0,6,23,22,14,6,0,0,0,65,6685,15762,12409,23956,14372,16781,16076,8589,3308,117944,0,0,0,10,3,0,0,0,0,10,0,0,0,5,0,4,0,0,0,10,0,3,0,49,5,6,0,0,0,65,0,0,0,13,0,0,0,0,0,20,0,15,12,94,56,54,57,28,4,316,0,0,0,25,13,8,15,0,0,53,0,11,18,124,49,53,22,7,6,286,0,0,0,5,0,12,9,10,6,41,0,5,0,19,0,0,16,14,4,55,8,98,105,447,546,991,1147,840,297,4464,0,3,0,32,23,28,25,6,3,127,0,0,6,46,12,23,27,13,5,142
105,0,0,5,28,10,3,0,0,0,47,0,0,0,0,0,0,6,0,0,12,0,5,15,31,17,0,0,0,0,75,3,19,16,119,32,37,42,33,17,324,364,848,670,1651,768,783,699,574,308,6662,3708,7460,6079,14548,6852,7663,6204,3973,1761,58251,0,0,0,5,0,0,0,0,0,5,6755,13094,10644,21526,10992,12556,10171,5818,2181,93743,0,11,0,129,9,0,3,0,0,160,0,0,0,0,3,0,3,3,0,16,0,0,0,13,0,0,0,0,0,15,0,3,0,13,0,0,0,0,0,14,0,0,0,32,15,12,5,3,4,70,0,0,0,21,3,0,0,0,0,31,0,9,15,121,44,42,16,3,4,252,0,0,0,0,0,4,7,12,4,30,4,4,0,16,0,3,9,0,0,33,5,27,22,161,119,263,257,201,57,1113,0,12,7,54,26,14,11,0,0,126,0,0,3,23,4,8,8,0,7,50
106,0,8,5,104,28,12,4,0,0,170,0,8,6,28,14,27,31,21,6,141,0,10,10,50,41,11,11,0,0,134,5,46,54,349,175,212,219,132,34,1237,313,794,704,1622,792,828,857,694,424,7033,8573,19075,16239,36225,18448,18866,16575,9129,3668,146804,0,0,0,16,0,0,0,0,0,17,16815,36608,30770,61028,30488,30567,25891,13349,4495,250011,0,5,7,68,18,5,0,0,0,103,0,0,0,9,0,12,10,4,0,30,0,3,6,48,14,0,0,0,0,74,0,0,3,26,11,0,0,0,0,44,0,16,14,113,57,48,52,14,5,321,0,0,0,26,20,22,32,19,0,110,0,31,25,266,130,95,46,26,16,638,0,0,0,11,12,32,37,42,10,149,0,0,10,26,7,11,35,11,0,105,24,156,219,780,914,1556,1761,1252,322,6986,0,8,12,110,58,31,27,17,4,266,0,0,7,65,23,28,25,15,4,164
107,6,27,91,204,111,94,76,22,13,639,0,4,10,31,46,87,69,46,26,319,0,3,11,34,21,13,10,0,0,96,23,201,285,1056,619,764,746,577,331,4593,265,737,758,1634,682,690,744,674,420,6613,8611,18560,19911,39873,20156,20163,16842,10615,5039,159771,0,3,6,20,4,5,4,3,0,57,16975,34772,35371,61350,29672,26897,19794,10782,4307,239913,0,6,36,155,15,12,3,0,0,231,0,0,11,126,56,105,66,47,15,420,0,9,15,162,46,17,10,3,0,271,0,3,6,30,20,14,6,0,0,84,8,46,43,289,125,83,42,12,5,664,0,6,15,98,166,133,170,130,20,741,4,63,233,1023,260,241,155,63,28,2082,0,4,0,119,107,177,206,242,108,969,12,39,15,76,29,30,69,35,19,315,25,308,397,1380,1676,3094,2645,2120,734,12378,0,13,11,127,51,52,39,23,4,328,0,8,12,82,49,57,44,23,7,282
108,0,6,0,60,20,15,6,0,0,115,0,6,3,9,15,16,26,20,5,103,0,0,3,16,13,14,18,3,0,79,9,35,45,220,155,203,232,187,50,1131,290,837,624,1488,888,1172,1283,974,446,7993,5002,12608,10470,21532,14011,18396,18899,11656,5138,117699,0,0,3,4,0,0,0,0,0,3,9491,23338,19498,34212,22049,28140,29281,16630,6461,189107,0,0,3,25,6,0,0,0,0,44,0,0,0,3,0,3,4,3,0,15,0,4,5,66,6,10,3,9,0,103,0,4,0,17,10,6,3,0,0,37,3,24,10,126,56,71,60,22,9,377,0,0,0,16,24,13,26,7,4,88,4,15,16,143,90,72,51,15,11,416,0,0,0,9,6,22,31,33,11,109,0,10,3,25,14,20,23,26,7,128,7,116,120,513,770,1558,2214,1917,662,7874,5,8,7,41,32,42,24,18,4,177,3,7,10,51,33,40,40,26,4,213
109,0,5,6,38,10,3,7,0,0,72,0,0,5,5,4,7,12,8,3,43,0,0,3,8,6,4,4,0,0,28,7,47,54,276,125,102,89,95,32,839,222,491,460,1051,553,701,629,506,210,4828,3486,7335,6560,13993,7584,8737,8014,4889,2032,62639,0,0,0,0,0,0,0,0,0,3,6588,13565,11630,21433,12220,13895,12921,7048,2624,101922,0,7,0,47,15,0,0,0,0,71,0,0,0,0,0,3,7,3,0,12,0,0,0,7,0,0,0,0,0,14,0,3,0,10,0,0,0,0,0,13,3,5,3,28,20,22,7,0,0,104,0,0,0,15,4,10,8,0,0,34,0,11,12,82,56,37,19,4,0,225,0,0,0,0,3,12,16,22,6,60,0,0,0,9,0,3,4,3,0,33,4,32,71,199,244,533,571,470,132,2261,0,0,10,40,23,18,13,4,0,115,0,0,3,13,9,8,4,0,0,41
110,4,44,19,150,22,13,5,0,0,258,0,0,4,4,9,9,8,8,3,42,0,5,3,19,13,11,4,4,0,64,11,60,42,268,89,84,78,58,23,721,408,1167,1211,2084,1099,1187,1002,766,414,9330,5026,12188,10828,21788,11300,12547,10739,6981,2895,94298,0,0,0,9,0,0,0,0,0,5,9690,21474,18272,32516,17954,20219,17492,10459,3640,151716,0,19,4,94,11,3,0,0,0,137,0,0,0,0,0,0,7,5,0,15,0,0,18,55,9,3,0,0,0,89,0,4,0,8,0,0,0,0,0,21,4,11,14,66,26,24,35,13,0,199,0,0,0,10,8,6,3,5,0,32,9,28,22,304,72,69,41,0,3,538,0,0,0,3,8,3,8,7,6,35,0,8,5,26,0,3,7,5,3,61,4,51,75,268,285,573,654,520,145,2561,3,20,26,194,30,21,10,0,0,310,0,4,6,40,6,10,7,11,0,88
111,0,32,52,232,76,40,14,3,3,456,0,0,15,34,36,36,43,29,16,206,0,8,33,72,20,20,18,0,0,175,44,223,261,1013,414,316,335,306,156,3057,285,704,971,1829,752,851,999,886,588,7866,10376,22470,24033,50951,24609,24563,21827,13781,6888,199494,5,72,40,159,18,6,0,0,0,315,20327,42547,43112,81240,39753,38908,32825,19032,8098,325835,4,39,29,252,37,17,5,0,0,389,0,0,0,55,25,55,57,28,3,217,0,14,12,241,36,12,8,4,0,310,0,7,10,53,33,18,21,7,0,149,7,33,56,289,154,98,74,24,3,749,0,6,3,65,29,29,28,11,0,171,6,57,210,993,287,223,180,55,29,2027,0,0,3,28,37,86,49,85,28,319,3,17,6,51,13,26,48,32,6,205,46,341,477,1646,1279,1800,1800,1462,509,9354,0,0,14,100,63,71,49,21,10,321,0,15,18,97,47,37,21,14,3,259
112,3,12,9,63,30,15,3,0,0,141,0,7,3,24,15,30,46,22,15,158,0,0,3,18,30,20,17,3,0,93,10,72,95,869,291,309,272,160,68,2133,391,1115,902,2389,1227,1377,1250,856,606,10129,5978,14824,12258,29374,17344,19570,17945,10213,5124,132624,0,0,0,4,5,0,3,0,0,12,11283,27045,21666,41167,25322,28666,26439,13755,5867,201202,0,5,0,16,10,4,0,0,0,30,0,0,0,6,4,4,10,4,0,28,0,25,34,639,76,19,9,5,0,808,0,6,3,19,3,0,3,0,0,34,9,43,41,288,160,127,89,39,8,800,0,0,0,98,28,23,15,8,0,174,0,22,15,125,72,71,37,15,10,373,0,0,0,10,11,9,20,18,9,74,0,8,0,17,3,13,21,10,10,82,31,230,293,1426,1322,1939,2152,1756,708,9851,0,8,7,51,42,30,32,22,4,201,0,15,30,294,83,77,56,26,14,597
113,0,4,5,34,12,7,3,0,0,62,0,0,3,5,3,6,0,8,0,28,0,3,10,29,18,23,3,4,0,99,10,55,68,321,109,130,82,69,30,867,268,682,620,1268,645,725,674,549,310,5742,5056,10644,10005,19993,9751,10311,8555,5323,2660,82302,0,10,16,41,28,8,0,0,0,114,9492,19074,17496,29754,15467,16643,13749,7776,3190,132633,3,10,6,90,14,9,0,0,0,133,0,0,0,7,0,5,0,4,0,19,0,5,4,38,6,8,3,0,0,60,0,0,0,18,4,0,0,0,0,21,0,7,6,34,19,19,16,9,0,107,0,3,0,23,10,13,9,0,0,61,8,58,42,415,99,61,35,11,7,735,0,0,0,0,7,11,12,7,3,40,0,24,16,63,22,19,22,3,0,165,6,46,78,246,236,457,428,344,111,1951,5,18,45,260,78,62,16,5,0,492,0,0,9,27,13,3,13,10,0,61
114,0,4,10,50,14,3,8,4,0,92,0,0,3,9,13,27,37,36,11,138,0,0,4,11,8,7,8,3,0,47,11,30,35,231,178,208,304,189,73,1247,195,478,431,963,556,694,668,590,365,4936,3897,8845,7360,16244,9816,12184,12922,7720,3093,82094,0,0,0,3,0,0,0,0,0,7,7494,16420,13600,25673,15014,17662,17820,9958,3428,127062,0,5,5,44,6,3,0,0,0,56,0,0,0,0,4,11,4,7,0,33,0,0,0,47,12,8,9,0,0,72,0,0,4,18,0,0,4,0,0,36,5,15,17,74,57,60,60,30,10,329,0,0,0,23,23,34,33,17,3,137,0,26,42,135,85,82,47,22,9,456,0,0,0,9,16,51,73,52,19,220,0,0,0,8,4,19,36,18,8,101,12,115,148,607,787,1636,2168,1700,580,7749,0,4,5,47,30,31,23,10,4,158,4,7,6,41,25,37,38,17,7,174
115,0,14,16,174,140,114,59,16,0,527,0,6,3,12,12,22,19,15,5,101,0,0,27,59,57,39,7,0,0,197,26,239,225,1004,646,599,443,280,133,3594,127,381,280,878,392,358,305,245,125,3097,7055,18946,16157,33716,19362,15885,12546,6844,3020,133529,0,6,13,233,135,115,65,23,7,590,13735,33057,27066,31542,19697,14942,11314,6897,2766,161016,0,28,25,329,147,118,75,9,0,733,0,0,0,32,40,43,12,11,5,132,4,17,24,136,37,33,10,8,7,262,0,4,4,28,40,22,13,0,4,116,5,43,48,139,80,60,41,14,4,432,3,6,15,64,92,85,70,42,6,379,44,676,505,6755,2272,2254,1824,487,219,15034,0,0,3,30,69,125,128,119,38,513,4,169,58,376,145,171,196,86,32,1233,29,409,554,1160,1372,1573,1320,946,381,7742,0,0,24,347,303,253,140,63,20,1147,0,8,10,70,39,38,20,3,6,190
116,0,18,32,289,157,137,105,16,3,767,0,0,0,13,5,14,9,3,0,42,6,14,33,107,39,23,3,3,0,235,49,524,784,2676,1357,1152,878,507,277,8198,703,1560,1254,3402,1096,832,703,449,321,10318,14713,29637,24475,64946,23831,19412,14402,6700,2770,200894,10,122,277,1360,441,351,191,56,13,2827,27855,47759,33284,45126,18706,13519,9196,4409,1405,201256,14,213,173,1832,496,347,141,22,0,3240,0,7,6,136,88,149,86,41,16,529,4,9,11,143,24,28,3,0,0,225,0,3,14,75,48,32,23,12,0,197,10,24,40,115,42,26,25,12,0,294,0,5,16,119,154,113,152,67,32,656,23,133,264,2703,996,1205,788,285,103,6509,0,0,6,96,99,193,234,203,62,891,9,118,222,536,239,317,348,203,53,2050,14,226,228,817,743,1063,929,627,216,4871,4,138,422,2694,1716,1436,787,358,58,7617,0,10,3,54,21,36,17,22,14,171
117,3,39,428,993,397,427,332,94,46,2752,0,5,7,110,31,30,13,13,0,203,0,0,10,53,7,11,6,0,0,96,44,218,697,5406,988,879,925,657,260,10085,272,448,1336,4257,883,723,556,378,192,9047,6556,9328,21216,74521,17551,13673,10113,5585,2297,160839,6,11,3,65,5,9,7,3,0,108,12397,16027,21873,64190,19113,13668,8400,3571,1222,160464,6,42,128,711,230,154,55,9,0,1331,0,0,4,133,26,52,43,27,5,292,9,38,221,2847,171,81,38,16,4,3415,0,0,48,119,25,40,33,14,0,287,24,23,77,932,194,128,70,15,4,1465,5,16,42,588,138,120,128,94,17,1149,53,240,5147,10639,1362,1783,1207,622,295,21349,0,6,3,99,58,78,75,112,41,466,0,7,14,131,39,80,152,143,64,628,63,209,828,7217,2227,1808,1017,499,134,14003,0,7,31,344,150,153,132,49,14,877,6,32,105,1472,188,82,48,24,16,1976
118,5,22,55,226,136,52,53,22,3,580,0,5,5,148,45,22,8,10,9,244,0,0,6,35,42,42,15,17,6,165,42,219,345,3829,1225,1064,1342,922,513,9496,252,511,682,2393,693,519,525,422,317,6316,6484,13156,14426,47101,17501,13750,11289,7641,3986,135328,0,0,0,11,8,4,4,0,0,26,12150,22452,20471,41465,18005,13882,9852,6018,2761,147059,3,9,37,152,55,45,18,4,0,325,0,0,0,59,24,31,29,15,0,162,10,34,255,2970,167,74,33,10,0,3544,0,3,14,21,19,11,10,0,3,89,12,51,59,648,211,137,59,35,12,1215,8,16,29,612,95,83,89,61,10,1006,10,205,912,2306,700,909,564,341,207,6157,0,0,3,57,31,41,66,87,35,321,0,8,13,66,38,78,198,239,102,741,133,661,905,8024,2652,1794,1182,868,291,16515,0,7,16,124,103,100,61,38,8,453,21,187,200,1615,348,142,112,51,34,2688
119,44,222,922,3887,2607,2465,1411,450,236,12244,0,0,6,17,8,9,8,17,7,72,0,3,17,62,27,20,12,0,0,140,98,751,925,5460,2397,2195,1864,1272,519,15488,876,1823,1855,5170,1839,1568,1277,912,662,15992,17677,34848,36456,89638,38350,35109,26240,16349,8839,303505,0,15,49,215,64,46,21,0,0,405,33695,60657,51943,71317,30096,21128,14067,8475,5062,296441,74,440,874,6375,1152,546,163,17,0,9647,0,5,14,284,147,249,124,67,36,926,13,84,179,2122,203,141,46,16,8,2808,0,6,42,132,124,132,98,31,16,579,9,19,42,221,94,57,21,19,3,488,3,31,33,340,242,235,249,149,17,1305,107,792,2533,15793,7353,10088,5970,2497,1534,46660,0,3,3,145,116,278,404,470,168,1587,27,220,225,1342,631,924,1026,695,295,5382,43,215,188,1343,942,1068,925,725,277,5720,3,48,141,1018,695,753,541,221,50,3471,3,14,25,234,89,69,43,22,15,522
120,5,55,311,887,500,382,295,100,42,2584,0,0,4,31,23,13,14,3,0,87,0,3,4,31,37,14,11,5,0,98,34,207,257,2342,841,802,736,529,254,5998,234,455,689,2272,658,565,493,440,455,6262,7583,15010,17481,52143,20774,17608,13458,7902,4294,156267,0,0,0,59,9,7,3,0,0,75,14387,25535,22656,45801,20338,15475,9991,4675,2003,160859,4,25,79,423,63,26,11,0,0,634,0,4,3,67,28,43,32,26,3,206,3,28,36,683,82,58,15,6,0,917,0,4,23,101,67,39,42,18,4,296,17,34,40,325,160,90,52,16,0,736,0,9,13,173,117,92,88,47,9,557,58,450,2096,10521,3144,4044,2321,940,600,24178,4,0,9,46,57,99,154,213,93,669,0,21,23,190,76,169,255,128,53,910,69,436,380,2480,1929,1541,1073,540,163,8607,5,6,29,267,163,181,109,73,18,849,6,12,33,348,100,72,55,16,9,644
121,4,30,73,521,296,143,111,27,9,1212,0,0,8,61,63,54,24,31,11,245,0,10,18,106,73,79,46,10,3,339,44,434,360,3202,1429,1005,852,597,336,8255,247,533,515,1865,733,587,594,561,598,6229,10490,26520,22663,62526,31910,25256,20721,13097,6679,219868,0,0,0,49,29,30,34,9,0,159,19883,42731,33961,50600,28291,23079,18284,12731,5873,235420,0,10,21,250,49,38,18,4,0,386,0,0,0,57,18,22,11,11,3,118,6,65,67,1174,187,50,23,4,5,1582,6,14,18,59,42,19,8,4,0,165,15,100,104,497,349,278,134,77,11,1561,0,9,23,184,101,98,71,58,13,559,146,1934,1966,13837,5171,4492,3488,1443,583,33060,0,4,3,60,57,132,158,148,83,650,4,33,12,131,38,80,148,131,74,640,151,1447,1721,4388,4170,3734,2618,2001,806,21027,4,11,19,221,150,129,114,79,16,739,9,82,78,655,205,119,91,68,23,1324
122,0,5,38,123,95,50,27,5,4,334,0,9,15,87,88,57,31,29,13,324,0,0,5,49,45,46,18,5,0,172,23,176,214,2182,992,703,563,386,196,5440,163,379,350,1083,541,434,369,422,356,4100,6930,16735,14375,33375,20634,16436,12706,8939,4499,134623,0,0,0,19,14,12,17,4,0,57,13386,30114,24431,36353,23519,19247,14632,9786,4412,175873,0,0,4,63,15,8,0,0,0,96,0,0,0,62,34,49,34,20,0,199,7,70,158,2345,307,74,24,8,0,3000,0,4,5,21,15,12,4,0,0,60,10,62,71,516,338,222,104,54,15,1390,3,12,10,180,67,54,31,45,4,401,8,99,224,1155,744,804,423,214,123,3780,0,0,0,79,51,155,183,180,64,717,0,3,7,30,15,46,103,107,36,346,113,1227,1384,5335,4524,3547,2349,1874,686,21036,0,0,10,87,57,69,56,32,3,319,15,86,110,664,279,112,60,36,9,1374
123,0,27,44,375,173,126,81,13,12,847,0,0,0,19,21,31,27,9,7,118,0,5,31,103,31,26,9,5,0,206,17,193,260,1467,966,905,691,353,120,4971,444,1030,798,2004,757,653,575,461,326,7038,10807,21623,18404,43693,18559,16806,12758,6100,2372,151122,0,3,39,209,68,48,30,11,4,410,20867,39030,30853,51669,21684,18212,13577,5878,1892,203669,22,254,366,3305,990,503,173,15,3,5635,0,7,5,131,77,71,38,15,3,333,0,0,3,87,13,14,5,0,0,129,0,12,26,236,118,72,72,20,8,558,5,19,24,95,56,33,20,3,0,252,0,8,15,207,232,269,217,148,21,1112,7,71,113,901,435,527,299,113,36,2507,0,8,9,93,50,166,167,141,23,664,9,53,70,333,144,176,173,76,20,1057,18,153,179,783,1050,1780,1747,1174,333,7216,4,54,132,1271,782,657,345,131,36,3406,0,3,7,31,33,25,24,12,4,143
124,0,18,29,205,91,45,28,11,0,422,0,0,0,14,21,35,42,24,8,150,0,6,21,62,35,17,3,4,0,147,15,142,241,1203,721,672,634,393,154,4181,440,1005,897,2293,904,729,718,660,561,8208,10601,21833,19868,46862,21612,20148,16254,8305,3370,168862,0,28,72,292,82,41,27,7,0,560,20873,40355,35131,65482,29608,25385,18881,8317,2752,246776,5,36,24,338,71,40,24,4,0,544,0,0,0,75,29,49,36,24,6,218,0,3,14,102,17,21,11,5,0,168,0,8,20,88,38,26,22,5,0,204,5,16,20,112,102,83,52,18,6,416,0,0,0,94,84,96,89,54,11,432,0,53,102,755,357,327,244,100,25,1956,0,0,5,47,74,184,172,137,34,657,0,30,60,198,98,142,180,74,20,806,18,172,266,1229,1593,2794,2629,1706,459,10861,5,30,102,621,332,323,191,66,16,1697,0,14,3,78,51,61,47,21,14,296
125,14,78,312,1525,1369,1485,1015,290,140,6220,0,0,0,4,11,6,8,9,3,40,0,4,39,110,31,20,7,0,0,209,101,694,847,3666,1511,1257,996,625,287,9986,837,1776,1673,5071,1414,1250,888,645,388,13934,15915,30113,28817,82183,27662,24695,17808,10057,4676,241931,36,426,1030,4042,1093,635,301,115,28,7696,29068,46287,34879,47946,16837,12296,9683,6195,2990,206180,16,99,172,1470,276,161,72,15,5,2288,0,0,10,207,115,178,118,60,18,696,3,19,37,301,53,39,13,8,0,472,0,3,31,214,198,157,122,60,22,799,8,34,36,171,56,47,27,14,0,390,3,14,22,212,141,155,186,113,23,868,95,843,2332,16548,5950,7053,3867,1647,752,39090,0,4,8,93,104,206,344,341,103,1208,11,138,85,514,122,218,251,151,55,1548,18,158,193,820,530,839,773,574,245,4153,6,40,137,1113,662,709,464,178,52,3363,0,11,18,125,27,32,25,12,3,257
126,10,20,148,404,185,149,87,34,12,1040,0,3,0,9,11,11,14,11,3,64,0,0,22,43,15,11,6,0,0,97,31,221,202,1466,521,486,395,282,184,3783,154,295,328,1170,322,301,253,236,197,3253,5327,11486,11335,32945,12897,11905,9222,5375,3173,103659,0,4,7,120,63,53,47,17,0,310,9781,18555,16031,21298,10632,8995,6507,4186,2579,98562,6,38,168,528,64,25,17,4,0,846,0,0,0,34,22,25,21,7,3,111,3,22,27,371,48,15,5,0,0,496,0,0,9,37,28,15,13,4,0,113,6,14,26,164,66,45,49,15,3,391,0,0,3,66,47,36,48,30,3,240,70,869,1579,12013,3280,3699,2618,977,535,25648,0,0,0,37,38,73,89,80,31,346,6,38,12,153,51,88,87,81,44,567,27,200,266,859,768,765,619,423,169,4093,0,8,12,145,118,114,82,47,16,536,0,21,23,161,45,29,16,11,8,310
127,45,421,1230,6948,5453,4433,2634,820,453,22450,0,3,0,8,7,7,15,4,3,46,0,7,83,156,66,25,4,9,0,351,105,911,1187,4480,2947,3079,2525,1240,489,16960,791,1659,1466,3712,1398,1250,952,575,300,12108,15534,32407,31513,68518,30555,27572,19334,9739,4325,239498,12,15,69,398,97,73,23,3,0,696,29689,53517,45246,54524,16973,12487,7037,3741,1401,224620,6,68,102,1241,258,149,74,18,0,1916,0,11,37,797,436,610,377,173,45,2498,0,3,5,124,27,27,20,4,0,210,24,142,423,2761,2024,2099,1383,531,208,9600,3,19,49,101,45,22,15,0,0,251,0,14,51,448,534,659,631,352,76,2775,16,130,232,2052,1158,1516,1007,461,405,6977,0,9,12,566,406,705,885,661,256,3493,16,194,167,752,316,389,298,196,71,2407,14,164,139,482,438,713,606,412,177,3140,11,138,366,3173,1880,1927,958,362,74,8889,0,3,21,87,38,36,23,12,12,235
128,0,5,20,121,90,60,39,13,0,353,0,4,4,37,25,19,21,20,4,133,0,0,3,22,13,6,6,0,0,60,12,103,134,1180,623,533,430,301,98,3414,157,297,251,866,394,288,341,363,230,3180,6477,14002,13063,29313,16407,14640,11948,7521,3988,117352,0,0,0,7,0,0,0,0,0,7,12749,26982,24446,42196,23373,20048,15641,8993,4452,178874,0,0,10,60,20,12,6,0,0,109,0,0,3,61,42,59,38,19,5,232,7,24,26,539,68,34,20,12,0,721,0,5,8,36,12,18,15,6,0,100,13,15,24,225,115,76,40,18,0,531,0,7,8,95,93,73,66,46,3,397,4,83,125,1274,544,764,489,154,76,3509,0,0,0,45,42,94,104,110,31,426,3,16,23,161,104,178,251,160,47,942,53,360,364,1853,1459,1538,1223,1031,398,8278,0,8,5,101,93,91,59,26,9,394,3,19,11,127,60,44,23,18,10,314
197,0,0,0,0,0,0,0,0,0,0,0,0,0,0,0,0,0,0,0,0,0,0,0,0,0,0,0,0,0,0,0,0,0,0,0,0,0,0,0,0,0,0,0,0,0,0,0,0,0,0,0,0,0,0,0,0,0,0,0,0,0,0,0,0,0,0,0,0,0,0,0,0,0,0,0,0,0,0,0,0,0,0,0,0,0,0,0,0,0,0,0,0,0,0,0,0,0,0,0,0,0,0,0,0,0,0,0,0,0,0,0,0,0,0,0,0,0,0,0,0,0,0,0,0,0,0,0,0,0,0,0,0,0,0,0,0,0,0,0,0,0,0,0,0,0,0,0,0,0,0,0,0,0,0,0,0,0,0,0,0,0,0,0,0,0,0,0,0,0,0,0,0,0,0,0,0,0,0,0,0,0,0,0,0,0,0,0,0,0,0,0,0,0,0,0,0,0,0,0,0
199,0,0,3,9,4,0,0,0,0,18,0,0,0,0,0,0,0,0,0,3,0,0,0,0,0,0,0,0,0,7,4,8,16,62,19,11,8,5,0,133,92,183,205,568,186,144,55,21,4,1460,203,412,703,1772,666,698,404,104,32,4997,0,0,0,7,0,0,0,0,0,7,266,402,764,1804,880,940,674,162,30,5912,0,0,0,7,0,0,0,0,0,6,0,0,0,0,0,0,0,0,0,0,0,0,4,10,0,3,0,0,0,21,0,0,0,0,0,3,0,0,0,5,0,0,7,13,3,6,0,0,0,26,0,0,0,9,0,0,0,0,0,17,0,4,4,49,12,12,5,0,0,86,0,0,0,0,0,0,3,0,0,8,0,0,7,5,5,0,0,0,0,13,3,3,20,94,28,86,53,19,0,318,0,0,3,12,7,0,3,0,0,23,0,0,9,31,9,4,0,0,0,56
201,0,0,24,78,10,9,4,4,0,133,0,0,0,7,6,17,16,10,0,66,0,0,4,27,13,6,5,3,5,64,8,36,47,277,151,131,161,100,53,976,218,502,530,1172,677,650,686,503,264,5205,4634,10513,9628,21184,11587,11909,10869,5865,2696,88886,0,0,4,12,4,3,0,0,0,19,8796,19871,17270,33340,18577,18644,16073,8221,3190,143983,0,8,12,62,15,0,6,0,0,95,0,0,0,8,0,12,10,3,3,42,0,3,0,40,8,3,0,0,0,55,0,6,9,13,9,3,0,0,0,37,0,3,10,70,39,53,40,8,0,232,0,4,0,8,14,9,7,8,0,49,0,47,65,385,96,83,60,13,0,749,0,0,0,3,22,37,62,58,21,196,0,0,18,14,4,6,15,10,0,67,16,150,122,495,599,1029,1239,781,254,4684,0,7,6,35,23,16,16,9,0,99,0,11,9,32,13,15,17,3,0,100
202,0,4,12,57,19,6,0,0,0,104,0,0,0,9,14,7,22,6,0,61,0,3,5,22,5,8,4,0,0,39,8,43,44,193,109,90,116,86,22,725,208,516,472,1154,663,726,633,511,330,5215,4467,10116,9002,20374,11037,11797,10588,5839,2737,85960,0,8,17,51,9,6,0,0,0,87,8609,18972,15882,31838,17439,18390,16545,8557,3510,139745,0,7,7,41,5,9,0,0,0,69,0,0,0,3,6,5,3,0,0,17,0,9,0,33,11,0,0,0,0,57,0,6,3,19,6,0,0,0,0,37,4,9,9,80,47,20,24,10,0,204,0,0,0,7,6,8,3,0,0,19,5,8,45,220,66,51,26,13,0,431,0,0,0,9,7,24,27,28,4,98,0,7,7,38,10,15,12,12,4,98,6,114,115,448,598,919,983,660,200,4037,0,0,9,24,15,10,3,0,0,65,0,6,9,56,17,10,24,3,0,120
203,3,11,42,178,80,47,17,5,3,386,0,5,7,22,26,46,44,27,8,179,0,0,11,55,18,14,13,3,0,114,20,138,185,837,397,466,459,407,185,3091,294,838,801,1943,932,936,1030,740,356,7866,9204,19515,18497,43764,21052,20919,19209,10747,4904,167815,0,50,124,302,90,28,16,3,0,611,18019,36146,32130,65258,32194,30230,26001,12893,5066,257934,0,9,15,116,18,7,0,0,0,172,0,0,4,138,63,144,76,59,10,499,0,7,6,123,21,8,0,0,0,168,0,4,4,27,11,19,6,3,0,73,10,41,35,249,117,63,43,13,9,577,0,0,0,42,23,15,15,3,0,98,12,117,197,802,228,180,146,52,7,1748,0,8,11,120,123,275,359,362,148,1390,8,29,17,70,11,28,41,31,6,245,35,366,482,1563,1429,2234,2372,1631,623,10742,0,4,15,87,40,27,18,0,3,193,6,16,21,126,48,35,13,13,9,293
204,9,22,16,81,12,6,3,0,0,152,0,0,5,8,10,12,9,10,3,60,0,4,6,28,5,10,4,0,0,56,5,77,78,277,160,169,203,162,72,1202,215,665,604,1387,845,980,834,628,354,6516,4662,10877,9160,20609,12199,13837,12421,6958,3050,93770,0,0,3,10,0,0,0,0,0,13,8805,20084,16891,32790,19368,21674,19355,9698,3523,152185,0,0,4,25,9,4,5,0,0,40,0,0,0,6,4,5,9,8,0,30,0,0,0,28,5,0,0,3,0,43,0,16,7,32,7,4,0,0,0,69,0,14,13,92,38,43,35,11,0,258,0,0,0,12,9,4,8,6,0,38,3,29,102,172,57,43,30,6,3,442,0,0,0,6,11,53,44,68,22,200,0,5,3,13,0,0,12,9,0,50,10,70,129,489,558,1090,1181,886,279,4689,0,0,5,36,19,21,5,4,0,94,0,0,13,52,12,27,34,9,0,139
205,3,9,16,139,52,33,15,0,0,267,0,4,3,10,18,36,34,27,5,137,0,8,7,30,18,20,14,3,0,101,5,66,76,397,207,312,328,245,90,1728,453,1165,937,2535,1331,1638,1655,1097,559,11366,7683,17087,14464,33539,18848,23021,21864,11790,4716,153015,0,0,0,8,0,0,0,0,0,12,14593,31973,26325,52742,29253,34357,31305,15144,5099,240797,0,0,0,48,7,3,6,0,0,64,0,0,0,14,7,22,12,14,4,70,0,3,3,31,7,4,5,0,0,55,3,3,5,43,10,9,4,0,0,79,12,15,14,108,58,87,59,24,3,381,0,4,0,24,28,41,29,21,0,142,0,27,33,295,114,115,51,22,8,674,0,0,0,14,31,41,66,73,22,237,0,3,6,32,4,16,48,14,9,135,15,135,177,794,999,2369,3107,2205,701,10498,0,5,11,71,38,32,21,5,0,184,0,7,3,46,17,31,24,18,6,150
206,9,83,763,1682,878,776,554,206,104,5062,5,0,10,122,38,28,29,10,3,246,0,3,45,162,37,25,10,0,0,282,97,393,1306,8597,1652,1198,1122,841,460,15668,498,895,2248,7202,1733,1412,1103,759,477,16334,12015,21006,42905,135308,36623,29097,21595,12443,6077,317072,6,13,37,156,21,16,10,4,0,263,22087,35825,49514,139001,46143,35222,22148,9448,3360,362743,0,15,115,414,31,18,13,3,0,598,3,0,7,267,61,67,57,35,18,515,7,37,145,1794,137,38,22,12,0,2193,5,5,111,155,53,47,42,16,9,437,29,83,133,1445,331,174,96,34,3,2328,9,26,40,847,132,103,72,47,6,1286,46,473,7012,11608,1733,1673,1043,542,377,24507,0,3,3,184,107,194,183,153,71,895,4,31,54,299,75,158,216,158,75,1070,149,604,1377,9374,3102,2814,1912,982,298,20619,0,0,37,293,100,92,55,22,4,603,18,76,174,1739,236,140,113,45,20,2548
207,4,52,279,773,596,512,361,111,38,2734,0,3,3,16,15,29,15,14,6,108,0,4,18,73,22,29,18,5,0,174,35,255,331,1539,722,624,630,582,318,5025,192,428,692,1603,723,589,627,594,510,5965,7705,21028,24659,49587,26853,23503,19137,13688,7512,193669,0,0,7,50,8,16,11,0,0,94,14530,34212,35996,43009,27688,23694,16710,11962,6217,214019,4,28,43,177,41,16,20,4,0,323,0,0,3,49,28,42,19,22,6,167,3,18,14,163,56,26,15,4,0,295,0,4,51,83,83,71,64,34,11,408,12,59,61,242,157,107,52,18,11,717,0,7,6,88,41,45,34,15,7,242,200,2487,4461,17213,6135,5744,3542,1293,639,41719,0,0,3,42,52,88,112,164,81,546,3,71,63,260,93,208,203,184,76,1157,59,586,680,1444,1311,1486,1289,1133,479,8477,0,5,12,130,102,111,79,42,14,493,3,41,45,186,103,74,43,29,14,541
208,3,51,136,546,302,159,117,22,7,1344,0,10,10,58,44,31,33,21,4,210,0,0,10,83,46,35,26,8,3,217,62,457,510,3340,1946,1680,1752,1144,627,11516,256,660,560,1858,839,697,826,668,503,6864,10453,25271,24315,57201,32552,26501,21564,13521,7908,219288,0,5,9,71,10,12,5,3,0,119,19963,43959,39241,62957,39764,31592,22404,12174,6523,278589,0,6,23,167,32,27,18,0,0,272,0,7,11,176,69,98,53,19,12,444,4,43,53,458,114,41,23,0,0,750,0,4,21,131,97,80,44,15,9,403,7,99,68,445,267,163,88,30,8,1174,0,21,9,170,135,77,54,35,7,513,47,855,1688,6022,2024,1868,945,368,157,13969,0,4,6,108,80,148,160,172,52,723,4,7,22,91,71,150,246,190,90,876,108,1192,1204,3701,3283,2826,2323,1693,690,17017,0,9,13,142,104,111,53,16,6,444,14,105,106,474,229,114,161,49,40,1298
209,15,77,247,1415,821,661,364,110,45,3760,0,4,8,24,26,26,26,14,14,140,4,7,62,193,74,33,11,0,0,395,74,538,720,3425,1364,1273,1031,583,255,9257,511,1159,1025,3034,1237,1098,1044,823,597,10530,16592,33583,30493,82006,36074,30997,23962,13627,6438,273777,0,23,45,212,67,50,27,4,0,427,32512,60073,49324,93583,46122,34841,22414,10643,4124,353639,3,50,56,496,82,37,15,3,0,746,0,4,6,206,112,177,104,65,21,691,0,17,28,267,46,37,11,3,0,410,0,9,32,150,98,101,65,11,0,461,15,53,38,332,161,87,45,11,0,747,0,12,7,142,113,76,54,38,11,463,33,323,962,5398,1620,1787,1060,313,153,11642,0,4,4,112,153,324,346,340,107,1386,0,56,96,380,161,254,371,203,70,1582,55,503,670,2317,1894,2173,1655,1147,413,10816,0,27,55,432,230,198,127,44,8,1119,0,12,23,202,103,77,47,23,8,495
210,5,47,79,684,454,420,234,72,59,2058,0,0,0,24,15,13,17,7,11,83,0,0,13,94,28,13,9,0,0,168,70,683,771,3110,1389,1218,938,627,284,9094,588,1326,1006,3112,1243,951,811,640,348,10012,14588,28145,24770,65087,26741,22592,16667,10075,4717,213385,0,37,94,284,65,38,10,8,0,540,28084,47356,37471,66680,29279,22818,13562,6648,2753,254652,0,67,81,529,145,81,53,9,3,960,0,0,5,171,62,143,76,43,18,532,0,16,10,176,30,16,13,0,6,258,4,4,10,52,18,16,8,4,0,126,9,44,41,185,84,67,30,13,0,461,0,5,11,94,103,90,68,54,6,437,7,74,176,1126,456,502,294,112,45,2790,0,0,5,88,116,284,380,417,119,1420,6,102,82,409,158,270,356,280,123,1786,20,226,267,1219,950,1341,1147,804,269,6251,6,22,96,554,294,262,148,55,10,1438,0,0,6,87,37,56,29,23,6,240
211,3,38,69,539,399,370,262,64,39,1782,0,3,0,22,32,60,47,33,22,222,0,6,16,81,42,45,21,4,0,208,24,168,304,1375,846,910,844,700,396,5573,335,792,761,2066,981,982,913,834,525,8184,14011,30641,29100,69083,36762,33787,27731,16357,7282,264753,0,4,14,147,68,64,27,7,3,333,27595,56177,50211,86825,47746,41162,30407,16545,6103,362762,0,0,14,139,51,47,16,0,0,268,0,3,0,78,35,69,36,16,3,238,5,10,8,123,31,20,5,8,0,200,4,8,29,264,287,270,190,73,12,1138,3,36,45,262,178,119,76,38,8,770,0,3,6,69,112,96,79,50,7,425,60,950,1397,10209,3039,2773,1974,626,263,21288,0,0,4,58,59,137,173,164,52,644,0,40,58,191,99,171,215,167,40,982,46,372,707,2210,2752,4417,4090,3179,1268,19057,0,4,25,162,142,135,90,39,12,605,0,18,25,154,64,64,62,41,16,435
212,27,239,749,3988,2592,2232,1367,389,194,11769,0,4,10,48,25,56,41,37,17,234,9,29,92,317,106,35,23,0,0,610,94,676,1467,5353,2909,2863,2242,1413,665,17685,1104,2270,2206,5766,2084,1760,1510,1156,748,18606,27442,55671,53753,130450,53359,44674,34490,20783,9768,430395,112,1518,3509,10282,2810,1271,497,159,38,20193,52152,90940,68617,101060,45393,34912,24405,14217,6184,437878,8,176,232,1276,314,177,101,12,0,2297,0,16,79,998,548,726,395,206,39,3018,0,15,33,228,43,49,15,3,0,393,42,345,1226,4681,2354,1863,1240,457,133,12331,15,75,88,261,154,80,52,22,3,751,0,8,37,381,466,416,443,263,48,2081,134,1579,3698,15385,5134,4814,3027,1102,506,35382,0,0,18,421,279,602,649,500,173,2644,9,161,311,654,279,384,474,364,126,2764,47,608,1036,2437,2604,3673,3290,2670,1061,17433,5,63,199,1339,769,690,303,131,34,3544,0,5,35,194,99,81,53,36,33,551
213,63,404,1307,8206,5165,3962,2197,621,278,22212,0,3,13,51,39,50,23,22,15,210,0,15,61,293,85,30,15,4,0,490,147,1108,2041,8621,3866,2973,2250,1308,535,22845,1402,2974,2371,7387,2297,1771,1440,980,614,21236,30538,59072,48190,143832,52192,41202,30017,14698,6447,426189,9,77,177,803,184,102,44,7,5,1398,57471,95455,64861,116914,49210,34872,20602,8362,3148,450888,20,289,294,2731,561,172,89,17,0,4174,0,4,37,857,476,626,393,201,47,2644,9,33,51,521,113,34,13,6,0,783,3,13,31,222,189,171,129,42,23,812,25,64,57,415,156,108,34,21,3,882,10,29,46,465,471,433,453,219,18,2138,51,440,839,6376,1854,1880,1288,330,152,13206,0,12,14,393,423,946,1032,981,294,4099,21,193,388,686,285,398,466,235,85,2754,72,664,769,3178,2436,2935,2322,1461,504,14331,6,79,173,1201,606,438,253,83,15,2851,6,19,28,281,97,88,55,26,10,610
214,0,5,19,135,43,35,14,3,0,261,0,8,9,45,52,54,51,44,8,269,0,0,12,36,29,20,13,4,0,116,15,93,158,841,527,516,567,377,157,3241,328,837,781,1883,1068,1028,1051,905,497,8364,8053,17917,15738,36740,21605,20994,19666,12419,5380,158508,0,0,4,65,26,47,16,5,0,164,15669,33221,28005,54827,30018,27480,23970,13636,5154,231982,0,0,6,30,12,4,6,0,0,56,0,0,3,75,41,81,43,23,3,266,6,9,0,88,26,6,5,0,5,144,7,9,21,67,27,17,13,5,0,160,8,38,27,220,112,103,87,23,11,629,0,0,8,62,73,59,56,28,7,294,4,86,177,512,290,227,159,52,15,1522,0,0,4,58,59,123,144,125,42,550,0,3,19,40,11,44,126,80,25,348,36,533,983,2249,2884,3909,3844,3191,1290,18916,0,3,24,114,90,66,32,22,8,360,4,12,14,108,51,53,56,29,16,345
215,0,26,24,186,48,80,32,7,0,400,0,0,0,5,0,3,5,7,0,23,0,6,0,14,7,7,6,0,0,47,5,45,32,259,126,112,94,58,34,763,225,632,557,1368,738,833,741,593,401,6084,4253,8955,7712,18088,9593,10947,9415,5917,3033,77914,0,23,78,133,60,49,21,3,0,369,7912,16412,13850,26345,15079,17968,15388,8694,3760,125410,0,3,6,44,5,3,3,0,0,66,0,0,0,5,0,4,0,0,0,15,0,0,0,13,6,0,0,0,0,24,0,6,9,51,15,20,11,7,0,120,3,7,8,29,15,25,12,9,0,103,0,0,0,21,3,4,0,0,0,28,0,17,37,265,65,44,25,7,0,481,0,0,0,4,0,12,24,29,26,107,0,4,6,16,3,4,9,3,0,43,5,36,44,216,219,493,570,400,126,2104,0,3,11,58,39,25,18,4,0,162,0,0,5,29,6,13,6,4,0,61
216,0,8,0,53,16,6,4,0,0,79,0,0,0,5,7,6,8,8,0,31,0,0,0,16,12,4,0,0,0,30,18,82,115,352,111,105,103,69,27,990,213,543,449,1193,582,697,680,537,303,5204,3613,8415,7173,15894,8627,9453,8547,5183,2383,69282,3,56,150,310,139,70,22,5,0,743,6929,15203,12622,22144,13688,14981,13104,7527,2905,109099,0,4,0,34,5,3,3,0,0,53,0,0,0,0,0,3,0,0,0,11,0,0,0,18,0,3,0,0,0,24,5,4,7,17,8,3,3,0,0,37,5,7,6,25,14,13,16,3,0,92,0,0,0,15,4,0,0,0,0,19,0,6,20,208,54,44,28,9,0,367,0,0,0,10,8,16,24,31,0,84,0,18,13,26,3,0,10,9,5,74,5,36,51,211,216,471,593,464,142,2197,3,10,11,58,23,15,6,0,0,135,0,0,0,26,12,12,10,3,0,61
217,0,9,9,47,6,5,0,0,3,88,0,0,0,5,3,5,10,4,0,29,0,4,0,19,4,8,3,0,0,37,0,28,26,166,70,87,53,43,22,493,146,427,363,893,491,653,594,446,269,4294,3128,7403,6379,14154,8374,9634,8560,4906,2384,64926,0,4,3,22,3,0,0,0,0,33,6039,13957,11865,22459,13774,15668,13972,7361,2998,108095,0,0,0,19,3,0,0,0,0,24,0,0,0,0,0,0,0,0,0,3,0,3,0,10,3,0,0,0,0,23,0,3,0,8,3,0,0,0,0,23,0,3,13,43,12,22,10,6,3,121,0,0,0,4,3,0,3,5,0,16,4,50,51,268,52,37,18,8,0,482,0,0,0,0,0,6,7,9,3,27,0,4,7,16,4,10,10,0,3,50,3,58,63,244,271,558,701,479,141,2531,0,0,5,24,10,7,3,0,0,44,0,3,5,27,14,11,8,3,0,70
297,0,0,0,0,0,0,0,0,0,0,0,0,0,0,0,0,0,0,0,0,0,0,0,0,0,0,0,0,0,0,0,0,0,0,0,0,0,0,0,0,0,0,0,0,0,3,0,0,0,3,0,0,0,0,0,6,0,0,0,6,0,0,0,0,0,0,0,0,0,0,0,0,0,0,0,0,0,0,0,9,0,0,0,0,0,0,0,0,0,0,0,0,0,0,0,0,0,0,0,0,0,0,0,0,0,0,0,0,0,0,0,0,0,0,0,0,0,0,0,0,0,0,0,0,0,0,0,0,0,0,0,0,0,0,0,0,0,0,0,0,0,0,0,0,0,0,0,0,0,0,0,0,0,0,0,0,0,0,0,0,0,0,0,0,0,0,0,0,0,0,0,0,0,0,0,0,0,0,0,0,0,0,0,0,0,0,0,0,0,0,0,0,0,0,0,0,0,0,0,0
299,0,0,5,7,3,0,0,0,0,16,0,0,0,0,0,0,0,0,0,0,0,0,0,0,0,0,0,0,0,0,0,9,26,53,15,9,4,0,0,120,64,147,167,608,169,104,55,13,7,1339,189,361,556,1604,479,429,224,58,19,3915,0,0,4,6,0,0,0,0,0,8,251,367,607,1490,623,532,330,73,13,4283,0,0,0,0,0,0,0,0,0,0,0,0,0,0,0,0,0,0,0,0,0,0,0,3,4,0,0,0,0,7,0,0,0,0,0,0,0,0,0,6,0,0,0,14,0,3,5,0,0,21,0,0,4,5,3,0,0,0,0,18,0,0,10,22,11,4,6,0,0,57,0,0,0,0,0,4,3,0,0,12,0,0,6,0,0,0,3,0,0,5,3,6,7,52,21,42,20,15,0,170,0,0,0,4,0,0,0,0,0,4,0,0,0,8,0,0,0,0,0,12
301,0,5,15,108,69,52,26,3,6,293,0,13,16,40,39,34,26,28,8,204,0,7,8,67,61,62,29,9,3,249,12,102,127,758,456,416,407,195,132,2608,166,408,346,926,501,527,495,381,267,4017,6365,15175,12968,29492,17719,16354,13680,7626,3314,122696,0,0,0,18,6,4,3,3,0,28,12505,27890,22435,39976,22375,20633,17375,9064,3381,175644,0,0,0,9,6,5,0,0,0,15,0,0,0,38,29,28,22,10,0,123,0,10,25,178,40,10,5,3,0,267,0,0,5,13,9,10,3,0,0,42,11,37,40,170,102,87,79,22,11,567,0,3,5,31,20,10,14,13,0,109,13,84,79,577,242,185,111,55,14,1363,0,0,5,39,27,45,38,45,16,210,0,10,6,20,3,14,24,22,0,102,48,580,1039,2168,2485,2842,2335,1793,577,13860,0,10,25,255,129,156,98,33,11,713,4,27,16,127,50,58,38,30,4,347
302,0,13,27,131,75,55,27,18,4,353,0,0,3,29,18,12,18,14,5,104,0,3,23,82,38,23,13,4,0,192,18,149,209,1307,420,330,210,146,55,2849,162,297,408,1154,384,331,330,343,410,3812,6554,12891,13087,35210,15056,12419,9799,6596,3686,115298,0,12,10,53,21,22,8,9,3,133,12841,23079,20300,43152,19518,16154,12552,7982,3868,159442,3,12,26,79,22,24,8,4,0,170,0,0,0,43,14,42,14,6,0,125,4,23,37,422,42,15,8,9,0,557,0,4,4,17,3,9,3,0,0,45,7,35,42,238,92,51,44,18,3,525,0,4,8,41,20,20,13,5,0,121,5,65,173,894,288,302,222,75,53,2066,0,0,0,22,15,19,26,21,11,110,0,12,13,30,5,16,11,14,4,109,23,371,493,1689,1250,1225,956,749,286,7054,0,20,75,469,258,259,177,82,13,1363,4,19,14,135,39,40,33,13,9,310
303,4,43,214,844,563,455,321,106,44,2607,0,3,13,34,17,21,25,19,3,131,0,4,54,185,85,63,36,7,5,444,55,417,763,3018,1081,913,690,382,147,7473,307,670,826,2167,667,586,459,401,384,6475,10691,22598,24632,61310,23576,19099,14265,8254,4184,188606,4,73,172,608,151,71,25,5,7,1117,20489,37913,33658,55442,24296,19110,13782,8541,3927,217162,7,63,48,327,92,56,30,4,0,637,0,11,27,347,194,242,181,60,13,1060,3,18,57,612,64,18,10,8,0,789,3,0,21,104,93,84,57,18,9,399,17,65,82,415,166,80,42,17,7,894,0,12,14,126,49,44,56,29,6,349,95,859,2312,10945,2504,2498,1796,609,232,21849,0,0,7,109,55,124,126,93,28,548,3,51,49,144,42,58,62,26,24,458,44,455,781,2033,1462,1480,1211,867,346,8691,4,20,91,719,420,405,273,102,26,2056,7,26,44,237,60,59,30,16,7,483
304,6,31,63,277,219,133,110,25,17,885,0,11,9,22,39,19,14,24,3,139,0,3,8,95,81,88,41,16,9,338,30,227,274,1148,490,375,294,155,76,3066,79,201,303,639,242,210,203,211,180,2265,4591,12898,13612,24978,13836,10307,8715,5124,2527,96586,0,4,7,25,9,3,0,0,0,49,8996,22096,21210,28490,15891,11801,10127,6165,2597,127375,7,32,16,213,42,27,7,4,0,344,0,0,0,27,12,16,10,5,0,63,5,32,38,309,65,33,13,4,0,481,0,0,3,16,6,10,10,0,0,45,13,89,74,275,157,97,63,31,3,802,6,27,18,87,40,22,14,11,0,229,21,397,617,2091,552,376,291,105,45,4493,0,0,0,20,15,30,12,15,8,95,0,43,20,61,12,4,19,10,0,180,72,666,948,1602,1749,1608,1149,884,325,9002,0,4,36,157,131,110,87,33,6,570,8,33,37,161,98,50,41,15,0,446
305,9,47,200,398,171,93,71,25,8,1016,3,7,19,61,26,24,9,10,4,176,0,0,35,103,54,35,17,0,0,242,66,269,667,3789,631,408,263,149,53,6290,181,379,1184,2874,695,572,413,290,191,6766,5991,13066,24415,55159,18947,13863,9229,4712,2206,147592,3,0,14,57,8,0,3,5,0,96,11028,21598,32326,61591,24771,18392,12038,5688,2174,189603,3,22,28,155,28,8,5,0,0,255,0,0,4,103,38,24,9,12,8,193,0,55,177,1971,133,37,17,5,0,2400,0,13,14,41,12,13,3,3,0,95,34,88,122,805,223,146,67,19,5,1503,6,15,32,282,47,29,13,9,0,431,29,233,2288,2977,600,358,253,97,45,6882,0,0,0,45,19,27,29,20,15,146,0,18,17,112,13,10,21,14,0,210,99,651,1231,3786,2018,1940,1093,607,164,11587,0,8,51,224,108,78,56,29,3,564,6,59,93,626,106,78,39,20,6,1035
306,0,19,24,132,62,22,14,3,0,284,0,3,3,39,20,32,21,11,4,134,0,3,23,56,39,38,25,9,0,183,16,113,185,1249,546,473,374,231,66,3246,490,1233,1270,3301,1454,1353,1073,614,326,11118,6562,16229,13544,33325,17999,17260,13429,6814,2569,127735,0,6,3,10,0,0,0,0,0,20,12186,28832,21998,40814,23465,23032,18020,8448,2646,179461,0,0,5,24,6,3,0,0,0,39,0,0,0,9,6,9,8,3,3,36,0,3,10,185,24,16,3,4,0,242,0,3,5,33,19,3,6,0,0,69,8,25,33,256,115,111,110,48,4,708,0,0,5,171,12,12,4,7,0,217,4,49,59,426,180,147,79,32,17,998,0,0,0,5,15,25,48,50,29,171,8,0,17,19,3,16,16,13,10,95,12,202,298,1569,1425,2170,1927,1251,311,9170,0,13,35,121,79,68,40,19,4,393,0,18,33,259,67,67,57,25,12,528
307,0,3,0,21,3,8,0,0,0,37,0,0,0,6,3,9,6,4,0,20,0,0,4,19,13,14,14,5,0,71,0,11,29,175,60,93,67,47,16,500,242,692,599,1364,732,787,657,515,259,5843,3572,8624,6670,14483,8361,8886,7452,4458,1756,64264,0,0,0,3,0,0,0,0,0,5,6846,15793,12014,22117,13277,14272,12331,6722,2298,105677,0,0,0,4,0,0,0,0,0,7,0,0,0,6,0,0,0,0,0,5,0,6,35,73,40,4,0,0,0,158,0,0,0,8,0,4,0,0,0,12,0,3,5,41,16,26,25,7,4,133,0,3,5,29,6,9,4,3,0,63,0,0,5,57,25,18,11,4,0,122,0,0,0,0,0,4,6,11,5,34,0,0,0,3,0,0,3,0,0,13,3,12,43,201,224,488,597,455,88,2120,0,7,9,36,26,26,18,0,0,121,0,0,16,35,4,12,7,7,0,77
308,0,8,40,124,44,19,10,0,0,249,0,0,5,16,7,16,9,5,0,57,0,9,18,77,47,21,18,3,0,194,7,37,48,330,157,150,120,59,25,943,373,990,947,2192,1070,1025,746,540,289,8171,6922,16194,13129,29593,14651,14486,10048,5618,2180,112823,0,9,11,22,12,0,0,0,0,46,13210,29649,22983,45562,22395,23089,16390,8261,2772,184311,3,6,8,80,22,13,3,0,0,136,0,4,0,4,7,0,0,0,0,18,0,9,43,102,61,12,0,0,0,230,0,10,0,11,11,0,0,0,0,32,8,32,16,144,49,40,27,9,6,320,0,0,0,15,3,6,4,0,0,29,6,66,49,457,96,50,31,11,3,768,0,3,0,10,7,14,13,10,7,53,0,12,4,26,5,3,9,0,0,63,5,119,140,548,639,1025,807,586,169,4044,3,8,25,119,68,52,24,10,0,306,0,4,6,38,16,26,16,13,4,125
309,4,38,104,395,161,73,49,12,6,838,0,23,38,135,92,85,97,71,22,556,0,4,48,210,114,94,64,21,5,551,55,367,681,3687,1525,1354,1206,744,321,9940,777,1802,2133,5469,2262,2009,1783,1367,877,18475,16518,38195,38852,90656,44722,39655,33817,19327,7881,329627,0,5,18,63,32,19,0,0,0,144,31738,66500,57098,102029,51552,43967,37834,20700,7159,418579,0,17,33,192,66,25,6,7,0,353,0,3,9,312,165,233,143,60,9,938,15,113,359,3711,265,74,53,16,0,4608,5,13,27,67,40,42,15,3,4,222,28,124,175,1049,359,261,217,83,23,2314,3,10,32,373,108,80,62,52,9,724,46,540,891,4008,1278,1150,611,218,83,8813,0,4,4,108,86,178,231,226,73,917,8,31,32,102,64,98,170,124,49,678,109,1199,2313,5947,5241,6059,5400,4153,1484,31905,0,21,66,391,229,196,137,66,25,1134,10,44,59,508,147,144,137,93,34,1177
310,19,151,346,1863,1160,902,540,169,82,5227,0,0,16,32,34,26,34,28,3,169,0,7,38,155,68,43,20,3,6,338,53,524,918,2552,959,642,458,252,82,6435,553,1392,1211,2822,1066,942,760,553,274,9584,12418,26636,23446,53565,23317,19968,14458,7809,2874,184504,9,35,82,200,55,23,3,4,0,411,24045,46714,36206,67906,28651,24983,18227,9145,3011,258897,0,40,77,324,88,16,14,0,0,570,0,0,4,59,37,40,16,14,6,175,0,18,52,223,70,20,8,0,0,393,0,0,14,39,25,14,15,0,0,114,9,28,30,145,76,61,38,21,4,408,0,5,13,63,87,73,54,27,0,331,10,80,151,684,283,190,117,35,19,1574,0,0,0,30,23,50,30,27,10,181,8,21,84,33,15,0,8,11,0,167,30,312,535,1509,1717,2590,1898,1481,442,10512,5,39,125,665,332,253,145,59,14,1629,4,5,17,73,44,51,32,29,4,250
311,0,19,50,331,174,110,53,14,6,767,0,4,4,25,32,37,32,8,4,148,3,7,35,128,73,60,26,11,0,350,49,388,735,2164,1050,935,735,373,139,6568,796,1714,1494,3522,1302,906,820,558,292,11405,12623,26622,23146,51287,22783,19586,15658,7719,2756,182174,21,206,370,1334,293,101,41,13,3,2380,23471,45403,34527,59481,26375,21590,17353,8071,2354,238629,0,16,8,126,30,13,10,0,0,206,0,0,20,247,108,170,72,24,3,655,4,7,33,173,55,18,8,5,0,294,7,44,70,328,257,190,126,53,15,1093,8,33,32,148,83,61,41,20,6,429,0,3,3,41,27,39,29,10,3,153,11,87,174,1013,338,320,185,86,51,2259,0,0,0,76,66,130,102,94,21,488,0,16,18,54,32,23,36,22,3,207,31,177,467,1522,1774,2833,2565,1934,587,11874,4,57,134,838,475,366,211,87,19,2200,0,0,8,62,21,58,29,26,3,203
312,0,9,21,58,17,13,7,0,0,116,0,0,3,20,10,10,8,3,0,62,0,5,30,81,53,54,17,4,3,244,17,43,65,507,148,120,105,70,11,1081,345,883,1024,2548,1101,997,622,417,181,8129,5278,11887,10195,24724,11826,11269,7565,3887,1549,88188,0,0,0,0,0,0,0,0,0,0,10095,21621,16924,34956,17683,17371,11914,5606,1945,138112,0,8,5,44,9,9,0,0,0,79,0,0,0,4,0,0,5,0,0,14,0,3,10,70,23,3,0,0,0,117,0,6,3,8,3,0,0,0,0,21,3,15,12,137,36,47,27,8,5,294,0,0,0,95,10,6,0,0,0,117,4,21,26,232,86,45,19,12,3,441,0,0,0,4,0,4,8,10,6,37,0,6,0,20,4,0,8,3,0,43,11,108,170,680,607,849,641,433,91,3605,0,11,22,82,33,40,13,9,0,223,0,0,16,92,24,21,14,9,0,181
313,3,3,12,81,74,31,22,7,3,227,0,3,21,26,32,30,43,38,15,204,0,3,7,61,36,49,29,4,0,189,11,92,101,546,301,308,333,202,79,1978,319,854,753,1736,891,825,821,611,375,7181,6922,16499,14659,31493,17644,17693,17413,9744,3617,135684,0,0,0,13,0,0,0,0,0,9,13265,30008,25171,45392,24091,23277,22563,12006,3895,199660,0,4,0,13,0,0,0,0,0,24,0,0,0,24,7,16,3,3,0,57,0,3,5,81,20,4,0,0,0,121,0,3,0,33,14,5,4,0,0,68,15,20,23,135,93,103,70,39,13,514,0,4,0,25,21,18,14,6,0,94,4,34,30,234,123,92,60,21,15,620,0,3,0,16,10,26,29,34,8,130,0,3,0,11,10,11,27,19,4,90,24,309,685,1456,1902,2744,2942,2315,672,13060,0,12,27,223,141,131,102,38,6,675,0,5,11,56,43,39,47,40,12,256
314,0,5,13,70,28,13,11,0,0,148,0,8,25,40,36,25,31,15,5,180,0,11,29,144,80,72,31,12,0,366,9,148,173,875,391,304,222,116,48,2289,201,459,402,1060,400,289,290,226,104,3431,6904,15857,13583,31946,15627,11850,8897,4479,1604,110751,0,3,5,45,6,3,6,0,0,70,13751,28878,21998,41601,20053,15082,11660,5606,1607,160247,0,6,3,76,8,3,0,0,0,106,0,0,0,24,12,12,3,5,0,67,0,24,14,198,58,14,5,3,0,319,0,0,6,15,3,8,5,0,0,38,9,29,35,157,94,69,42,14,3,449,0,3,5,36,25,17,7,3,0,90,4,45,52,433,125,120,67,12,7,865,0,0,0,13,9,19,13,13,0,76,0,20,17,36,16,10,12,8,3,116,32,457,907,1783,2003,1948,1305,944,263,9632,0,24,48,417,207,164,110,40,13,1029,0,5,21,65,38,42,23,14,7,216
315,0,12,6,61,0,0,0,0,0,83,0,0,0,4,4,0,0,3,0,12,0,0,11,31,8,11,4,0,0,60,3,9,17,157,50,49,31,23,0,340,195,469,504,1188,572,572,313,182,57,4052,2840,5690,4923,11110,4855,4627,2686,1299,416,38443,0,0,0,0,0,0,0,0,0,4,5418,10426,8674,17182,7684,7219,4443,1976,539,63559,0,8,0,9,4,0,0,0,0,15,0,0,0,0,0,0,0,0,0,3,0,0,0,24,4,4,0,0,0,30,0,3,5,7,0,0,0,0,0,15,3,5,0,41,8,10,0,3,0,78,0,0,0,13,0,0,0,0,0,16,0,0,11,69,7,12,7,0,0,102,0,0,0,0,0,6,3,7,5,23,0,4,0,3,0,0,3,0,0,11,0,7,36,208,129,232,164,85,32,889,0,9,11,78,37,47,12,3,0,193,0,0,0,27,5,4,10,0,0,50
316,0,23,29,164,48,24,10,0,0,307,0,16,25,72,59,73,78,47,18,385,3,3,42,115,107,117,73,20,5,481,21,181,168,1233,594,575,559,414,157,3909,310,1023,975,2448,1241,1309,1217,967,581,10069,9164,23789,21126,47407,28402,29122,26219,15322,6296,206834,0,5,0,10,8,0,0,0,0,28,17782,42681,34900,63473,37670,37840,34397,18995,6847,294585,0,4,3,33,8,0,0,0,0,56,0,0,0,25,7,13,0,5,3,57,5,39,40,892,87,40,18,0,0,1125,0,16,12,22,3,0,0,0,0,56,30,139,106,573,288,225,194,95,17,1654,6,5,9,78,40,18,23,16,6,190,7,62,68,372,117,101,56,29,9,822,0,0,0,20,25,44,55,51,22,219,0,4,9,25,11,13,33,29,14,149,88,1061,1574,3722,3991,4703,4577,3462,1211,24383,0,10,24,113,79,90,66,27,4,416,5,33,46,325,103,99,83,55,18,769
317,0,7,10,56,16,4,10,0,0,100,0,0,4,4,10,12,7,8,3,40,0,4,30,88,73,55,20,12,4,284,17,150,286,639,203,150,91,83,21,1647,177,379,491,950,388,439,419,382,227,3860,4753,10807,10658,21364,10102,9727,8571,5473,2458,83917,0,10,40,64,14,14,8,0,0,146,8985,19427,17194,30020,15015,14832,12956,7797,3043,129263,3,15,23,106,18,4,7,0,0,169,0,0,0,0,0,3,0,0,0,9,3,7,39,113,36,8,0,0,0,208,0,6,0,13,3,4,0,0,0,27,4,40,26,103,39,43,18,13,3,295,0,3,0,4,10,0,3,6,0,28,5,46,75,384,109,67,42,14,10,750,0,0,0,0,0,8,12,13,0,40,0,17,16,23,3,3,4,10,0,72,10,69,136,416,391,611,672,526,186,3018,0,11,23,92,34,28,19,3,4,202,0,0,9,38,10,14,6,0,0,81
318,0,6,15,95,31,37,19,0,0,213,0,0,7,18,10,10,14,4,4,70,0,10,34,75,30,30,12,7,4,200,31,187,282,708,303,250,156,127,38,2073,394,973,1110,2278,1057,849,673,457,226,8006,6269,15124,15744,31047,15303,14366,10938,5955,2401,117144,0,4,4,23,0,0,0,0,0,41,12214,27532,26539,47029,22879,21738,16674,8287,2747,185635,3,7,18,34,12,5,0,0,0,80,0,0,0,3,0,0,0,0,0,11,0,3,6,79,9,0,5,0,0,110,0,5,11,21,10,5,0,0,0,47,6,17,39,188,59,69,48,23,7,460,0,0,4,16,4,0,5,0,0,32,4,21,37,223,85,58,29,16,11,473,0,0,0,10,4,14,8,11,0,45,0,12,20,29,8,9,6,6,4,81,20,160,324,851,767,1197,1068,714,190,5288,0,15,34,108,53,63,30,10,4,312,0,4,19,77,38,35,21,15,5,209
319,3,13,7,103,37,28,15,0,0,209,0,4,10,14,19,30,41,30,9,151,0,7,6,39,41,32,25,8,0,152,8,74,72,422,265,338,358,218,70,1820,378,1036,904,2151,1358,1627,1716,1203,518,10890,6582,17302,14665,30679,19668,24430,24345,13548,4810,156032,0,0,0,4,0,0,0,0,0,0,12568,32640,26761,47035,29575,35700,36041,18983,5844,245132,0,4,9,25,6,4,0,0,0,51,0,0,0,4,0,9,0,4,0,16,0,4,3,36,10,11,8,0,0,74,0,7,0,22,16,3,3,0,0,58,5,20,18,121,67,87,119,52,4,490,0,0,0,19,6,3,7,3,0,44,0,10,25,147,78,85,40,14,7,409,0,0,0,4,9,22,39,30,11,111,9,16,0,28,3,10,14,17,8,106,13,125,250,765,1160,2546,3264,2607,639,11364,0,8,27,111,53,68,42,21,0,341,0,3,9,61,22,51,57,39,12,249
397,0,0,0,0,0,0,0,0,0,0,0,0,0,0,0,0,0,0,0,0,0,0,0,0,0,0,0,0,0,0,0,0,0,0,0,0,0,0,0,0,0,0,4,15,0,0,0,0,0,24,0,0,9,18,0,4,0,0,0,28,0,0,0,0,0,0,0,0,0,0,0,0,4,16,7,0,3,0,0,29,0,0,0,0,0,0,0,0,0,0,0,0,0,0,0,0,0,0,0,0,0,0,0,0,0,0,0,0,0,0,0,0,0,0,0,0,0,0,0,0,0,0,0,0,0,0,0,0,0,0,0,0,0,0,0,0,0,0,0,0,0,0,0,0,0,0,0,0,0,0,0,0,0,0,0,0,0,0,0,0,0,0,0,0,0,0,0,0,0,0,0,0,0,0,0,0,0,0,0,0,0,0,0,0,0,0,0,0,0,0,0,0,0,0,0,0,0,0,0,0
399,0,0,0,14,0,0,0,0,0,19,0,0,0,3,0,0,0,0,0,8,0,0,0,0,0,6,3,0,0,7,5,9,27,119,12,12,14,0,0,195,32,60,156,487,171,163,99,20,3,1183,229,457,777,2230,887,1170,870,160,25,6807,0,0,0,0,0,0,0,0,0,5,414,737,927,2462,1193,1608,1380,268,26,9019,0,0,0,0,0,0,0,0,0,0,0,0,0,0,0,3,0,0,0,8,0,0,0,28,0,0,0,0,0,25,0,0,0,0,0,0,0,0,0,0,0,3,0,24,8,9,0,0,0,46,0,0,0,35,0,0,0,0,0,37,0,0,4,49,4,4,0,0,0,69,0,0,0,0,0,0,4,0,0,4,0,0,0,0,0,0,0,0,0,3,0,9,38,142,70,169,167,59,9,657,0,0,0,6,4,0,0,0,0,16,0,0,18,52,0,5,7,0,0,81
401,3,61,263,467,240,132,80,25,7,1281,0,4,6,25,33,51,46,29,9,200,0,3,18,56,40,22,19,8,0,164,32,271,353,1543,581,446,461,349,240,4273,158,396,623,1352,625,614,642,517,412,5341,6954,17195,19899,41376,20641,19746,17732,11090,5804,160429,0,0,37,126,25,24,5,0,0,212,13388,29453,29158,48658,28056,26286,20812,11298,4770,211871,6,80,61,290,63,17,6,4,0,520,0,0,3,59,29,38,9,7,3,159,3,40,17,400,46,14,11,0,0,532,5,13,29,95,43,19,22,9,3,238,13,59,78,250,121,122,80,20,10,759,3,4,10,76,28,15,14,6,0,145,63,706,2441,6143,1224,792,599,155,67,12185,0,4,0,43,33,73,82,71,37,338,0,34,35,109,43,32,41,54,13,366,48,438,806,1748,2077,3466,3034,1996,848,14468,0,3,7,45,29,31,23,17,3,162,3,34,29,207,77,67,47,21,12,499
402,6,75,216,1219,772,722,412,90,45,3559,0,9,13,31,34,92,89,73,21,357,0,23,41,116,39,29,14,3,0,258,49,564,1080,3077,1266,1021,830,564,273,8732,489,1034,1026,2476,1069,948,938,760,432,9182,13852,28986,27220,64887,27790,26664,21282,12799,5557,229035,43,544,1404,3401,1004,468,168,32,9,7068,27137,50890,41906,80481,36561,30530,22175,11445,3663,304793,12,90,86,580,107,36,12,6,3,933,0,4,16,223,98,138,88,36,4,606,0,11,17,122,13,13,10,0,0,181,18,84,146,860,494,401,278,74,20,2380,8,16,45,135,71,69,30,15,4,390,0,6,5,79,65,73,56,29,9,322,17,122,495,2454,620,555,401,129,31,4822,0,5,3,119,91,159,195,194,52,822,7,46,46,127,25,29,51,39,10,383,24,243,652,1808,2952,7719,5881,4567,2175,26023,6,24,32,201,124,99,41,17,3,542,0,0,6,45,28,52,23,17,11,186
403,0,23,67,224,122,72,59,5,4,581,0,18,38,75,82,92,69,53,28,465,0,8,20,64,43,40,19,4,3,190,40,269,346,1479,623,627,578,451,215,4625,222,554,611,1504,709,771,791,641,416,6223,9360,21190,21431,49090,24597,24956,22829,12801,6486,192742,4,24,19,71,21,7,4,0,0,150,18275,38718,35027,68071,33317,31507,28311,13837,5968,273027,4,39,30,194,47,17,4,0,0,340,0,0,0,89,49,79,61,16,7,305,0,34,23,491,37,14,4,0,0,605,3,5,10,60,47,40,33,7,5,211,19,48,49,280,141,122,88,32,4,780,0,6,0,50,29,30,21,16,0,157,17,205,519,2408,588,452,348,90,25,4667,0,0,6,39,35,78,110,101,54,430,3,28,27,112,35,47,76,50,24,413,64,857,2102,3731,4764,6689,5388,3955,1676,29221,0,4,17,93,49,52,53,22,4,291,7,23,21,136,78,82,46,27,11,433
404,14,109,381,1195,791,724,458,142,86,3904,0,0,11,25,10,35,22,13,5,127,0,3,5,36,20,14,4,0,0,75,29,248,465,1670,702,553,533,416,267,4879,195,341,413,1233,486,515,463,427,227,4305,6139,11861,14032,35468,15807,15794,12810,8146,4690,124756,0,41,81,245,64,28,15,3,0,479,11767,20626,21339,43378,21190,20335,14092,7229,3558,163514,6,30,36,233,53,0,9,0,0,369,0,5,9,345,211,250,167,71,29,1083,3,27,18,509,40,9,12,3,0,613,0,5,41,166,191,172,128,54,12,773,7,27,21,155,60,57,31,12,0,383,0,0,12,58,26,25,17,7,4,155,9,68,380,1574,388,363,249,142,76,3249,0,5,0,150,94,180,196,204,100,934,4,58,32,144,30,26,74,47,18,446,24,259,467,1290,1311,2256,1717,968,480,8778,0,6,16,57,37,24,21,6,3,167,5,20,12,123,36,38,20,10,7,268
405,0,0,4,21,8,0,0,0,0,44,0,0,3,9,8,10,10,11,4,51,0,0,4,5,5,3,0,3,0,24,0,5,15,106,44,57,75,50,19,383,125,357,292,712,505,598,581,399,204,3775,2680,6522,5185,11417,7307,8997,8383,4797,1977,57265,0,0,0,8,0,0,0,0,0,3,5211,12521,9965,19246,11937,14133,13144,6955,2441,95552,0,5,0,12,0,0,0,0,0,20,0,0,0,0,0,4,0,0,0,4,0,0,0,20,0,0,0,0,0,19,0,0,0,10,10,3,3,0,0,25,0,5,3,28,21,14,19,7,4,92,0,0,0,0,3,0,5,3,0,7,0,4,10,51,3,10,6,0,0,90,0,0,0,5,3,5,10,8,3,40,0,0,0,7,0,0,0,3,0,21,3,25,91,259,543,1644,1447,862,269,5148,0,0,0,5,3,7,3,0,0,22,0,0,0,14,5,12,16,10,0,66
406,3,10,8,25,5,7,0,0,0,46,0,0,0,6,13,14,12,3,0,43,0,0,8,23,7,7,0,0,0,42,3,7,22,153,64,56,62,46,22,434,147,378,295,774,433,425,341,241,119,3147,2398,5168,4157,10037,5303,5505,4329,2553,1032,40472,0,0,4,0,0,0,0,0,0,6,4481,9516,7715,16685,8704,8712,6616,3354,1159,66936,0,5,4,14,0,0,0,0,0,22,0,0,0,0,0,9,4,3,0,23,0,4,0,21,0,0,0,0,0,21,0,0,0,4,0,0,0,0,0,6,0,0,0,17,6,10,7,0,0,46,0,0,0,3,5,5,0,5,0,18,0,5,3,64,12,6,3,0,0,100,0,0,0,4,7,21,39,55,17,137,0,0,3,17,0,0,6,0,0,19,0,19,27,148,270,913,636,461,175,2647,0,0,0,26,8,11,0,0,0,43,0,0,3,16,3,8,11,4,8,51
407,4,13,9,90,28,15,9,0,0,165,0,7,3,10,15,35,27,26,3,130,0,0,10,17,17,18,11,0,0,81,0,49,65,262,104,127,154,105,68,934,212,582,545,1228,821,930,1007,704,384,6412,4435,10634,8928,19574,11996,14523,14571,8516,3549,96720,0,9,37,131,72,40,9,0,0,290,8500,19743,16453,31607,19395,22260,21857,11599,4008,155408,0,3,0,29,0,0,6,0,0,38,0,0,0,6,3,0,0,3,0,13,0,0,0,26,8,0,4,0,0,43,3,10,5,44,10,11,4,0,0,85,4,5,8,53,21,32,34,7,0,171,0,3,0,5,0,0,0,0,0,11,5,43,31,298,102,76,24,4,0,583,0,0,0,3,6,23,39,40,17,122,0,3,0,13,8,5,0,7,0,37,6,92,153,478,835,2158,2493,1948,657,8809,0,0,11,36,13,10,9,0,4,80,0,0,4,31,15,15,18,19,0,99
497,0,0,0,0,0,0,0,0,0,0,0,0,0,0,0,0,0,0,0,0,0,0,0,0,0,0,0,0,0,0,0,0,0,0,0,0,0,0,0,0,0,0,0,0,0,0,0,0,0,0,0,0,0,0,0,0,0,0,0,0,0,0,0,0,0,0,0,0,0,0,0,0,0,0,0,0,0,0,0,0,0,0,0,0,0,0,0,0,0,0,0,0,0,0,0,0,0,0,0,0,0,0,0,0,0,0,0,0,0,0,0,0,0,0,0,0,0,0,0,0,0,0,0,0,0,0,0,0,0,0,0,0,0,0,0,0,0,0,0,0,0,0,0,0,0,0,0,0,0,0,0,0,0,0,0,0,0,0,0,0,0,0,0,0,0,0,0,0,0,0,0,0,0,0,0,0,0,0,0,0,0,0,0,0,0,0,0,0,0,0,0,0,0,0,0,0,0,0,0,0
499,0,0,0,0,0,0,0,0,0,0,0,0,0,0,0,4,0,0,0,5,0,0,0,0,0,0,0,0,0,0,0,3,12,21,6,4,0,0,0,40,10,23,32,106,28,26,17,0,0,245,56,139,214,542,178,197,141,26,10,1506,0,0,0,0,0,0,0,0,0,6,104,202,271,758,327,324,222,40,3,2262,0,0,0,0,0,0,0,0,0,0,0,0,0,0,0,0,0,0,0,0,0,0,0,0,0,0,0,0,0,0,0,0,0,0,0,0,0,0,0,4,0,0,0,0,0,0,0,0,0,5,0,0,0,0,0,0,0,0,0,0,0,0,5,6,0,4,0,0,0,19,0,0,0,0,0,3,0,0,0,5,0,0,0,0,0,0,0,0,0,3,3,0,9,27,25,48,34,10,5,154,0,0,0,0,0,0,0,0,0,4,0,0,3,9,6,0,0,0,0,11
501,0,8,14,86,23,15,11,0,0,154,0,3,3,21,26,44,27,25,7,164,0,7,42,125,82,77,46,16,3,386,14,65,66,493,214,254,170,88,41,1400,214,631,495,1302,737,757,695,488,229,5545,4976,12274,9152,22706,13035,13371,11586,5999,2381,95483,0,4,15,68,17,13,4,0,0,124,9625,22707,15935,31422,17982,17521,15588,7271,2457,140508,0,5,3,28,6,3,0,0,0,47,0,0,0,5,0,0,4,3,0,13,0,0,3,92,19,3,0,0,0,122,0,0,3,5,0,5,0,0,0,16,8,12,21,169,78,65,46,7,4,412,0,0,0,31,10,8,5,4,0,60,0,17,26,200,70,35,11,6,0,368,0,0,0,4,0,8,13,14,5,50,3,5,0,19,0,6,11,3,0,48,13,213,384,1545,1791,2956,2727,1888,546,12065,0,0,7,32,11,10,5,4,0,72,0,5,11,162,40,36,30,14,9,307
502,0,6,6,49,23,11,3,3,0,102,0,13,17,38,36,36,43,26,13,220,0,8,20,62,42,41,28,4,3,214,6,32,58,237,148,157,164,83,25,909,87,310,293,625,357,358,350,372,260,3020,2800,6562,5660,11967,6833,7565,7731,4746,1794,55660,0,0,0,13,0,0,0,0,0,19,5355,11322,8578,15514,7909,8479,9159,5099,1744,73150,0,0,3,14,3,3,3,0,0,23,0,0,0,3,0,5,4,3,0,20,0,13,3,42,9,7,0,0,0,72,0,7,3,17,0,5,0,0,0,24,3,25,13,51,33,45,37,14,4,216,0,0,3,13,9,3,4,0,0,33,0,3,9,70,71,39,14,5,6,212,0,0,0,4,4,8,27,10,3,55,0,0,0,5,0,8,9,3,0,32,11,285,705,1394,1644,2431,2434,2105,586,11595,0,0,10,11,12,8,6,0,4,48,3,0,0,22,6,10,14,4,5,73
503,3,29,94,274,156,106,106,27,15,800,0,7,14,46,18,42,22,19,0,180,0,0,37,113,60,69,39,6,8,336,41,308,382,2371,526,433,315,191,84,4651,110,232,534,1431,414,365,401,291,247,4030,3930,9407,12070,28647,11778,10317,8401,4927,2769,92241,0,0,0,35,0,9,6,0,0,51,7332,15465,16243,27958,13120,11213,8897,5076,2213,107511,5,6,16,97,13,14,4,0,0,162,0,0,0,92,13,38,30,11,6,200,3,32,46,623,66,21,10,5,0,811,4,5,8,31,6,11,4,0,0,63,19,55,90,367,171,152,75,28,0,958,3,18,23,158,32,13,10,3,0,269,20,197,851,1849,441,343,216,119,44,4079,0,4,8,61,35,35,57,32,17,252,0,16,10,44,15,22,37,18,19,182,68,506,868,2954,2057,2492,1798,1064,435,12250,0,0,9,30,10,13,4,3,3,76,3,45,78,421,95,45,43,9,5,750
504,7,52,132,918,555,430,268,84,41,2489,0,0,7,68,34,69,37,24,5,248,0,37,91,315,127,97,40,13,3,739,19,199,510,2083,757,631,444,260,106,5007,268,605,587,1656,689,583,493,397,302,5582,8738,16983,15561,41134,18368,16277,12181,6469,2763,138478,6,43,121,476,111,54,18,12,0,843,17243,30542,24197,46162,20261,16189,11398,5326,1835,173150,0,13,6,142,23,22,24,9,0,230,0,4,9,229,117,137,93,43,13,639,0,11,14,240,35,11,12,5,0,318,0,17,10,87,65,53,31,5,0,263,6,31,35,181,86,76,53,23,13,501,0,0,9,56,29,31,20,7,0,157,11,49,208,970,407,356,197,36,30,2271,0,0,3,105,51,128,188,118,46,643,0,12,49,55,16,28,27,28,3,216,29,285,739,3063,2886,4233,2982,2055,686,16956,0,4,9,41,26,30,16,7,0,138,0,9,18,190,52,46,39,14,5,374
505,11,104,253,1577,947,755,488,116,74,4321,0,38,111,252,223,194,141,77,44,1077,0,28,180,628,434,358,183,49,6,1883,81,746,1307,5558,2114,1634,1125,607,255,13429,508,1080,1055,3207,1189,1041,1007,839,485,10422,17456,36779,33586,84012,39387,33981,27168,15091,6762,294235,8,64,146,634,199,127,61,13,4,1250,33786,63029,46327,82679,36243,29293,23155,12005,4833,331349,0,10,21,159,36,22,25,3,3,290,0,0,14,389,189,301,150,43,13,1104,14,64,85,1453,159,52,24,5,0,1849,6,13,19,154,104,70,49,15,6,441,14,92,130,552,281,220,121,48,17,1475,3,7,26,164,70,76,56,26,6,438,13,213,326,2239,745,696,452,131,66,4881,0,12,17,196,132,217,301,241,108,1218,12,81,128,249,98,145,142,99,30,976,151,2460,5615,12974,11278,11500,8274,5230,1825,59308,0,13,16,66,40,44,32,13,0,218,5,33,69,446,146,105,59,36,13,906
506,13,54,151,669,239,187,117,35,9,1467,0,8,13,98,74,111,88,58,21,477,10,41,201,504,262,170,78,31,4,1279,73,728,1079,4372,1412,1060,747,444,169,10076,583,1274,1297,3600,1251,1110,947,897,757,11713,16559,33560,32257,80656,32455,28644,23153,12428,5616,265325,13,183,507,1742,377,197,80,25,9,3133,31592,55322,42871,73801,31217,25742,21199,9715,3714,295176,5,167,152,901,280,65,42,9,0,1613,0,4,15,122,34,54,35,22,0,276,0,26,33,432,55,28,11,3,0,604,0,28,40,183,98,68,64,14,0,497,10,47,91,366,147,131,95,32,14,933,4,20,21,120,96,104,68,38,7,481,48,517,1154,5491,1952,1294,700,172,88,11409,0,0,5,76,48,83,104,88,36,434,4,101,82,211,84,42,55,49,19,649,58,702,1379,4757,4936,7989,6160,4619,1646,32244,0,10,22,129,67,52,33,17,0,329,4,21,32,305,74,84,39,37,10,598
507,0,35,48,264,134,83,47,8,0,622,0,19,41,139,104,136,116,63,25,640,3,31,133,444,209,164,77,19,7,1090,37,299,516,2568,1208,1205,933,528,223,7518,414,975,994,2573,1043,892,846,696,612,9044,13415,28828,26398,63285,29928,26356,20661,11331,5338,225539,0,3,3,54,15,4,5,6,0,91,26370,49723,39196,72470,31867,25642,19536,9488,3889,278175,5,25,26,233,45,18,15,3,0,356,0,3,9,206,113,156,96,55,10,649,7,43,32,409,63,41,15,17,0,632,3,17,13,55,12,0,4,0,0,101,21,85,92,464,220,184,100,36,9,1201,0,6,18,147,102,76,73,29,12,452,10,222,344,1973,749,566,343,112,55,4376,0,5,11,248,147,309,487,313,173,1696,0,24,15,75,19,36,74,57,27,332,74,1299,2572,7120,6658,8484,5744,4181,1441,37576,3,8,22,97,57,53,25,4,3,264,10,37,35,476,136,92,62,29,13,879
509,0,5,0,37,17,12,3,0,0,83,0,0,0,18,19,19,21,11,5,103,0,7,13,53,46,38,28,3,0,181,3,14,28,269,134,169,159,86,35,906,239,681,510,1289,836,897,821,519,222,6013,3442,8222,6066,14476,9105,10511,9010,4831,1888,67561,0,6,22,67,27,18,0,0,0,140,6483,14701,10659,20856,12674,14252,12503,5924,2099,100151,0,0,0,17,0,0,4,0,0,24,0,0,0,9,0,0,4,3,0,15,0,4,0,20,4,0,0,0,0,37,0,0,0,16,0,0,0,0,0,21,7,23,18,60,34,61,27,14,5,249,0,3,0,5,0,4,0,0,0,12,0,6,14,76,40,31,6,3,0,180,0,0,0,5,4,3,8,6,0,39,0,0,0,11,0,3,7,4,0,32,4,78,185,812,1132,2240,2038,1487,463,8437,0,0,0,51,7,6,3,0,0,73,0,3,11,61,19,12,15,16,0,134
510,0,0,8,64,11,5,0,0,0,84,0,0,4,15,9,3,4,0,0,26,0,4,18,61,26,19,4,0,0,129,6,27,54,430,87,65,24,6,0,704,331,908,687,2385,844,607,222,78,35,6091,3408,6805,4840,15648,5377,3837,1524,448,113,41999,0,0,4,12,0,0,0,0,0,19,6298,11362,7460,20024,7413,5134,2124,592,126,60535,0,5,5,26,5,0,0,0,0,34,0,0,0,14,7,4,0,0,0,27,0,0,0,51,3,3,0,0,0,57,0,4,0,26,0,0,0,0,0,29,3,4,8,79,14,17,5,0,0,130,0,0,0,33,4,5,0,0,0,48,0,3,25,249,40,17,6,0,0,338,0,0,5,16,6,10,8,4,0,44,0,5,0,11,0,0,0,0,0,22,7,49,100,789,403,542,153,67,0,2099,0,6,12,44,27,8,3,0,0,109,0,0,31,161,6,11,5,0,0,212
511,3,6,4,87,35,24,15,0,0,179,0,0,4,14,14,12,10,6,3,67,0,14,22,107,51,39,10,3,0,252,12,48,45,317,130,137,75,46,20,834,360,840,728,1795,817,791,561,326,147,6375,3628,7631,6276,15287,7762,7475,5369,2732,1015,57177,0,0,6,19,0,0,0,0,0,33,6533,12968,10199,20457,10863,10574,7828,3600,1157,84169,0,3,0,24,5,0,0,0,0,29,0,0,0,10,5,3,6,3,0,21,0,3,8,61,13,9,0,0,0,90,0,3,4,17,5,0,0,0,0,29,4,10,9,70,28,36,13,0,4,177,0,5,0,45,14,9,5,0,0,82,6,8,16,170,43,14,12,0,0,272,0,0,0,7,5,23,24,18,0,80,4,3,0,15,0,4,9,3,0,35,4,60,143,661,604,1059,741,530,162,3960,0,10,15,77,25,18,4,0,0,149,0,4,15,69,7,17,9,0,0,121
597,0,0,0,0,0,0,0,0,0,0,0,0,0,0,0,0,0,0,0,0,0,0,0,0,0,0,0,0,0,0,0,0,0,0,0,0,0,0,0,0,0,0,9,11,8,0,0,0,0,19,0,0,13,28,9,3,4,0,0,58,0,0,0,0,0,0,0,0,0,0,0,0,15,91,31,16,5,0,0,151,0,0,0,0,0,0,0,0,0,0,0,0,0,0,0,0,0,0,0,0,0,0,0,4,0,0,0,0,0,4,0,0,0,0,3,0,0,0,0,3,0,0,0,0,0,0,0,0,0,0,0,0,0,0,0,0,0,0,0,0,0,0,0,0,0,0,0,0,0,0,0,0,0,0,0,0,0,0,0,0,0,0,0,0,0,0,0,0,0,0,0,0,0,3,3,3,0,0,0,18,0,0,0,0,0,0,0,0,0,0,0,0,0,4,0,0,0,0,0,4
599,0,0,0,7,0,0,0,0,0,7,0,0,0,4,0,0,0,0,0,9,0,0,0,0,0,0,0,0,0,3,0,0,15,55,4,4,0,0,0,81,25,30,89,251,105,109,72,6,9,692,153,230,410,1309,468,477,316,38,16,3416,5,0,0,12,0,0,0,0,0,25,226,379,525,1747,782,622,413,62,12,4775,0,0,0,0,0,0,0,0,0,0,0,0,0,0,0,0,0,0,0,3,0,0,0,5,0,0,0,0,0,5,0,0,0,0,0,0,0,0,0,4,3,0,3,8,3,0,0,0,0,24,0,0,4,9,0,0,0,0,0,6,0,0,0,9,0,0,0,0,0,19,0,0,0,0,0,0,0,0,0,6,0,0,0,0,0,0,0,0,0,0,0,6,18,103,47,91,75,19,5,366,0,0,0,0,0,0,0,0,0,0,0,0,6,28,0,0,0,0,0,40
601,3,31,92,390,20,24,12,0,0,572,0,0,9,15,15,19,31,22,15,129,0,4,12,43,25,13,10,3,0,106,23,138,160,950,316,268,240,148,83,2334,204,546,575,1533,604,665,709,533,299,5671,6216,14013,13788,36085,15439,15666,13805,8028,3516,126562,0,0,25,57,20,12,3,0,0,113,12105,25713,23453,46713,23906,23709,19781,10099,3740,189218,3,15,40,399,12,4,0,0,0,473,0,0,0,25,10,12,8,7,3,76,3,12,6,309,11,6,0,0,0,341,0,6,6,44,5,0,0,0,0,61,4,26,27,191,106,83,69,29,7,527,0,5,11,61,38,29,20,9,5,166,28,181,540,4282,169,149,119,49,15,5541,0,0,3,10,8,17,45,62,17,166,11,6,18,31,5,9,13,3,3,104,24,193,234,909,1073,1779,1866,1493,581,8155,0,3,3,41,27,34,27,13,5,149,3,7,4,111,30,34,21,14,3,231
602,5,7,25,96,15,3,0,0,0,156,0,0,0,3,13,26,24,24,6,91,0,3,4,8,19,6,3,6,0,46,12,57,88,414,194,146,171,83,29,1195,156,330,398,924,482,631,635,470,201,4223,3715,8425,8132,18348,9909,10821,9645,5601,2274,76859,0,11,22,90,27,14,3,0,0,175,7171,15838,14333,27362,15591,16700,14266,7373,2648,121279,0,0,11,75,0,0,0,0,0,94,0,0,0,4,4,0,5,3,0,18,0,4,0,42,5,0,3,0,0,58,0,3,0,8,0,0,3,0,0,19,3,17,14,95,43,38,41,15,0,269,0,8,7,25,13,13,10,10,0,82,4,31,96,601,49,50,31,10,4,869,0,0,0,0,0,4,4,13,0,28,0,14,5,16,0,3,8,0,0,47,4,69,103,367,530,1200,1513,1173,367,5323,0,0,0,17,9,11,5,0,0,46,0,5,6,27,11,10,13,10,0,86
603,0,0,0,8,5,0,0,0,0,13,0,0,0,0,5,5,3,5,0,24,0,0,0,0,3,0,4,0,0,13,0,10,5,86,43,62,43,19,0,273,57,139,130,354,216,297,249,159,57,1660,924,2241,1740,4434,2721,3611,3040,1300,394,20414,0,0,0,0,0,0,0,0,0,0,1768,4123,3413,6827,4292,5431,4600,1935,472,32864,0,0,0,4,0,0,0,0,0,4,0,0,0,0,0,0,0,0,0,0,0,0,0,14,0,3,3,0,0,23,0,0,0,0,0,0,0,0,0,0,0,0,3,19,13,26,28,10,0,105,0,0,6,7,5,0,3,0,0,20,0,0,3,61,10,11,4,0,0,104,0,0,0,0,0,6,5,6,0,10,0,0,0,0,0,0,0,0,0,0,0,19,35,175,275,554,623,318,82,2088,0,0,0,3,0,0,0,0,0,12,0,6,0,36,3,18,12,0,3,79
604,0,0,8,32,6,9,0,0,0,54,0,0,4,4,7,16,17,16,6,66,0,0,0,14,9,7,7,0,0,37,4,25,38,176,52,89,85,62,10,548,143,343,309,781,477,541,552,425,146,3723,2882,6646,5991,13296,7723,8823,7781,4469,1744,59349,0,0,0,0,0,0,0,0,0,0,5541,12569,11070,20974,12531,13823,11749,6063,2144,96464,0,3,4,16,3,3,0,0,0,28,0,0,0,5,0,0,0,5,0,18,0,0,0,13,0,0,0,0,0,13,0,0,0,5,0,0,0,0,0,4,3,3,8,34,26,23,20,13,4,123,0,0,0,13,3,6,0,0,0,27,0,10,12,216,33,23,14,3,0,316,0,0,0,3,0,0,3,13,0,25,0,6,0,21,4,5,5,0,0,43,4,26,47,216,323,865,1087,861,247,3678,0,0,8,21,16,19,0,3,0,69,0,0,0,22,5,9,11,3,4,55
697,0,0,0,0,0,0,0,0,0,0,0,0,0,0,0,0,0,0,0,0,0,0,0,0,0,0,0,0,0,0,0,0,0,0,0,0,0,0,0,0,0,0,0,0,0,0,0,0,0,0,0,0,0,0,0,0,0,0,0,0,0,0,0,0,0,0,0,0,0,0,0,0,0,4,4,0,0,0,0,6,0,0,0,0,0,0,0,0,0,0,0,0,0,0,0,0,0,0,0,0,0,0,0,0,0,0,0,0,0,0,0,0,0,0,0,0,0,0,0,0,0,0,0,0,0,0,0,0,0,0,0,0,0,0,0,0,0,0,0,0,0,0,0,0,0,0,0,0,0,0,0,0,0,0,0,0,0,0,0,0,0,0,0,0,0,0,0,0,0,0,0,0,0,0,0,0,0,0,0,0,0,0,0,0,0,0,0,0,0,0,0,0,0,0,0,0,0,0,0,0
699,0,0,0,0,0,0,0,0,0,0,0,0,0,0,0,0,0,0,0,0,0,0,0,0,0,0,0,0,0,0,0,0,0,7,0,0,0,0,0,12,0,4,20,26,10,23,28,3,0,108,19,36,108,191,78,98,72,13,4,616,0,0,0,0,0,0,0,0,0,0,41,74,171,321,163,115,70,20,4,973,0,0,0,0,0,0,0,0,0,0,0,0,0,0,0,0,0,0,0,0,0,0,0,3,0,0,0,0,0,3,0,0,0,0,0,0,0,0,0,0,0,0,0,0,4,0,0,0,0,4,0,0,0,3,0,0,0,0,0,0,0,0,0,6,0,0,0,0,0,6,0,0,0,0,0,0,0,0,0,0,0,0,0,0,0,0,0,0,0,0,0,0,6,4,4,15,12,0,0,41,0,0,0,0,0,0,0,0,0,0,0,0,0,0,0,0,0,0,0,0
701,4,36,72,371,94,53,33,5,7,672,0,3,0,23,5,10,16,5,0,55,0,9,38,150,31,27,5,0,0,257,23,160,162,889,364,297,233,118,34,2292,317,726,648,1966,713,536,362,157,67,5481,4653,9209,7879,24487,9043,7139,4513,1776,465,69161,0,0,6,19,4,0,0,0,0,27,8620,14945,11735,26289,11285,8935,5320,1787,352,89266,0,29,104,431,39,20,10,3,0,638,0,4,4,9,6,0,8,4,0,42,0,12,9,132,12,3,0,3,0,169,4,23,10,74,30,28,19,9,4,199,3,8,8,114,37,35,34,12,0,256,0,0,3,26,10,4,3,6,0,56,3,49,169,807,179,95,65,27,14,1407,0,0,0,3,0,3,9,4,0,29,0,0,8,21,3,5,6,0,0,56,10,141,215,942,643,869,580,297,71,3764,4,22,20,121,57,44,18,3,0,292,0,3,14,129,24,21,18,19,0,233
702,0,4,13,59,22,9,0,0,0,113,0,0,5,11,0,4,0,0,0,22,0,0,17,67,28,14,5,0,0,140,4,33,45,320,108,54,31,13,3,615,160,366,423,1271,482,454,250,77,13,3495,3048,6568,6279,14996,5597,4514,2299,722,198,44220,0,0,0,5,0,0,0,0,0,8,6006,12274,11291,21206,8243,6472,3420,1006,235,70155,0,5,0,52,0,0,0,0,0,61,0,4,0,5,0,0,0,0,0,12,0,3,0,34,7,0,0,0,0,46,0,0,0,17,5,5,3,0,0,28,5,3,7,46,11,15,10,3,0,93,0,3,0,24,0,0,0,0,0,35,0,4,17,224,32,14,0,0,0,288,0,0,0,0,0,0,0,0,0,5,0,0,7,4,3,7,0,0,0,11,4,39,34,292,191,310,188,94,12,1159,0,17,26,72,51,38,13,12,0,225,0,0,12,70,7,5,7,5,0,115
797,0,0,0,0,0,0,0,0,0,0,0,0,0,0,0,0,0,0,0,0,0,0,0,0,0,0,0,0,0,0,0,0,0,0,0,0,0,0,0,0,0,0,0,0,0,0,0,0,0,0,0,0,3,4,3,0,0,0,0,15,0,0,0,0,0,0,0,0,0,0,0,0,8,25,9,5,0,0,0,56,0,0,0,0,0,0,0,0,0,0,0,0,0,0,0,0,0,0,0,0,0,0,0,0,0,0,0,0,0,0,0,0,0,0,0,0,0,0,0,0,0,0,0,0,0,0,0,0,0,0,0,0,0,0,0,0,0,0,0,0,0,0,0,0,0,0,0,0,0,0,0,0,0,0,0,0,0,0,0,0,0,0,0,0,0,0,0,0,0,0,0,0,0,0,0,3,0,0,0,8,0,0,0,0,0,0,0,0,0,0,0,0,0,0,0,0,0,0,0,0
799,0,0,0,0,0,0,0,0,0,0,0,0,0,0,0,0,0,0,0,4,0,0,0,0,0,0,0,0,0,0,0,0,6,29,5,0,4,0,0,42,8,19,46,148,89,80,22,3,0,428,69,122,162,631,280,279,114,17,4,1675,0,0,0,0,0,0,0,0,0,0,131,239,156,660,350,343,181,32,3,2106,0,0,0,0,0,0,0,0,0,0,0,0,0,0,0,0,0,0,0,0,0,0,0,3,0,0,0,0,0,3,0,0,0,0,0,0,0,0,0,0,0,0,0,0,0,0,0,0,0,3,0,0,0,4,0,0,0,0,0,4,0,0,0,6,0,0,0,0,0,5,0,0,0,0,0,0,0,0,0,0,0,0,0,0,0,0,0,0,0,0,0,7,11,37,19,28,22,0,0,126,0,0,0,4,0,0,0,0,0,3,0,0,0,27,0,0,0,0,0,27
801,11,90,202,913,453,397,217,74,21,2377,0,6,9,51,21,40,37,38,12,210,0,15,58,138,75,39,18,10,0,347,66,484,705,3441,1231,1027,950,622,284,8809,357,795,1368,2610,817,647,704,513,320,8134,12907,27230,30032,74008,28342,23462,19022,10556,4315,229869,4,37,85,389,113,63,42,9,0,745,25085,48321,45227,86351,36732,28595,21582,10817,3832,306525,20,96,149,1156,291,151,72,19,0,1942,0,5,6,108,60,85,72,46,16,406,4,23,31,380,90,44,18,9,7,602,3,14,62,168,90,57,40,14,6,451,19,86,111,488,290,207,125,46,11,1383,3,25,16,241,157,157,140,88,9,834,51,276,1673,6641,1236,1167,748,265,85,12141,0,9,14,98,109,225,405,369,117,1347,6,71,54,189,59,54,63,38,13,541,55,524,1004,2087,1875,2784,2446,1750,705,13237,0,26,87,413,188,182,94,59,9,1059,9,66,74,305,138,78,44,27,14,755
897,0,0,0,0,0,0,0,0,0,0,0,0,0,0,0,0,0,0,0,0,0,0,0,0,0,0,0,0,0,0,0,0,0,0,0,0,0,0,0,0,0,0,0,0,0,0,0,0,0,0,0,0,0,0,0,0,0,0,0,0,0,0,0,0,0,0,0,0,0,0,0,0,0,0,0,0,0,0,0,0,0,0,0,0,0,0,0,0,0,0,0,0,0,0,0,0,0,0,0,0,0,0,0,0,0,0,0,0,0,0,0,0,0,0,0,0,0,0,0,0,0,0,0,0,0,0,0,0,0,0,0,0,0,0,0,0,0,0,0,0,0,0,0,0,0,0,0,0,0,0,0,0,0,0,0,0,0,0,0,0,0,0,0,0,0,0,0,0,0,0,0,0,0,0,0,0,0,0,0,0,0,0,0,0,0,0,0,0,0,0,0,0,0,0,0,0,0,0,0,0
899,0,0,0,0,0,0,0,0,0,0,0,0,0,0,0,0,0,0,0,0,0,0,0,0,0,0,0,0,0,0,0,0,5,6,0,6,0,0,0,9,0,0,0,11,4,8,4,0,0,30,9,13,74,91,30,35,10,8,0,273,0,0,0,0,0,0,0,0,0,0,20,15,115,127,54,43,11,3,0,384,0,0,0,0,0,0,0,0,0,0,0,0,0,0,0,0,0,0,0,0,0,0,0,0,0,0,0,0,0,0,0,0,0,0,0,0,0,0,0,0,0,0,0,0,0,0,0,0,0,0,0,0,0,0,0,0,0,0,0,0,0,0,0,5,0,0,0,0,0,12,0,0,0,0,0,0,0,0,0,0,0,0,0,0,0,0,0,0,0,0,0,0,0,4,0,6,5,0,0,8,0,0,0,0,0,0,0,0,0,0,0,0,0,0,0,0,0,0,0,0
901,0,0,0,0,0,0,0,0,0,4,0,0,0,0,0,0,0,0,0,0,0,0,0,0,0,0,5,0,0,6,0,0,4,7,6,9,6,0,0,34,11,34,27,111,43,58,29,24,3,342,109,268,208,552,316,382,267,135,34,2263,0,0,0,3,0,0,0,0,0,4,199,462,293,559,314,402,278,119,43,2673,0,0,0,0,0,0,0,0,0,0,0,0,0,0,0,0,0,0,0,0,0,0,0,3,0,0,0,0,0,4,0,0,0,0,0,0,0,0,0,0,0,0,0,4,0,5,0,0,0,10,0,0,0,0,0,0,0,0,0,0,0,0,0,7,0,0,0,0,0,16,0,0,0,0,0,0,0,0,0,0,0,0,0,0,0,0,0,0,0,0,0,0,5,16,16,23,26,13,0,103,0,0,0,17,13,3,0,0,0,42,0,0,0,3,0,0,0,0,0,7
997,0,0,0,0,0,0,0,0,0,0,0,0,0,0,0,0,0,0,0,0,0,0,0,0,0,0,0,0,0,0,0,0,0,0,0,0,0,0,0,0,0,0,0,0,0,0,0,0,0,0,0,0,0,0,0,0,0,0,0,0,0,0,0,0,0,0,0,0,0,0,0,0,0,0,0,0,0,0,0,0,0,0,0,0,0,0,0,0,0,0,0,0,0,0,0,0,0,0,0,0,0,0,0,0,0,0,0,0,0,0,0,0,0,0,0,0,0,0,0,0,0,0,0,0,0,0,0,0,0,0,0,0,0,0,0,0,0,0,0,0,0,0,0,0,0,0,0,0,0,0,0,0,0,0,0,0,0,0,0,0,0,0,0,0,0,0,0,0,0,0,0,0,0,0,0,0,0,0,0,0,0,0,0,0,0,0,0,0,0,0,0,0,0,0,0,0,0,0,0,0
999,0,0,0,0,0,0,0,0,0,0,0,0,0,0,0,0,0,0,0,0,0,0,0,0,0,0,0,0,0,0,0,0,0,0,0,0,0,0,0,0,0,0,0,0,0,0,0,0,0,0,0,0,0,0,0,0,0,0,0,4,0,0,0,0,0,0,0,0,0,0,0,0,0,4,0,3,0,0,0,12,0,0,0,0,0,0,0,0,0,0,0,0,0,0,0,0,0,0,0,0,0,0,0,0,0,0,0,0,0,0,0,0,0,0,0,0,0,0,0,0,0,0,0,0,0,0,0,0,0,0,0,0,0,0,0,0,0,0,0,0,0,0,0,0,0,0,0,0,0,0,0,0,0,0,0,0,0,0,0,0,0,0,0,0,0,0,0,0,0,0,0,0,0,0,0,0,0,0,0,0,0,0,0,0,0,0,0,0,0,0,0,0,0,0,0,0,0,0,0,0
