SA4_CODE_2021,M_15_19_Prvided_unpaid_assist,M_15_19_No_unpad_asst_prvided,M_15_19_Unpaid_assist_ns,M_15_19_Tot,M_20_24_Prvided_unpaid_assist,M_20_24_No_unpad_asst_prvided,M_20_24_Unpaid_assist_ns,M_20_24_Tot,M_25_34_Prvided_unpaid_assist,M_25_34_No_unpad_asst_prvided,M_25_34_Unpaid_assist_ns,M_25_34_Tot,M_35_44_Prvided_unpaid_assist,M_35_44_No_unpad_asst_prvided,M_35_44_Unpaid_assist_ns,M_35_44_Tot,M_45_54_Prvided_unpaid_assist,M_45_54_No_unpad_asst_prvided,M_45_54_Unpaid_assist_ns,M_45_54_Tot,M_55_64_Prvided_unpaid_assist,M_55_64_No_unpad_asst_prvided,M_55_64_Unpaid_assist_ns,M_55_64_Tot,M_65_74_Prvided_unpaid_assist,M_65_74_No_unpad_asst_prvided,M_65_74_Unpaid_assist_ns,M_65_74_Tot,M_75_84_Prvided_unpaid_assist,M_75_84_No_unpad_asst_prvided,M_75_84_Unpaid_assist_ns,M_75_84_Tot,M_85_ov_Prvided_unpaid_assist,M_85_ov_No_unpad_asst_prvided,M_85_ov_Unpaid_assist_ns,M_85_ov_Tot,M_Tot_prvided_unpaid_assist,M_Tot_No_unpaid_asst_prvided,M_Tot_Unpaid_assist_ns,M_Tot_Tot,F_15_19_Prvided_unpaid_assist,F_15_19_No_unpad_asst_prvided,F_15_19_Unpaid_assist_ns,F_15_19_Tot,F_20_24_Prvided_unpaid_assist,F_20_24_No_unpad_asst_prvided,F_20_24_Unpaid_assist_ns,F_20_24_Tot,F_25_34_Prvided_unpaid_assist,F_25_34_No_unpad_asst_prvided,F_25_34_Unpaid_assist_ns,F_25_34_Tot,F_35_44_Prvided_unpaid_assist,F_35_44_No_unpad_asst_prvided,F_35_44_Unpaid_assist_ns,F_35_44_Tot,F_45_54_Prvided_unpaid_assist,F_45_54_No_unpad_asst_prvided,F_45_54_Unpaid_assist_ns,F_45_54_Tot,F_55_64_Prvided_unpaid_assist,F_55_64_No_unpad_asst_prvided,F_55_64_Unpaid_assist_ns,F_55_64_Tot,F_65_74_Prvided_unpaid_assist,F_65_74_No_unpad_asst_prvided,F_65_74_Unpaid_assist_ns,F_65_74_Tot,F_75_84_Prvided_unpaid_assist,F_75_84_No_unpad_asst_prvided,F_75_84_Unpaid_assist_ns,F_75_84_Tot,F_85_ov_Prvided_unpaid_assist,F_85_ov_No_unpad_asst_prvided,F_85_ov_Unpaid_assist_ns,F_85_ov_Tot,F_Tot_prvided_unpaid_assist,F_Tot_No_unpaid_asst_prvided,F_Tot_Unpaid_assist_ns,F_Tot_Tot,P_15_19_Prvided_unpaid_assist,P_15_19_No_unpad_asst_prvided,P_15_19_Unpaid_assist_ns,P_15_19_Tot,P_20_24_Prvided_unpaid_assist,P_20_24_No_unpad_asst_prvided,P_20_24_Unpaid_assist_ns,P_20_24_Tot,P_25_34_Prvided_unpaid_assist,P_25_34_No_unpad_asst_prvided,P_25_34_Unpaid_assist_ns,P_25_34_Tot,P_35_44_Prvided_unpaid_assist,P_35_44_No_unpad_asst_prvided,P_35_44_Unpaid_assist_ns,P_35_44_Tot,P_45_54_Prvided_unpaid_assist,P_45_54_No_unpad_asst_prvided,P_45_54_Unpaid_assist_ns,P_45_54_Tot,P_55_64_Prvided_unpaid_assist,P_55_64_No_unpad_asst_prvided,P_55_64_Unpaid_assist_ns,P_55_64_Tot,P_65_74_Prvided_unpaid_assist,P_65_74_No_unpad_asst_prvided,P_65_74_Unpaid_assist_ns,P_65_74_Tot,P_75_84_Prvided_unpaid_assist,P_75_84_No_unpad_asst_prvided,P_75_84_Unpaid_assist_ns,P_75_84_Tot,P_85_ov_Prvided_unpaid_assist,P_85_ov_No_unpad_asst_prvided,P_85_ov_Unpaid_assist_ns,P_85_ov_Tot,P_Tot_prvided_unpaid_assist,P_Tot_No_unpaid_asst_prvided,P_Tot_Unpaid_assist_ns,P_Tot_Tot
101,321,5779,596,6696,311,4889,466,5678,857,11112,1287,13251,1431,10670,1064,13167,2027,12182,1209,15413,2619,13605,1310,17535,1819,12832,1097,15755,805,6431,673,7909,232,1809,289,2332,10427,79303,7991,97725,347,5255,487,6085,388,4440,369,5199,1404,11127,968,13501,2265,10744,950,13960,3315,11789,937,16034,3841,12892,1105,17838,2476,12022,1018,15513,995,6507,755,8257,164,2832,456,3448,15187,77611,7042,99836,670,11034,1078,12785,702,9332,839,10876,2261,22239,2252,26755,3695,21413,2010,27123,5334,23969,2149,31454,6459,26496,2413,35370,4290,24857,2118,31264,1799,12935,1427,16162,394,4638,743,5776,25609,156913,15038,197558
102,467,9443,615,10523,531,8337,513,9383,1224,16189,1204,18615,2000,16767,1154,19909,2762,17431,1197,21395,3053,17193,1045,21289,2118,15729,1043,18898,1306,9534,1005,11851,323,2885,716,3929,13787,113511,8489,135785,511,8703,538,9754,646,7956,506,9107,1999,16368,1137,19505,3582,16730,1135,21445,4733,17055,1006,22793,5146,17454,994,23597,3372,17222,1200,21797,1430,10995,1420,13850,278,4853,1481,6619,21703,117335,9426,148463,983,18147,1149,20276,1179,16294,1013,18486,3226,32557,2341,38119,5578,33496,2287,41358,7493,34483,2208,44183,8197,34647,2036,44882,5499,32950,2248,40693,2737,20532,2434,25702,606,7741,2203,10545,35488,230845,17915,284248
103,268,5772,640,6682,286,4872,650,5806,738,10137,1395,12266,1202,9429,1312,11940,1737,9970,1140,12847,2009,10794,1108,13916,1386,10048,951,12385,708,5597,663,6972,208,1653,223,2090,8540,68269,8095,84902,338,5168,506,6010,384,4557,413,5354,1368,10309,912,12591,2051,9248,890,12185,2898,9557,894,13355,3148,9979,883,14006,1915,9530,821,12259,795,5995,722,7516,145,2850,420,3417,13039,67193,6459,86692,608,10938,1147,12689,671,9427,1062,11161,2108,20445,2303,24861,3249,18668,2202,24125,4638,19533,2036,26203,5159,20773,1990,27917,3301,19578,1772,24652,1496,11596,1390,14480,353,4508,646,5504,21578,135463,14550,171594
104,207,3517,374,4101,173,2747,367,3291,502,5919,996,7415,762,6072,895,7727,1147,6698,797,8641,1633,7830,732,10197,1272,8367,603,10242,589,4400,469,5462,172,1355,235,1758,6455,46902,5460,58824,225,3292,336,3849,232,2604,239,3073,882,6093,649,7617,1378,6213,653,8243,2003,6857,607,9471,2593,7851,613,11056,1817,7981,601,10399,752,4693,598,6036,139,2114,462,2718,10021,47696,4752,62467,428,6808,705,7950,405,5351,614,6369,1381,12009,1638,15030,2144,12284,1549,15975,3155,13554,1401,18106,4228,15683,1346,21252,3094,16354,1203,20649,1337,9094,1068,11492,310,3468,693,4473,16480,94597,10219,121293
105,152,2713,541,3408,153,2409,472,3038,419,5948,1212,7578,562,4791,989,6344,828,4892,888,6613,1047,5649,864,7562,614,5089,716,6418,345,2718,468,3526,99,812,191,1104,4217,35028,6338,45590,167,2535,425,3133,173,2407,361,2945,808,6150,950,7914,1078,4694,866,6641,1347,4725,780,6852,1691,5215,752,7663,946,4623,643,6204,428,2957,588,3973,87,1331,349,1761,6727,34643,5713,47084,316,5251,973,6541,323,4820,834,5979,1228,12099,2162,15489,1634,9489,1850,12978,2177,9619,1665,13463,2740,10865,1617,15228,1560,9713,1357,12627,770,5675,1051,7498,186,2141,534,2866,10946,69675,12054,92669
106,427,8133,646,9202,403,7232,693,8325,1185,15234,1674,18093,1830,14119,1475,17424,2257,14285,1242,17779,2684,14339,1109,18133,2026,13103,951,16078,933,6939,724,8597,201,1767,290,2259,11946,95139,8804,115891,476,7376,531,8383,637,6773,440,7855,2118,15333,972,18420,3277,13615,911,17801,4002,13619,833,18448,4314,13747,807,18866,2754,12991,834,16575,1001,7354,772,9129,159,2959,546,3668,18740,93761,6650,119155,903,15504,1184,17584,1042,14002,1138,16178,3298,30566,2649,36516,5107,27733,2383,35227,6258,27900,2076,36228,7005,28085,1912,37003,4779,26092,1783,32654,1941,14291,1496,17724,359,4726,837,5922,30684,188906,15455,235041
107,428,8756,517,9703,557,9684,593,10836,1317,17499,1089,19903,1897,15953,937,18791,2895,15338,878,19114,3381,14840,767,18989,2055,12680,738,15471,1062,7376,687,9129,332,2329,522,3187,13927,104467,6734,125125,502,8396,526,9419,752,9217,526,10487,1979,17086,1025,20093,3178,15685,918,19780,4418,14973,771,20156,5130,14332,699,20163,2816,13254,769,16842,1122,8651,844,10615,223,3924,891,5039,20118,105508,6972,132598,923,17155,1044,19124,1312,18900,1117,21328,3295,34584,2120,39997,5074,31641,1852,38572,7316,30310,1648,39273,8514,29171,1468,39152,4866,25936,1510,32307,2191,16026,1527,19744,554,6249,1421,8227,34042,209978,13703,257723
108,310,5321,634,6267,301,4023,512,4835,768,7718,1066,9552,1217,8094,1005,10315,1879,9961,955,12794,2475,12813,1119,16402,2205,15226,1207,18637,1252,8776,884,10910,343,2571,481,3396,10743,74496,7867,93102,335,5065,539,5942,386,3803,335,4529,1353,8041,823,10220,2240,8259,809,11306,3237,9960,814,14011,4342,13073,974,18396,3160,14579,1157,18899,1308,9250,1095,11656,265,3987,883,5138,16623,76020,7446,100094,645,10380,1176,12206,685,7825,847,9356,2116,15762,1896,19774,3455,16351,1819,21625,5111,19918,1775,26807,6812,25884,2099,34795,5363,29798,2367,37531,2563,18026,1979,22565,613,6561,1362,8536,27361,150517,15313,193195
109,170,3066,377,3602,160,2705,283,3152,454,5674,615,6738,702,5247,574,6530,985,5615,627,7224,1197,6437,647,8281,881,6605,660,8142,478,3502,412,4386,132,1041,201,1382,5161,39889,4398,49443,189,2960,341,3485,256,2570,246,3073,787,5598,566,6944,1246,5246,558,7048,1616,5446,521,7584,2078,6058,608,8737,1312,6119,578,8014,550,3772,573,4889,104,1654,278,2032,8133,39425,4268,51818,351,6022,719,7090,416,5275,529,6222,1236,11270,1181,13683,1946,10495,1133,13574,2601,11068,1144,14812,3271,12490,1257,17022,2194,12727,1240,16158,1022,7270,984,9280,238,2697,476,3413,13293,79310,8662,101262
110,288,4735,742,5771,273,4205,689,5172,771,8645,1228,10649,1017,7738,1096,9843,1396,8188,1148,10734,1741,9157,1143,12042,1167,8646,1023,10835,675,4793,700,6162,155,1326,293,1773,7493,57425,8054,72974,365,4644,784,5790,368,4055,620,5044,1215,8944,1147,11307,1706,7741,1040,10485,2388,7838,1067,11300,2871,8626,1056,12547,1727,8084,926,10739,755,5407,817,6981,144,2264,490,2895,11547,57597,7945,77085,652,9374,1528,11556,640,8262,1311,10211,1990,17589,2373,21953,2714,15478,2132,20328,3792,16025,2213,22031,4618,17778,2196,24586,2891,16731,1946,21574,1434,10197,1520,13144,305,3586,780,4669,19034,115023,15995,150057
111,475,10348,625,11440,617,11964,812,13392,1611,22783,1401,25795,2405,20190,1204,23791,3320,19172,1085,23587,3929,17932,1009,22868,2777,16084,980,19845,1378,9333,832,11539,408,3013,572,3991,16914,130815,8528,156252,559,9863,597,11018,820,11524,673,13019,2514,22496,1194,26202,3991,19729,1028,24749,5488,18218,898,24609,6278,17389,892,24563,3936,16809,1081,21827,1612,10986,1180,13781,318,5391,1175,6888,25517,132411,8712,166643,1035,20205,1216,22461,1436,23485,1487,26409,4119,45282,2597,51995,6399,39912,2232,48540,8812,37395,1986,48194,10211,35318,1896,47431,6715,32893,2064,41675,2984,20321,2012,25316,722,8404,1749,10881,42428,263226,17241,322898
112,296,6071,698,7067,326,4841,519,5689,820,10169,1210,12195,1374,11485,1328,14186,2120,12375,1331,15829,2773,13816,1342,17933,2061,14012,1217,17291,988,7252,767,9007,316,2444,464,3212,11072,82465,8872,102417,346,5698,627,6668,419,4654,512,5582,1339,10999,1234,13567,2495,12004,1312,15808,3634,12469,1244,17344,4702,13609,1261,19570,3041,13754,1151,17945,1231,8013,970,10213,247,3995,879,5124,17442,85185,9196,111823,637,11764,1333,13741,746,9494,1036,11273,2153,21166,2444,25763,3864,23488,2639,29993,5756,24845,2574,33175,7473,27420,2610,37504,5102,27769,2362,35234,2215,15264,1739,19222,559,6438,1343,8337,28517,167652,18069,214236
113,236,4630,526,5390,242,4273,586,5102,637,8784,1145,10566,911,7510,1038,9448,1230,7406,962,9598,1462,7869,777,10113,998,6816,667,8481,538,3745,484,4772,134,1241,222,1594,6385,52273,6401,65059,311,4336,433,5079,367,4177,386,4933,1095,8558,740,10387,1575,7345,682,9604,2101,7001,651,9751,2402,7235,678,10311,1428,6489,636,8555,561,4207,559,5323,112,2149,394,2660,9952,51491,5156,66604,541,8962,956,10463,612,8448,968,10028,1731,17344,1886,20957,2482,14860,1717,19057,3328,14411,1610,19343,3868,15110,1452,20423,2428,13302,1298,17036,1105,7949,1045,10095,247,3390,614,4250,16331,103764,11559,131660
114,205,3789,348,4342,204,3065,335,3604,520,6573,794,7883,790,6510,772,8073,1250,7221,733,9197,1673,8742,685,11094,1434,9838,649,11921,850,5916,508,7274,218,1678,272,2168,7137,53324,5095,65553,227,3523,326,4072,227,2823,237,3294,850,6502,513,7874,1394,6464,517,8377,2048,7221,551,9816,2766,8812,600,12184,2064,10234,624,12922,929,6173,614,7720,167,2466,453,3093,10675,54235,4449,69352,425,7308,679,8411,433,5889,569,6898,1373,13075,1309,15749,2179,12978,1289,16449,3294,14441,1286,19016,4434,17555,1289,23275,3501,20072,1276,24844,1778,12091,1123,14997,385,4145,726,5266,17814,107556,9541,134907
115,408,8823,311,9541,426,7565,278,8268,689,11452,498,12638,1685,16391,662,18740,2221,15609,566,18399,2109,12734,414,15257,1279,10073,384,11728,616,5327,338,6282,165,1516,323,2000,9600,89488,3776,102863,387,8099,251,8733,451,6761,206,7423,1084,11628,528,13243,2554,17256,661,20478,3451,15407,507,19362,3226,12216,443,15885,1836,10309,402,12546,697,5714,433,6844,129,2378,512,3020,13813,89773,3945,107538,788,16920,564,18272,880,14325,484,15695,1771,23077,1031,25876,4244,33649,1326,39217,5675,31013,1075,37757,5336,24955,858,31141,3111,20383,785,24274,1311,11040,772,13127,296,3892,835,5023,23409,179261,7723,210397
116,515,11301,898,12713,692,12068,1248,14003,1721,24646,2873,29238,2990,28850,2526,34363,2632,19898,1590,24114,2042,15574,1065,18686,1269,10876,701,12850,583,4820,442,5840,132,1244,192,1569,12572,129265,11537,153377,617,10402,774,11798,824,10984,869,12680,2728,25988,2268,30979,4350,27468,2146,33967,3907,18627,1296,23831,3092,15386,938,19412,1746,11848,808,14402,578,5577,538,6700,91,2320,370,2770,17929,128602,10009,156538,1135,21704,1673,24508,1513,23048,2119,26679,4445,50635,5136,60222,7338,56317,4672,68328,6533,38522,2888,47949,5139,30956,2004,38101,3015,22727,1510,27249,1162,10393,983,12543,214,3565,560,4339,30507,257867,21538,309913
117,202,4449,334,4990,515,13316,1289,15119,1595,43371,3770,48734,1948,27570,2209,31732,2256,16845,1463,20560,1895,12535,1192,15617,930,8357,827,10108,438,4132,566,5139,122,1199,243,1566,9901,131773,11894,153568,226,4622,340,5183,544,14284,1209,16034,1942,41842,3298,47081,2406,23306,1721,27437,2921,13640,987,17551,2516,10355,803,13673,1397,8072,643,10113,566,4456,562,5585,87,1755,453,2297,12604,122334,10012,144949,430,9068,677,10170,1062,27598,2495,31157,3536,85216,7069,95819,4354,50878,3931,59167,5175,30479,2451,38106,4405,22893,1997,29296,2324,16425,1469,20220,1006,8586,1127,10722,214,2957,693,3864,22503,254107,21911,298518
118,273,5735,381,6387,379,6733,594,7711,896,20865,1950,23714,1423,16666,1413,19508,2103,13380,1051,16525,2174,10172,781,13135,1093,8278,593,9967,596,5060,556,6207,221,1819,508,2553,9168,88706,7834,105703,251,5496,308,6050,464,7406,497,8369,1224,23744,1658,26626,2114,17273,1091,20477,3230,13477,789,17501,3191,9984,574,13750,1730,8954,610,11289,872,6021,744,7641,187,2796,997,3986,13265,95147,7275,115684,525,11225,688,12440,839,14141,1096,16077,2121,44605,3602,50336,3541,33937,2503,39986,5331,26858,1836,34027,5368,20158,1361,26890,2824,17226,1207,21255,1467,11083,1297,13846,412,4622,1508,6538,22433,183858,15107,221391
119,798,15571,1169,17534,1124,19489,1798,22407,2738,42032,4286,49056,4001,34992,3217,42209,4973,28713,2297,35979,4583,27025,2018,33625,2508,20302,1494,24305,1356,11602,1312,14268,502,4516,942,5962,22584,204235,18536,245348,829,14245,1060,16132,1348,17526,1452,20323,3815,39920,3689,47425,6054,33272,2893,42217,7410,28632,2305,38350,6728,26501,1881,35109,3635,21084,1520,26240,1663,13175,1511,16349,363,6656,1818,8839,31839,201013,18127,250979,1621,29815,2228,33668,2473,37011,3248,42735,6554,81955,7972,96482,10053,68265,6109,84427,12386,57339,4608,74330,11313,53525,3903,68740,6142,41390,3012,50540,3012,24776,2822,30611,873,11170,2763,14802,54421,405246,36666,496332
120,303,6289,280,6876,490,10273,868,11632,1197,25334,1939,28465,1864,19898,1263,23027,2436,15322,797,18562,2452,12844,695,15994,1242,9755,549,11551,633,5438,435,6502,231,2154,314,2701,10856,107312,7133,125306,300,6076,281,6655,581,9619,633,10827,1588,25366,1741,28691,2582,19752,1125,23454,3999,16012,772,20774,3729,13218,665,17608,2050,10832,571,13458,841,6503,560,7902,185,3431,682,4294,15846,110804,7018,133677,593,12367,565,13528,1072,19890,1495,22463,2779,50697,3678,57158,4451,39649,2388,46480,6433,31332,1569,39339,6186,26063,1356,33603,3294,20594,1119,25007,1477,11941,990,14410,422,5586,996,7002,26702,218122,14153,258984
121,497,11711,341,12543,603,10353,421,11377,1115,22666,1128,24907,2432,27768,1171,31365,3421,24404,865,28692,3545,19003,701,23257,2116,14956,607,17682,1209,9290,493,11000,423,3370,370,4163,15356,143536,6103,164993,514,10886,334,11740,613,9957,353,10928,1475,24831,1123,27434,3604,30282,1202,35097,5563,25428,920,31910,5406,19141,711,25256,3215,16771,731,20721,1545,10846,705,13097,359,5443,875,6679,22295,153606,6965,182860,1006,22601,676,24286,1214,20317,774,22306,2592,47498,2253,52341,6038,58050,2376,66457,8983,49838,1783,60609,8949,38144,1412,48514,5329,31729,1344,38403,2752,20146,1204,24095,779,8811,1245,10839,37646,297135,13066,347853
122,298,7872,285,8455,321,6588,267,7175,661,12692,678,14025,1243,15015,725,16976,2181,16541,652,19374,2484,12977,581,16041,1343,9722,450,11509,743,6438,379,7559,250,2196,301,2746,9526,90024,4317,103861,311,7257,243,7811,399,5919,248,6568,903,13235,715,14847,1965,15883,683,18526,3740,16236,657,20634,3819,12109,506,16436,1969,10294,440,12706,944,7438,559,8939,222,3600,683,4499,14270,91967,4722,110961,612,15127,531,16263,721,12500,516,13740,1565,25928,1394,28875,3203,30894,1407,35504,5921,32770,1305,40004,6303,25090,1086,32479,3308,20019,888,24219,1689,13875,938,16501,476,5793,975,7243,23792,181990,9041,214822
123,383,8914,624,9924,496,8448,587,9528,1302,17071,1227,19609,2242,17663,1302,21206,2203,14936,994,18125,1861,12864,721,15445,1272,9836,602,11703,582,4313,523,5419,123,964,221,1305,10458,95002,6798,112256,521,8290,570,9383,617,7896,511,9020,2309,17964,1328,21602,3604,17231,1258,22092,3648,14040,876,18559,3206,12881,721,16806,1777,10281,697,12758,594,4835,671,6100,77,1703,591,2372,16355,95117,7222,118690,905,17207,1195,19300,1109,16342,1096,18548,3612,35039,2561,41205,5851,34892,2556,43295,5850,28973,1865,36693,5066,25739,1442,32242,3051,20114,1298,24464,1179,9147,1197,11516,195,2667,810,3676,26810,190121,14014,230946
124,464,9410,668,10537,524,9339,730,10590,1369,19212,1677,22259,2240,18612,1579,22427,2598,16857,1241,20695,2428,15282,902,18613,1686,12406,711,14801,754,5758,536,7046,182,1429,251,1858,12251,108307,8281,128840,523,8818,539,9883,689,8645,655,9985,2301,19625,1619,23544,3651,18279,1384,23317,4322,16182,1106,21612,4171,15183,793,20148,2277,13209,765,16254,776,6806,720,8305,132,2607,638,3370,18851,109353,8225,136424,987,18227,1205,20422,1212,17989,1378,20581,3673,38835,3295,45804,5896,36886,2963,45750,6920,33039,2343,42308,6603,30462,1691,38760,3959,25614,1478,31058,1533,12565,1260,15357,313,4035,883,5235,31102,217661,16504,265262
125,550,11567,956,13071,865,16524,1944,19333,2339,40561,5139,48038,3403,34627,3946,41971,3092,22515,2350,27963,2772,19433,1694,23899,1579,14005,1121,16706,875,7369,708,8948,275,2432,488,3190,15752,169030,18336,203119,645,10582,879,12104,1033,14361,1321,16711,3193,37392,3741,44316,4635,30314,2926,37869,4728,21157,1772,27662,4070,19171,1455,24695,2315,14437,1063,17808,957,8235,869,10057,180,3749,749,4676,21747,159395,14760,195903,1191,22150,1835,25171,1897,30888,3263,36044,5528,77953,8882,92360,8038,64936,6864,79837,7827,43677,4121,55620,6839,38604,3153,48592,3897,28442,2179,34513,1825,15605,1574,19004,452,6186,1232,7867,37496,328431,33095,399020
126,234,4918,170,5321,335,6002,287,6629,734,14146,884,15762,1266,13623,740,15631,1573,9999,458,12028,1654,8745,428,10826,992,6923,300,8217,463,3635,296,4394,190,1500,271,1960,7444,69491,3829,80762,207,4649,145,5009,323,5717,285,6330,984,14780,832,16598,1794,13873,679,16348,2287,10202,406,12897,2425,9092,387,11905,1425,7435,366,9222,590,4400,387,5375,149,2442,577,3173,10178,72599,4070,86849,444,9562,318,10329,660,11716,576,12954,1717,28921,1715,32358,3055,27502,1422,31980,3859,20197,859,24919,4080,17839,813,22731,2412,14359,664,17441,1054,8036,679,9771,342,3946,851,5131,17622,142094,7902,167614
127,668,14754,1163,16584,977,14575,1155,16709,2585,28131,2456,33171,3358,26031,2395,31785,3536,23552,1870,28957,2989,22364,1797,27154,1679,15074,1168,17915,755,7100,885,8733,203,2111,553,2865,16741,153686,13444,183872,820,13701,1013,15533,1161,13799,1012,15974,3646,28727,2466,34839,5246,26139,2296,33683,5691,23086,1777,30555,4892,21098,1582,27572,2525,15618,1197,19334,828,7903,1013,9739,154,3290,882,4325,24963,153359,13241,191563,1494,28452,2176,32117,2143,28373,2170,32683,6228,56857,4923,68011,8604,52174,4690,65464,9228,46636,3652,59513,7878,43468,3379,54724,4198,30685,2364,37252,1582,15005,1898,18477,356,5399,1437,7189,41702,307041,26686,375436
128,307,6709,223,7231,300,6111,213,6626,728,11581,577,12886,1266,12798,572,14641,2000,12862,550,15403,2390,10997,443,13833,1372,9194,365,10933,675,5282,362,6318,253,1881,307,2445,9289,77414,3619,90325,330,6241,198,6769,405,5714,175,6287,973,11942,539,13459,2095,13220,545,15853,3344,12592,476,16407,3539,10734,362,14640,1907,9641,399,11948,762,6237,522,7521,190,3019,776,3988,13543,79334,3997,96867,634,12945,424,14006,705,11821,390,12920,1703,23526,1116,26347,3354,26020,1114,30496,5344,25448,1026,31812,5930,21738,802,28471,3280,18838,768,22879,1442,11517,886,13841,449,4896,1083,6432,22830,156752,7615,187196
197,0,0,0,0,0,0,0,0,0,0,0,0,0,0,0,0,0,0,0,0,0,0,0,0,0,0,0,0,0,0,0,0,0,0,0,0,0,0,0,0,0,0,0,0,0,0,0,0,0,0,0,0,0,0,0,0,0,0,0,0,0,0,0,0,0,0,0,0,0,0,0,0,0,0,0,0,0,0,0,0,0,0,0,0,0,0,0,0,0,0,0,0,0,0,0,0,0,0,0,0,0,0,0,0,0,0,0,0,0,0,0,0,0,0,0,0,0,0,0,0
199,11,151,97,253,20,255,135,411,51,689,423,1164,72,541,491,1108,67,500,442,1010,84,544,317,949,54,465,138,648,15,122,40,166,0,11,4,19,372,3273,2085,5734,17,172,90,279,18,265,132,418,76,616,339,1022,70,392,285,749,93,365,210,666,95,464,147,698,41,301,59,404,8,77,22,104,0,19,12,32,417,2663,1300,4381,28,326,184,532,34,518,274,829,124,1303,757,2187,143,933,782,1859,156,872,646,1678,181,1005,463,1648,92,760,194,1055,19,193,58,277,3,25,16,49,787,5945,3382,10112
201,256,4577,364,5205,290,4167,339,4790,731,8786,712,10228,1126,7988,686,9803,1669,8484,759,10917,1839,8496,711,11043,1372,8110,690,10169,631,4196,516,5341,140,1221,261,1624,8056,56023,5038,69115,289,4269,369,4920,388,4024,298,4708,1255,8582,641,10476,1954,8155,596,10704,2765,8181,642,11587,3111,8201,598,11909,2016,8210,645,10869,711,4590,565,5865,115,2132,441,2696,12606,56341,4798,73740,549,8848,732,10126,676,8186,636,9501,1982,17373,1351,20702,3085,16144,1277,20511,4438,16661,1403,22505,4952,16689,1311,22951,3380,16319,1334,21034,1342,8788,1082,11207,260,3355,705,4317,20663,112359,9831,142855
202,224,4141,368,4738,273,3841,330,4438,687,7930,852,9464,1104,7652,769,9523,1508,8006,781,10303,1789,8165,747,10704,1332,8009,683,10026,611,4222,511,5342,162,1326,285,1781,7703,53291,5322,66314,287,4037,330,4656,363,3740,251,4352,1201,8170,628,10002,1901,7821,646,10373,2635,7754,653,11037,3060,8073,656,11797,1996,7946,648,10588,761,4495,582,5839,110,2099,531,2737,12323,54132,4923,71381,514,8177,700,9392,639,7576,580,8790,1898,16100,1473,19470,3011,15472,1415,19900,4149,15758,1436,21340,4851,16244,1406,22501,3323,15955,1336,20611,1374,8723,1090,11184,278,3423,818,4517,20026,107422,10248,137698
203,392,8463,553,9408,507,8801,703,10003,1340,18872,1660,21876,2049,16921,1394,20360,2893,15596,1181,19673,3196,14462,999,18661,2365,14031,999,17397,1103,7355,708,9172,300,2355,393,3048,14140,106855,8590,129587,460,7985,520,8967,658,8351,525,9533,2157,18595,1104,21849,3560,17265,1089,21909,5010,15120,927,21052,5576,14460,894,20919,3432,14734,1044,19209,1308,8508,928,10747,185,4000,713,4904,22344,109006,7740,139095,856,16448,1076,18372,1162,17149,1224,19539,3497,37462,2764,43726,5608,34186,2479,42274,7902,30719,2110,40725,8771,28923,1890,39586,5798,28765,2043,36603,2414,15864,1641,19915,482,6352,1107,7951,36484,215859,16335,268681
204,271,4749,496,5517,255,3944,394,4595,704,8206,794,9700,1126,7932,796,9852,1587,8859,823,11275,2004,10112,951,13068,1546,10092,910,12546,738,5242,572,6561,180,1526,233,1946,8416,60666,5969,75047,314,4267,469,5049,347,3429,338,4106,1141,8032,713,9890,1964,8034,725,10723,2860,8543,790,12199,3279,9693,866,13837,2222,9401,793,12421,892,5387,674,6958,139,2481,429,3050,13163,59271,5796,78234,580,9017,968,10563,602,7368,729,8704,1845,16235,1503,19590,3088,15965,1515,20571,4447,17408,1617,23472,5284,19806,1815,26908,3765,19495,1703,24963,1628,10636,1251,13515,321,4010,663,4995,21576,119937,11767,153276
205,399,6933,787,8120,465,6010,604,7068,1187,13201,1545,15931,1800,12404,1576,15772,2521,13384,1423,17328,3371,16281,1519,21171,2728,17383,1557,21666,1353,8882,1061,11297,301,2400,515,3215,14119,96877,10571,121572,534,6522,737,7793,581,5580,505,6672,2011,13480,1293,16790,3078,12358,1318,16752,4417,13177,1249,18848,5730,15892,1397,23021,3701,16649,1513,21864,1463,9140,1189,11790,202,3774,732,4716,21724,96582,9942,128245,938,13457,1521,15913,1045,11587,1113,13743,3200,26685,2837,32721,4876,24765,2889,32526,6943,26563,2668,36176,9100,32169,2918,44190,6427,34025,3073,43532,2818,18024,2253,23088,505,6177,1247,7929,35842,193462,20515,249821
206,488,10090,620,11202,1131,23716,1788,26641,3625,71341,5356,80322,3899,43792,3285,50981,5146,28014,2217,35375,5192,21067,1753,28011,2533,15506,1212,19248,1168,8411,833,10415,384,2949,472,3804,23569,224892,17546,266006,562,10995,663,12229,1529,27190,1957,30675,4805,75149,5245,85196,5326,41920,2864,50110,7937,26807,1879,36623,7655,19950,1497,29097,4040,16368,1193,21595,1610,9873,961,12443,324,4988,766,6077,33791,233231,17036,284057,1055,21083,1291,23434,2663,50905,3746,57314,8427,146491,10604,165518,9232,85710,6154,101098,13090,54820,4100,72005,12852,41011,3251,57113,6573,31873,2405,40849,2777,18288,1792,22859,710,7938,1240,9883,57364,458115,34575,550062
207,551,11166,393,12109,774,12621,615,14010,1420,21620,1339,24376,2207,19562,900,22670,3942,18827,861,23630,4259,16286,642,21188,2429,13125,556,16112,1459,8868,522,10853,572,3808,382,4758,17608,125883,6216,149715,539,10705,365,11605,849,11650,562,13055,1785,21450,1160,24394,3438,20854,902,25194,6387,19650,816,26853,6496,16314,695,23503,3816,14621,699,19137,1823,11156,699,13688,419,6360,728,7512,25559,132757,6620,164939,1091,21867,757,23713,1619,24273,1178,27065,3197,43071,2503,48770,5647,40419,1803,47868,10330,38478,1681,50484,10761,32596,1336,44690,6250,27750,1251,35247,3285,20031,1219,24535,987,10168,1111,12274,43165,258645,12842,314649
208,503,11853,417,12769,793,11144,490,12430,1541,22685,1352,25576,2648,23919,1157,27721,4688,23756,1023,29467,4735,18840,787,24358,2684,15104,716,18507,1290,8742,651,10679,495,3548,382,4420,19368,139592,6967,165927,579,11358,404,12339,870,10690,414,11979,2032,23510,1231,26776,3964,25319,1137,30426,7680,23872,1003,32552,7523,18188,795,26501,4184,16411,970,21564,1706,10924,889,13521,368,6676,865,7908,28910,146952,7698,183563,1079,23211,819,25117,1665,21833,907,24406,3573,46198,2582,52356,6607,49240,2299,58144,12364,47628,2027,62017,12254,37032,1581,50866,6869,31517,1685,40065,3005,19663,1535,24201,863,10219,1242,12330,48279,286547,14665,349489
209,692,14269,814,15777,971,15349,1048,17366,2598,34600,2302,39505,4168,34416,2025,40614,5246,27854,1550,34656,5068,22183,1258,28513,2985,17344,1066,21396,1447,9441,792,11676,437,3138,496,4066,23612,178605,11352,213566,772,13175,686,14632,1244,13856,767,15866,3827,34500,2070,40405,6357,33468,1779,41601,8712,25958,1401,36074,8316,21491,1188,30997,4487,18310,1165,23962,1656,11018,951,13627,319,5298,819,6438,35700,177077,10822,223604,1464,27444,1501,30410,2215,29206,1816,33231,6431,69100,4379,79907,10529,67890,3807,82221,13959,53810,2956,70726,13387,43677,2447,59510,7471,35658,2224,45359,3102,20461,1738,25301,751,8437,1313,10509,59307,355682,22176,437166
210,579,11530,835,12944,759,12442,1007,14211,2311,28337,2541,33196,3379,26349,2081,31808,3803,20192,1506,25501,3433,17141,1145,21714,1968,11968,738,14669,1027,6807,602,8437,320,2472,308,3093,17578,137242,10758,165579,712,10563,714,11992,1118,10878,774,12776,3638,27558,2091,33290,5351,24632,1815,31796,6379,18973,1382,26741,5701,15864,1026,22592,2937,12908,826,16667,1189,8133,748,10075,211,3960,543,4717,27243,133480,9926,170650,1291,22096,1548,24940,1882,23324,1783,26989,5950,55898,4633,66484,8738,50981,3892,63605,10185,39167,2889,52242,9126,33001,2178,44310,4901,24873,1559,31338,2219,14938,1352,18511,525,6435,852,7813,44822,270723,20681,336226
211,676,14863,588,16127,863,14173,632,15671,2090,27852,1462,31399,3686,29490,1361,34537,5189,27755,1359,34313,5460,24763,1040,31261,3447,19975,909,24332,1742,11163,818,13721,495,3529,507,4532,23657,173566,8674,205898,727,13418,537,14681,1144,12746,525,14421,3339,27599,1301,32234,5829,29688,1325,36842,8579,27067,1115,36762,8946,23788,1052,33787,5226,21438,1070,27731,1992,13249,1131,16357,305,5936,1032,7282,36085,174925,9087,220103,1401,28283,1124,30811,2010,26920,1160,30089,5428,55445,2762,63632,9522,59180,2687,71380,13775,54822,2471,71072,14404,48548,2093,65046,8672,41416,1979,52068,3727,24406,1945,30085,809,9472,1541,11817,59748,348494,17763,425997
212,1096,23987,1465,26552,1622,28181,2147,31952,4185,59447,5303,68929,6150,54145,3846,64140,6774,42420,2690,51892,6016,34942,2106,43062,3863,25432,1519,30810,2088,14648,1256,17994,657,5030,642,6328,32442,288226,20980,341651,1227,22387,1381,24988,2026,25071,1666,28762,6279,55870,4288,66444,9147,51533,3338,64012,10650,40219,2497,53359,9655,32993,2023,44674,5815,26934,1737,34490,2404,16883,1494,20783,421,8196,1153,9768,47624,280085,19576,347284,2321,46373,2852,51538,3647,53250,3817,60714,10466,115316,9589,135372,15297,105673,7178,128149,17426,82638,5189,105254,15667,67939,4129,87733,9674,52366,3254,65298,4491,31536,2750,38777,1080,13225,1792,16090,80067,568314,40556,688939
213,980,21541,1703,24223,1424,24184,2619,28223,4216,59549,7047,70814,7005,60682,5795,73482,6669,41435,3419,51521,5561,31522,2299,39381,3325,22809,1614,27746,1498,10428,1043,12961,379,3024,416,3818,31058,275172,25948,332176,1177,20388,1512,23082,1816,21495,1795,25110,6792,59912,5500,72199,10283,56937,4411,71635,10599,38788,2806,52192,8832,30341,2031,41202,4947,23450,1623,30017,1589,11985,1125,14698,276,5333,835,6447,46304,268630,21632,336570,2160,41926,3220,47305,3238,45680,4420,53336,11005,119461,12542,143011,17292,117620,10205,145115,17266,80223,6225,103717,14392,61864,4321,80576,8272,46257,3235,57764,3080,22408,2166,27656,654,8356,1253,10261,77366,543801,47584,668748
214,398,8192,560,9155,400,7102,436,7944,1125,14274,1078,16476,1967,14868,1114,17951,2819,15941,1232,19988,3207,14875,1056,19136,2349,14028,995,17371,1198,8594,864,10652,384,2747,539,3666,13839,100621,7877,122334,437,7273,577,8283,570,6444,443,7452,1877,14264,1022,17164,3411,15100,1068,19583,4899,15614,1093,21605,5421,14600,980,20994,3546,15015,1107,19666,1423,9861,1136,12419,279,4129,970,5380,21863,102291,8388,132541,840,15468,1136,17441,968,13548,879,15401,3005,28540,2095,33635,5377,29974,2180,37531,7718,31552,2327,41592,8628,29474,2034,40137,5889,29046,2103,37037,2620,18453,1996,23071,662,6870,1509,9042,35705,202912,16264,254875
215,203,3713,473,4384,237,3534,371,4144,661,7840,1057,9561,875,6638,947,8461,1266,6997,929,9196,1706,8414,983,11104,1216,7615,911,9746,549,4162,626,5336,165,1444,296,1897,6876,50355,6595,63831,242,3326,386,3956,325,3116,311,3752,1085,7595,781,9459,1541,6357,740,8635,2160,6738,693,9593,2740,7457,748,10947,1657,7020,733,9415,686,4550,686,5917,135,2428,477,3033,10577,48579,5552,64712,446,7035,858,8340,562,6650,680,7898,1747,15433,1838,19014,2416,12995,1686,17096,3424,13739,1623,18791,4445,15872,1728,22053,2876,14635,1648,19161,1236,8707,1312,11254,299,3871,774,4936,17457,98941,12151,128539
216,191,3623,419,4240,236,3028,320,3583,557,6423,771,7754,795,5820,683,7293,1198,6569,710,8476,1378,7083,693,9148,1025,6709,647,8378,565,3910,529,5007,127,1243,230,1592,6062,44408,5014,55482,230,3157,358,3741,288,2878,264,3426,972,6454,666,8095,1429,5743,630,7796,2069,5968,592,8627,2258,6577,623,9453,1536,6402,611,8547,587,4003,599,5183,102,1886,396,2383,9456,43071,4730,57259,422,6782,780,7982,527,5909,584,7014,1528,12880,1437,15849,2216,11565,1309,15095,3267,12537,1304,17103,3631,13654,1319,18610,2559,13110,1260,16928,1154,7909,1131,10196,229,3128,626,3977,15524,87474,9743,112743
217,160,3290,371,3816,176,2707,228,3103,497,5939,515,6951,736,5482,502,6722,1134,6207,561,7902,1530,6981,547,9056,1059,6889,575,8525,477,3498,409,4387,127,1093,196,1413,5893,42090,3889,51875,215,2995,324,3542,252,2415,169,2837,822,5701,437,6956,1308,5399,493,7198,1961,5950,464,8374,2490,6611,538,9634,1492,6517,551,8560,581,3846,485,4906,91,1938,352,2384,9210,41369,3815,54393,378,6285,694,7353,428,5118,397,5941,1319,11640,951,13911,2044,10887,995,13918,3101,12153,1018,16268,4016,13592,1077,18691,2555,13405,1128,17082,1057,7345,889,9292,218,3037,553,3801,15107,83461,7700,106267
297,0,0,0,0,0,0,0,0,0,0,0,6,0,4,9,16,0,0,3,3,0,3,7,10,0,0,0,4,0,0,0,0,0,0,0,0,0,11,24,36,0,0,0,0,0,0,0,0,0,0,0,0,0,0,0,0,0,0,0,0,0,0,3,6,0,0,0,0,0,0,0,0,0,0,0,0,0,0,3,6,0,0,0,0,0,0,0,0,0,0,0,6,0,4,9,16,0,0,3,3,0,6,9,14,0,0,0,4,0,0,0,0,0,0,0,0,0,13,27,38
299,6,130,97,234,26,199,127,345,46,506,391,939,56,422,524,1008,81,366,467,912,57,290,295,644,36,225,132,392,5,61,30,90,0,4,6,15,316,2202,2062,4576,12,127,91,229,34,195,92,321,79,485,310,878,82,304,346,730,81,220,181,479,79,229,118,429,23,133,62,224,5,47,7,58,0,13,9,19,394,1754,1219,3373,22,255,187,459,56,392,215,671,128,991,698,1819,136,731,871,1736,157,586,645,1393,139,520,416,1074,60,353,199,613,12,102,37,152,6,17,13,29,714,3955,3282,7946
301,327,7261,270,7856,338,5968,300,6606,725,10892,613,12230,1372,12984,648,15006,1932,13572,722,16227,2207,12291,611,15110,1620,10282,568,12464,780,5441,448,6664,199,1500,347,2045,9489,80190,4516,94193,329,6539,273,7141,368,5209,250,5825,1222,11218,539,12987,2552,13349,604,16509,3521,13597,609,17719,3717,12096,542,16354,2341,10786,555,13680,919,6095,615,7626,134,2479,701,3314,15113,81363,4680,101156,654,13798,544,14997,703,11173,548,12431,1950,22108,1148,25213,3925,26335,1253,31512,5451,27172,1326,33944,5926,24385,1148,31466,3958,21069,1120,26149,1694,11534,1055,14286,336,3972,1046,5357,24598,161551,9197,195353
302,262,5755,245,6257,304,6271,399,6973,859,15088,1001,16955,1403,14677,810,16891,1848,11887,622,14360,1817,9321,447,11586,1050,7222,389,8658,602,4002,331,4934,178,1566,236,1979,8330,75789,4486,88597,283,5447,214,5942,426,6397,329,7146,1294,15709,842,17849,2255,14479,623,17359,2963,11631,460,15056,2813,9227,383,12419,1681,7727,386,9799,825,5355,422,6596,161,2931,591,3686,12704,78907,4243,95851,552,11200,449,12203,729,12665,723,14116,2152,30799,1847,34804,3659,29153,1440,34255,4808,23517,1078,29413,4628,18550,830,24008,2729,14950,781,18455,1428,9359,747,11532,345,4496,828,5665,21034,154694,8727,184450
303,435,9921,436,10794,608,12988,839,14438,1546,27770,1894,31212,2388,24919,1383,28691,2860,18727,1016,22606,2596,14337,777,17710,1617,10596,547,12765,808,5731,371,6905,231,1949,183,2369,13090,126950,7437,147481,489,9587,410,10490,759,12674,710,14142,2168,27673,1600,31438,3670,24991,1207,29873,4486,18277,810,23576,4157,14249,691,19099,2354,11402,508,14265,951,6799,505,8254,173,3571,442,4184,19205,129225,6895,155320,924,19512,849,21283,1366,25664,1556,28582,3714,55440,3494,62651,6060,49912,2597,58565,7346,37006,1827,46177,6759,28582,1466,36808,3968,21998,1054,27025,1759,12529,875,15159,406,5521,627,6553,32299,256167,14330,302801
304,275,6895,195,7364,282,6655,355,7303,551,9435,492,10472,1134,11226,434,12794,1691,10773,381,12846,1525,7717,306,9555,1047,6310,225,7583,553,3717,164,4435,162,1159,123,1444,7222,63874,2685,73781,266,6541,187,6990,339,6067,218,6622,771,9622,406,10802,1806,11969,401,14174,2697,10840,302,13836,2470,7593,245,10307,1618,6866,238,8715,664,4223,238,5124,105,2163,255,2527,10734,65884,2474,79104,543,13435,379,14353,624,12722,577,13919,1324,19051,894,21274,2939,23193,833,26964,4388,21615,680,26684,4001,15308,554,19864,2661,13173,462,16295,1217,7941,402,9557,265,3327,381,3973,17959,129762,5157,152886
305,295,7191,343,7830,471,12942,887,14299,1271,29006,2392,32663,1521,20044,1509,23072,2152,15728,1095,18971,2104,11061,778,13944,1079,7316,552,8945,430,3463,344,4236,113,1040,154,1308,9429,107785,8048,125263,332,7303,411,8043,685,14696,997,16375,1551,29156,2110,32815,2152,19000,1184,22337,3328,14828,792,18947,3125,10090,641,13863,1589,7173,465,9229,505,3849,359,4712,82,1864,262,2206,13341,107967,7222,128533,625,14494,754,15874,1157,27631,1883,30667,2814,58162,4500,65488,3668,39046,2691,45413,5480,30552,1885,37922,5230,21155,1417,27803,2668,14491,1017,18169,931,7306,701,8943,194,2907,417,3515,22771,215748,15274,253794
306,315,6579,913,7804,297,5378,851,6527,806,12226,2123,15156,1319,12098,1756,15177,1905,13316,1832,17059,2064,13491,1619,17176,1484,11322,1346,14152,645,5456,739,6843,168,1444,313,1927,9003,81317,11504,101817,403,6110,779,7291,359,5114,776,6251,1371,13010,1938,16321,2316,13092,1600,17012,3186,13330,1484,17999,3212,12728,1318,17260,2050,10288,1091,13429,796,5276,737,6814,121,2010,434,2569,13813,80969,10168,104950,716,12686,1693,15096,661,10488,1630,12780,2174,25240,4066,31475,3642,25188,3355,32189,5087,26651,3320,35054,5272,26224,2935,34431,3538,21616,2432,27588,1443,10734,1478,13655,293,3457,748,4493,22822,162277,21669,206767
307,178,3256,444,3879,170,2827,423,3424,413,5701,899,7005,694,5242,699,6634,988,6186,821,7995,1204,6876,869,8955,866,6479,716,8059,439,3451,480,4369,114,924,194,1232,5075,40930,5544,51552,207,2948,401,3562,207,2576,328,3112,716,5743,737,7198,1176,5447,663,7289,1679,5955,727,8361,1880,6300,700,8886,1130,5688,637,7452,473,3449,538,4458,85,1378,293,1756,7561,39486,5022,52074,391,6204,847,7446,378,5401,751,6530,1125,11448,1635,14203,1871,10690,1360,13919,2665,12135,1545,16348,3085,13176,1573,17837,2001,12169,1348,15512,913,6896,1021,8831,198,2308,488,2990,12632,80419,10575,103622
308,303,6474,721,7494,263,5468,810,6536,805,11790,2006,14602,1283,11536,2075,14896,1574,11437,1866,14878,1873,11737,1607,15211,1214,8794,967,10972,549,4052,537,5141,142,1094,235,1477,8000,72391,10824,91214,340,5885,626,6853,377,5337,559,6276,1454,12046,1245,14744,2329,11336,1186,14850,2645,10909,1093,14651,2973,10510,1000,14486,1548,7746,751,10048,628,4392,596,5618,113,1674,398,2180,12405,69839,7460,89710,635,12357,1350,14351,637,10807,1371,12816,2255,23836,3246,29341,3615,22873,3257,29745,4221,22345,2961,29532,4841,22248,2604,29700,2759,16544,1723,21026,1180,8447,1135,10759,257,2769,633,3660,20404,142229,18283,180921
309,705,17067,1177,18946,776,17177,1491,19441,2081,36326,3769,42176,3410,35262,3043,41714,4559,34256,2810,41625,4496,29283,2180,35961,3233,25321,1905,30460,1917,14331,1424,17675,465,3928,791,5189,21632,212957,18601,253192,842,16390,1132,18368,1034,17929,1517,20482,3364,38552,3588,45507,5971,36277,2899,45150,7806,34378,2543,44722,7792,29764,2102,39655,5147,26776,1899,33817,2155,15372,1804,19327,343,5961,1581,7881,34453,221393,19074,274915,1544,33460,2313,37315,1815,35101,3008,39925,5441,74882,7361,87681,9379,71539,5945,86865,12366,68629,5356,86348,12282,59047,4279,75612,8374,52095,3810,64273,4076,29701,3227,37005,806,9889,2371,13071,56085,434350,37672,528109
310,585,10637,984,12206,685,10211,1366,12255,1617,21503,3420,26543,2468,20132,2805,25406,2735,17896,1915,22548,2647,15509,1283,19438,1699,11181,852,13735,835,5436,562,6831,181,1417,259,1858,13455,113927,13440,140826,708,10225,851,11783,801,9975,889,11659,2970,22541,2075,27590,4185,20049,1746,25978,4571,17411,1332,23317,4257,14684,1025,19968,2391,11249,816,14458,859,6245,713,7809,113,2297,468,2874,20859,114674,9913,145446,1298,20865,1833,23991,1482,20180,2258,23919,4586,44044,5496,54131,6651,40180,4552,51386,7311,35314,3251,45864,6904,30197,2300,39407,4091,22430,1671,28192,1699,11677,1267,14646,298,3713,728,4732,34315,228600,23358,286265
311,567,10809,1093,12469,630,10278,1028,11933,1703,21024,2269,24992,2457,19320,2042,23821,2505,17640,1660,21812,2291,15003,1176,18468,1621,11866,805,14290,861,5715,515,7091,152,1368,210,1726,12788,113026,10796,136608,676,9959,937,11570,849,9768,957,11571,2914,21151,2246,26309,4199,18901,1871,24975,4365,16962,1455,22783,3957,14634,998,19586,2414,12324,924,15658,836,6182,696,7719,97,2231,429,2756,20307,112107,10516,142933,1242,20772,2029,24043,1474,20043,1987,23503,4612,42177,4512,51304,6660,38224,3911,48793,6878,34601,3116,44589,6240,29638,2176,38061,4031,24190,1725,29951,1698,11898,1212,14808,246,3596,636,4487,33092,225137,21308,279545
312,200,4622,554,5381,185,4297,881,5368,521,9708,2378,12604,919,9541,2077,12539,1102,9581,2076,12753,1246,9382,1718,12347,825,6727,883,8433,376,3027,456,3855,87,796,159,1032,5457,57675,11180,74315,215,4292,517,5019,244,4245,684,5178,949,10145,1542,12635,1514,9387,1196,12089,1894,8793,1141,11826,2021,8251,1003,11269,1137,5795,627,7565,427,3015,439,3887,69,1251,233,1549,8463,55173,7380,71016,412,8915,1072,10398,430,8547,1564,10543,1467,19854,3922,25239,2431,18926,3273,24629,2997,18372,3215,24580,3263,17632,2719,23611,1963,12519,1513,15993,802,6043,899,7740,153,2040,386,2586,13916,112849,18562,145327
313,366,7201,557,8131,392,6342,727,7455,1034,12019,1717,14770,1532,11945,1481,14953,2086,13091,1235,16417,2164,12799,914,15878,1923,12781,853,15552,1041,7195,678,8917,218,1962,281,2460,10751,85349,8441,104531,450,6701,526,7680,535,5955,492,6982,1918,12293,1052,15268,3129,12100,996,16227,3794,12884,965,17644,3834,13059,797,17693,2953,13616,850,17413,1145,7831,766,9744,167,2909,544,3617,17930,87343,6985,112255,817,13901,1084,15811,920,12299,1216,14440,2949,24311,2774,30033,4658,24046,2474,31179,5879,25973,2202,34059,5992,25860,1715,33568,4871,26395,1700,32966,2190,15033,1444,18666,385,4869,824,6077,28677,172689,15424,216792
314,298,6822,298,7426,299,6008,317,6625,795,12427,784,14004,1487,13300,720,15500,1712,12444,613,14770,1571,9009,397,10977,1161,6598,301,8060,500,3251,189,3943,107,716,104,926,7924,70579,3726,82229,400,6463,270,7133,378,5780,283,6442,1395,13061,717,15176,2540,13578,649,16768,3081,12060,494,15627,2590,8935,329,11850,1558,7027,317,8897,540,3646,290,4479,58,1328,218,1604,12546,71881,3564,87990,703,13291,574,14561,679,11793,602,13072,2195,25494,1498,29186,4024,26880,1368,32269,4792,24505,1100,30394,4157,17945,720,22820,2716,13620,624,16960,1044,6899,481,8423,163,2042,325,2531,20470,142460,7297,170216
315,111,1995,425,2537,95,2153,556,2804,310,4675,1337,6325,352,3794,1023,5171,432,3834,903,5170,440,3948,758,5148,262,2571,455,3285,96,1144,236,1480,22,244,60,326,2124,24360,5755,32237,132,1791,342,2268,144,2166,350,2661,493,4844,734,6071,612,3842,579,5040,661,3581,613,4855,630,3412,590,4627,349,2002,337,2686,115,974,204,1299,22,329,65,416,3159,22944,3808,29910,245,3791,765,4804,239,4321,904,5463,804,9522,2074,12397,968,7634,1603,10209,1100,7412,1511,10021,1066,7363,1345,9773,611,4564,789,5970,213,2123,440,2775,47,574,119,739,5282,47301,9559,62149
316,495,10594,675,11764,430,8381,653,9473,1067,17434,1567,20068,1902,19257,1669,22828,3004,20995,1729,25728,3282,20498,1379,25156,2712,19883,1252,23846,1580,11357,936,13883,439,3382,551,4371,14908,131791,10416,157110,492,10228,639,11357,528,8620,619,9769,1807,18625,1429,21865,3668,20440,1431,25539,5275,21721,1401,28402,6157,21625,1341,29122,4174,20783,1255,26219,1797,12340,1191,15322,312,4974,1009,6296,24207,139365,10318,173886,987,20818,1317,23120,957,17008,1281,19242,2871,36059,2997,41927,5572,39701,3097,48364,8285,42722,3131,54134,9437,42120,2722,54274,6887,40674,2504,50066,3375,23696,2125,29199,754,8356,1562,10669,39119,271151,20731,330997
317,282,4921,356,5561,245,4482,355,5085,613,9186,756,10562,924,7866,585,9371,1251,7346,592,9192,1294,6960,487,8738,984,6094,422,7499,558,3565,301,4431,163,1112,151,1430,6315,51542,4007,61863,300,4821,307,5427,299,4572,359,5233,1095,9470,599,11159,1737,7944,527,10210,2094,7577,431,10102,2302,6975,449,9727,1482,6650,439,8571,695,4343,437,5473,93,2086,279,2458,10100,54438,3821,68358,577,9750,664,10992,549,9057,714,10312,1707,18658,1352,21719,2661,15812,1108,19577,3345,14921,1019,19294,3592,13932,938,18465,2467,12739,864,16065,1258,7913,740,9907,254,3201,432,3892,16413,105982,7828,130221
318,347,6579,783,7713,370,7205,1434,9005,904,13199,2189,16295,1306,11183,1791,14281,1668,11517,1583,14767,1799,11084,1259,14144,1273,8967,834,11078,639,4319,491,5452,124,1132,199,1455,8430,75190,10566,94185,386,6649,656,7689,482,6851,715,8053,1430,12957,1484,15873,2357,11580,1240,15174,2770,11384,1149,15303,3007,10494,864,14366,1828,8412,696,10938,718,4707,535,5955,93,1974,336,2401,13067,75012,7673,95753,738,13230,1435,15403,849,14061,2153,17056,2331,26155,3677,32165,3666,22760,3030,29457,4438,22899,2728,30071,4801,21583,2126,28512,3103,17382,1536,22014,1357,9022,1024,11404,217,3105,533,3857,21498,150196,18240,189937
319,478,7499,850,8821,425,5780,680,6891,1073,11481,1550,14100,1644,11265,1499,14404,2495,13880,1675,18044,3278,17358,1737,22370,2983,19586,1736,24311,1655,10874,1178,13708,331,2681,431,3445,14360,100411,11325,126106,467,6931,683,8083,538,5542,508,6584,1906,11581,1212,14704,3222,11640,1114,15977,4393,13927,1348,19668,5576,17326,1528,24430,4256,18469,1617,24345,1638,10576,1328,13548,252,3922,640,4810,22249,99916,9986,132150,944,14427,1534,16904,963,11324,1189,13476,2979,23062,2755,28800,4867,22906,2611,30385,6887,27805,3024,37716,8849,34687,3268,46806,7239,38055,3354,48658,3298,21450,2507,27252,585,6602,1067,8257,36611,200327,21319,258256
397,0,0,0,0,0,4,9,4,0,8,30,37,0,14,45,55,0,12,31,42,0,0,3,3,0,0,0,3,0,0,0,0,0,0,0,0,0,37,108,149,0,0,0,0,0,0,4,9,0,3,13,13,0,0,5,7,0,0,0,0,0,0,0,4,0,0,0,0,0,0,0,0,0,0,0,0,0,3,24,28,0,0,0,0,0,3,14,16,0,11,34,49,0,13,52,64,0,12,32,45,0,0,8,5,0,0,0,3,0,0,0,0,0,0,0,0,0,46,135,183
399,9,193,70,272,12,271,153,444,58,839,408,1301,66,652,467,1194,59,575,403,1042,102,879,313,1297,96,952,214,1253,29,207,42,283,0,16,8,23,445,4586,2077,7108,15,214,61,291,19,339,127,493,79,896,369,1345,89,527,270,885,112,556,222,887,156,827,195,1170,83,674,113,870,9,131,24,160,0,22,3,25,566,4176,1386,6127,24,406,133,566,37,615,278,934,138,1732,777,2649,159,1179,737,2077,177,1136,623,1929,259,1700,503,2468,181,1623,324,2124,37,336,70,444,0,31,16,44,1008,8758,3464,13234
401,375,8522,338,9233,506,10095,516,11121,1059,18360,1123,20544,1818,16846,925,19588,2928,16003,821,19748,3433,14219,703,18354,2211,12829,588,15626,1162,7364,435,8954,352,2809,270,3430,13837,107044,5721,126599,428,8266,370,9066,601,9771,459,10838,1442,18301,909,20652,2788,17274,671,20730,4624,15372,639,20641,5492,13655,597,19746,3380,13707,645,17732,1479,9003,599,11090,259,5057,486,5804,20498,110421,5364,136278,801,16786,707,18294,1112,19867,974,21957,2500,36658,2032,41193,4605,34122,1593,40315,7552,31373,1457,40385,8922,27875,1300,38099,5588,26542,1231,33358,2639,16373,1031,20042,612,7871,756,9235,34336,217464,11086,262885
402,611,12445,749,13806,893,14187,891,15974,2291,29473,2067,33827,3292,26387,1900,31580,3722,22395,1475,27595,3914,20200,1084,25199,2515,15655,914,19080,1294,8595,646,10533,332,2852,382,3569,18864,152180,10111,181160,664,11483,688,12833,1061,12638,684,14386,3880,28080,1714,33671,5445,24345,1426,31216,5938,20681,1170,27790,6168,19549,950,26664,3574,16777,931,21282,1393,10497,908,12799,229,4676,652,5557,28350,148726,9118,186196,1273,23935,1435,26643,1960,26824,1582,30363,6168,57557,3781,67498,8742,50723,3324,62792,9663,43082,2642,55385,10081,39745,2037,51867,6085,32433,1848,40363,2684,19089,1555,23332,560,7522,1033,9116,47216,300906,19229,367357
403,449,10028,434,10911,600,10123,457,11183,1482,20536,1059,23077,2405,20209,975,23593,3221,19349,971,23546,3885,17767,859,22516,2913,16474,754,20143,1347,9033,557,10946,390,3194,305,3897,16706,126721,6373,149800,528,9470,393,10392,760,9881,401,11045,2223,20619,897,23736,3953,20548,863,25353,5388,18440,774,24597,6404,17758,792,24956,4235,17774,820,22829,1601,10468,734,12801,268,5651,562,6486,25362,130599,6229,162191,976,19493,827,21302,1364,20004,860,22229,3704,41158,1954,46809,6358,40757,1834,48951,8610,37786,1742,48143,10292,35528,1648,47464,7146,34247,1576,42973,2956,19501,1291,23747,661,8844,873,10381,42066,257324,12601,311995
404,265,5660,294,6220,432,7492,397,8317,1111,17077,980,19172,1625,13780,760,16161,2260,12377,713,15350,2653,11864,663,15181,1512,9285,440,11238,712,5243,333,6287,279,2372,177,2831,10860,85150,4750,100761,315,5302,215,5825,577,7280,350,8198,1624,16616,800,19037,2442,13309,677,16428,3474,11805,529,15807,4109,11151,536,15794,2300,10025,487,12810,932,6759,461,8146,214,4198,279,4690,15991,86440,4327,106759,580,10959,506,12052,1003,14776,746,16525,2735,33694,1776,38206,4069,27089,1431,32592,5735,24184,1245,31160,6762,23018,1194,30976,3809,19308,925,24047,1646,12003,793,14441,499,6567,460,7525,26849,171592,9076,207522
405,159,2693,284,3136,158,2297,179,2631,341,4633,363,5336,604,4625,424,5657,965,5514,512,6985,1305,7162,594,9062,1102,7015,543,8663,485,3737,390,4609,120,1035,175,1332,5244,38714,3457,47417,156,2451,231,2833,163,2052,135,2353,616,4389,349,5351,1116,4598,362,6073,1574,5289,443,7307,2107,6374,523,8997,1410,6463,514,8383,536,3843,415,4797,63,1673,236,1977,7733,37126,3205,48067,318,5143,516,5968,324,4347,313,4985,961,9026,706,10690,1717,9223,784,11731,2535,10795,957,14294,3410,13536,1113,18061,2506,13479,1057,17043,1023,7584,802,9401,185,2708,411,3306,12975,75839,6660,95480
406,110,2004,256,2367,112,1813,295,2224,324,4404,836,5557,449,3827,695,4970,657,4126,678,5458,801,4659,542,5990,495,3753,377,4623,250,1935,265,2443,74,558,96,723,3272,27064,4033,34373,119,1747,255,2117,150,1709,168,2034,564,4290,462,5319,743,3589,387,4716,1034,3817,450,5303,1166,3923,413,5505,685,3305,340,4329,273,2046,237,2553,47,845,138,1032,4784,25269,2851,32906,231,3753,508,4487,271,3525,464,4259,884,8694,1299,10875,1194,7418,1081,9685,1698,7934,1128,10764,1963,8578,952,11494,1186,7057,715,8955,520,3975,503,4997,118,1401,232,1759,8059,52333,6886,67276
407,264,4617,489,5365,265,3909,414,4590,696,8038,1095,9832,993,7911,1134,10039,1549,9409,1076,12035,2100,11010,1042,14148,1739,11917,1007,14666,954,6487,675,8115,244,1939,255,2432,8806,65224,7198,81231,291,4161,403,4861,321,3467,278,4070,1083,7848,617,9551,1684,7701,629,10023,2541,8732,727,11996,3435,10281,802,14523,2513,11160,901,14571,978,6798,740,8516,180,2929,437,3549,13029,63085,5541,81655,557,8781,886,10226,590,7374,695,8662,1777,15888,1720,19380,2684,15612,1766,20059,4092,18142,1802,24037,5539,21286,1845,28670,4250,23075,1908,29238,1926,13288,1421,16630,426,4870,691,5989,21835,128313,12739,162889
497,0,0,0,0,0,0,0,0,0,0,0,0,0,0,0,3,0,0,6,5,0,0,0,0,0,0,0,0,0,0,0,0,0,0,0,0,0,3,4,12,0,0,0,0,0,0,0,0,0,0,0,0,0,0,0,0,0,0,0,0,0,0,0,0,0,0,0,0,0,0,0,0,0,0,0,0,0,0,0,0,0,0,0,0,0,0,0,0,0,0,0,0,0,0,0,3,0,0,6,5,0,0,0,0,0,0,0,0,0,0,0,0,0,0,0,0,0,3,4,12
499,9,50,14,74,6,78,27,108,23,216,88,320,24,169,95,289,28,176,95,299,20,194,102,311,17,149,46,214,4,24,5,40,4,0,0,7,138,1055,470,1668,13,76,19,112,13,75,19,95,32,196,74,305,32,131,82,245,23,111,45,178,29,143,27,197,23,101,17,141,4,20,4,26,0,4,0,10,166,850,288,1306,24,131,33,186,19,153,39,206,56,406,165,627,61,294,176,534,53,280,146,478,49,331,130,513,35,259,60,359,11,50,11,64,4,10,6,11,307,1907,763,2975
501,220,4977,390,5592,171,3680,323,4170,503,8171,1078,9749,946,9418,1176,11545,1321,9967,1221,12512,1625,9945,933,12506,1213,9501,786,11501,600,4598,449,5652,158,1216,227,1602,6750,61489,6589,74828,275,4709,385,5373,201,3293,277,3777,905,8626,683,10211,1797,9962,736,12489,2391,9915,731,13035,2884,9768,719,13371,1787,9100,704,11586,708,4737,554,5999,122,1907,349,2381,11074,62020,5138,78232,491,9684,779,10963,369,6976,604,7948,1404,16800,1757,19963,2740,19380,1913,24032,3713,19882,1952,25548,4512,19714,1651,25879,2995,18608,1490,23091,1309,9335,1005,11650,276,3126,576,3986,17821,123503,11725,153058
502,139,2686,192,3015,137,2278,208,2623,297,4396,484,5171,464,4599,588,5653,632,5111,573,6312,820,5487,461,6760,774,5968,424,7166,473,3694,332,4504,141,982,176,1301,3878,35200,3434,42513,146,2624,206,2971,190,2313,183,2686,557,4802,359,5715,919,4955,379,6255,1237,5222,376,6833,1611,5606,350,7565,1220,6146,364,7731,522,3810,413,4746,108,1358,329,1794,6516,36836,2946,46298,285,5311,395,5986,323,4590,394,5306,849,9197,837,10886,1388,9552,967,11904,1873,10332,947,13147,2434,11088,809,14327,1999,12116,788,14903,993,7508,745,9248,248,2340,506,3095,10395,72036,6380,88811
503,198,4654,177,5030,273,5647,418,6339,624,13572,1364,15555,855,11477,902,13230,1345,9547,682,11574,1670,7872,578,10124,1037,6500,480,8013,463,3617,360,4440,165,1279,194,1644,6629,64162,5156,75953,208,4722,210,5143,344,6136,445,6927,834,13852,985,15671,1316,11054,608,12980,2270,9059,448,11778,2738,7168,412,10317,1593,6359,445,8401,653,3900,375,4927,166,2256,347,2769,10129,64503,4279,78909,410,9373,394,10172,618,11780,865,13265,1453,27422,2349,31226,2173,22527,1506,26204,3612,18609,1128,23348,4412,15039,998,20445,2632,12856,928,16415,1118,7517,737,9364,332,3537,538,4406,16763,128669,9431,154860
504,355,7474,423,8253,395,7504,680,8574,1081,17183,2087,20355,1602,16974,1927,20498,2032,14390,1501,17925,2030,12755,1071,15859,1296,9482,571,11344,661,4699,412,5771,168,1322,236,1725,9626,91787,8906,110313,419,6761,380,7566,489,7055,445,7993,1750,17926,1213,20893,2637,16578,1023,20243,3370,14138,857,18368,3559,12074,641,16277,2012,9630,537,12181,726,5258,485,6469,110,2273,383,2763,15079,91700,5971,112749,775,14237,806,15820,888,14557,1124,16571,2836,35109,3302,41245,4239,33550,2949,40744,5408,28528,2357,36289,5586,24830,1719,32139,3302,19115,1105,23530,1387,9957,895,12238,275,3597,617,4488,24699,183486,14877,223065
505,653,16386,737,17773,763,15803,1014,17578,1767,33959,2694,38421,2974,35490,2624,41088,4101,31785,2237,38118,4175,26017,1608,31802,2900,20339,981,24220,1352,10460,756,12573,441,3283,439,4162,19130,193521,13086,225736,724,15212,721,16665,978,15174,770,16927,2964,35902,2110,40983,5081,36140,1813,43031,6815,31150,1426,39387,7154,25692,1136,33981,4506,21566,1107,27168,1656,12410,1030,15091,325,5685,755,6762,30192,198943,10863,239995,1381,31599,1460,34435,1744,30978,1784,34506,4734,69868,4808,79404,8055,71635,4437,84122,10904,62934,3660,77506,11323,51711,2743,65784,7409,41901,2085,51388,3013,22874,1781,27668,767,8965,1190,10928,49322,392462,23948,465735
506,643,14126,837,15601,755,16464,1375,18590,2021,34652,3563,40243,3217,33951,3142,40310,3533,27096,2449,33073,3492,22394,1754,27636,2542,17705,1056,21303,1149,8895,750,10792,312,2707,517,3540,17670,177985,15438,211086,729,13355,764,14847,1040,15350,1017,17408,3135,34885,2570,40585,4948,33035,2092,40074,5820,25107,1522,32455,5985,21429,1233,28644,3882,18212,1063,23153,1418,9970,1040,12428,245,4410,960,5616,27205,175752,12252,215211,1366,27480,1599,30444,1799,31810,2394,35999,5158,69540,6132,80825,8170,66979,5234,80385,9353,52204,3965,65525,9473,43815,2985,56276,6422,35916,2112,44457,2568,18861,1789,23222,563,7116,1478,9154,44870,353737,27690,426298
507,535,12248,676,13464,612,11919,1045,13576,1438,25328,2753,29517,2376,26056,2641,31073,3157,23653,2005,28818,3531,19885,1437,24857,2325,15355,918,18600,1207,8107,716,10027,346,2611,465,3417,15530,145154,12657,173340,611,11760,620,12995,823,11863,714,13401,2390,26723,1685,30801,4177,26915,1395,32489,5624,23124,1183,29928,5987,19395,977,26356,3587,16163,917,20661,1277,9156,899,11331,253,4258,821,5338,24727,149364,9213,183300,1143,24015,1296,26454,1437,23781,1760,26979,3826,52049,4441,60317,6554,52967,4037,63557,8781,46776,3187,58745,9524,39282,2412,51211,5916,31519,1825,39261,2482,17262,1618,21356,597,6868,1285,8752,40259,294513,21873,356647
509,200,3229,441,3866,157,2572,375,3099,389,5620,1033,7044,637,5882,1069,7586,1011,6939,1077,9033,1377,8210,1112,10696,1003,7872,872,9744,474,3884,532,4891,145,1066,208,1416,5392,45272,6713,57378,177,2907,365,3451,161,2184,265,2607,642,5516,619,6776,1157,5853,686,7693,1683,6621,809,9105,2112,7566,835,10511,1373,6871,761,9010,550,3712,574,4831,98,1491,302,1888,7963,42731,5206,55894,375,6139,806,7320,319,4756,635,5712,1029,11131,1657,13823,1792,11739,1750,15284,2695,13561,1885,18137,3494,15776,1941,21212,2379,14749,1633,18757,1026,7593,1103,9724,243,2561,508,3308,13349,87998,11919,113275
510,115,1953,452,2526,135,1976,623,2731,392,6321,2001,8719,525,6262,1889,8683,391,5017,1534,6944,284,3797,1113,5191,119,1438,364,1923,32,381,99,508,4,68,19,91,1997,27211,8087,37300,121,1781,399,2308,186,1892,457,2534,564,6360,1443,8365,684,5465,1135,7284,597,3902,877,5377,393,2829,617,3837,166,1114,239,1524,44,319,83,448,5,74,32,113,2755,23747,5287,31785,241,3739,853,4829,319,3862,1083,5265,956,12684,3447,17080,1210,11731,3023,15963,988,8918,2405,12321,679,6628,1728,9031,280,2548,605,3443,72,703,179,949,9,142,52,204,4753,50961,13377,69087
511,139,2828,469,3438,125,2745,642,3514,336,6374,1569,8276,537,6028,1406,7976,703,6407,1393,8504,834,6476,1144,8448,523,4748,724,5993,262,2155,402,2813,72,544,118,734,3526,38308,7866,49699,136,2554,433,3120,154,2563,439,3161,582,6139,955,7681,948,5677,981,7608,1128,5803,832,7762,1240,5477,758,7475,713,4087,571,5369,273,2104,357,2732,56,788,176,1015,5220,35198,5503,45919,274,5381,900,6553,280,5308,1087,6674,918,12513,2522,15956,1485,11710,2390,15584,1829,12209,2224,16262,2073,11952,1906,15931,1232,8836,1298,11367,530,4260,762,5542,124,1333,290,1749,8741,73503,13376,95614
597,0,3,7,7,0,9,13,25,0,54,44,99,6,82,71,157,0,54,46,103,0,30,20,55,0,6,4,14,0,0,0,0,0,0,0,0,15,243,202,455,0,0,0,3,0,5,5,11,0,8,3,14,0,9,3,11,0,5,8,9,0,5,0,3,0,5,0,4,0,0,0,0,0,0,0,0,0,39,19,61,0,5,3,6,0,15,15,31,0,67,46,116,6,90,80,170,0,61,48,109,0,35,21,62,0,9,3,18,0,0,0,0,0,0,0,0,15,280,222,516
599,12,65,44,118,14,157,133,295,27,402,391,822,38,359,531,926,36,297,514,842,29,303,331,667,25,269,152,444,3,64,48,118,0,7,9,14,175,1922,2149,4247,12,74,60,147,12,141,103,256,21,404,266,692,55,277,284,613,38,213,219,468,43,278,160,477,24,197,95,316,0,23,14,38,0,5,12,16,205,1613,1215,3030,22,137,104,261,24,297,237,562,51,803,659,1512,88,637,809,1543,67,508,737,1313,70,578,493,1144,50,467,243,758,5,92,61,155,0,12,23,30,380,3536,3360,7285
601,302,6192,385,6871,387,6678,415,7479,1182,17497,1245,19920,1384,13093,930,15407,1917,11550,752,14213,2330,11291,652,14272,1639,10084,608,12337,827,5281,458,6566,208,1707,192,2116,10167,83373,5632,99180,349,5733,371,6453,507,6468,365,7341,1718,17103,1019,19834,2531,12991,730,16250,3244,11610,582,15439,3798,11284,587,15666,2468,10666,667,13805,980,6475,577,8028,165,2997,355,3516,15763,85319,5242,106333,647,11923,748,13323,894,13145,781,14817,2897,34600,2262,39761,3918,26082,1653,31656,5160,23163,1338,29653,6121,22578,1236,29934,4112,20753,1280,26145,1813,11756,1027,14594,377,4705,549,5631,25934,168700,10875,205506
602,198,3740,294,4228,226,3822,321,4364,635,8491,644,9763,789,6881,487,8160,1192,7350,512,9054,1389,8170,554,10113,1099,7608,594,9300,563,4053,381,4995,126,1156,188,1467,6212,51275,3972,61450,229,3539,247,4015,291,3565,264,4115,985,8031,510,9528,1450,6935,432,8816,2055,7417,436,9909,2494,7804,524,10821,1592,7476,577,9645,619,4503,477,5601,112,1861,297,2274,9826,51121,3767,64723,422,7279,541,8241,511,7389,585,8480,1620,16518,1150,19292,2237,13818,919,16981,3248,14764,946,18961,3881,15974,1078,20938,2693,15082,1172,18944,1182,8554,856,10599,241,3020,486,3742,16034,102396,7739,126171
603,61,947,136,1141,51,806,82,939,150,1654,170,1970,243,1855,175,2269,365,2216,184,2766,504,2842,277,3623,410,2741,291,3445,165,1237,152,1559,31,250,62,333,1975,14545,1520,18042,50,795,89,933,52,681,73,804,226,1645,174,2044,465,1769,160,2393,588,1948,184,2721,769,2593,246,3611,466,2348,221,3040,134,1012,157,1300,25,306,62,394,2783,13089,1372,17243,116,1737,224,2076,106,1480,156,1742,376,3292,345,4013,704,3621,339,4662,954,4164,368,5484,1269,5438,528,7233,878,5093,514,6486,304,2252,307,2862,55,554,126,733,4757,27631,2899,35295
604,136,2833,273,3243,149,2610,201,2958,390,5742,435,6570,665,4849,432,5954,946,5729,492,7166,1211,6565,486,8259,946,6022,508,7484,498,3248,354,4095,98,881,152,1138,5046,38488,3333,46869,168,2696,232,3093,226,2513,165,2901,820,5570,404,6795,1198,4939,363,6499,1600,5712,412,7723,2030,6356,434,8823,1348,5955,472,7781,504,3537,427,4469,72,1487,186,1744,7959,38773,3094,49827,306,5524,504,6336,381,5120,363,5864,1211,11315,838,13363,1859,9796,802,12453,2546,11441,905,14892,3242,12926,920,17082,2301,11983,984,15263,999,6781,779,8560,174,2373,340,2887,13007,77259,6425,96692
697,0,0,0,0,0,0,0,0,0,0,0,4,0,3,0,7,0,3,0,7,0,0,0,0,0,0,0,0,0,0,0,0,0,0,0,0,0,9,3,13,0,0,0,0,0,0,0,0,0,0,0,0,0,0,0,0,0,0,0,0,0,0,0,0,0,0,0,0,0,0,0,0,0,0,0,0,0,0,0,0,0,0,0,0,0,0,0,0,0,0,0,4,0,5,0,4,0,3,0,7,0,0,0,0,0,0,0,0,0,0,0,0,0,0,0,0,0,11,3,19
699,5,25,9,43,4,54,9,71,6,88,40,135,11,69,29,99,12,87,29,130,11,61,32,104,0,48,48,90,0,13,4,18,0,0,0,0,54,437,198,689,7,36,11,48,8,36,10,53,13,74,11,92,15,62,21,97,12,48,17,78,17,60,27,98,6,38,33,72,3,7,4,13,0,0,0,4,70,363,127,561,5,67,19,95,16,92,15,119,12,155,55,228,21,132,53,198,25,132,46,203,26,119,55,199,3,85,75,163,5,19,10,31,0,0,0,3,126,798,322,1248
701,170,3318,427,3914,180,4001,722,4903,609,10387,1754,12750,819,8616,1388,10821,914,7279,1169,9359,685,6043,770,7494,427,3934,496,4858,162,1463,197,1830,33,283,51,370,3999,45340,6968,56309,223,3139,378,3735,198,3518,429,4144,983,10932,1280,13199,1319,8912,1050,11286,1330,6926,790,9043,1166,5364,607,7139,658,3449,405,4513,187,1393,197,1776,28,352,80,465,6087,43989,5227,55301,391,6457,804,7651,381,7521,1149,9046,1597,21317,3033,25950,2135,17534,2437,22108,2244,14205,1961,18400,1849,11409,1379,14637,1087,7384,902,9374,349,2861,401,3608,59,638,139,833,10086,89325,12198,111611
702,250,2659,457,3375,303,2533,493,3326,663,5985,1222,7872,608,4918,987,6512,514,4079,770,5358,386,3460,642,4487,191,1974,338,2507,45,617,115,780,9,103,17,123,2960,26331,5041,34338,277,2399,388,3057,374,2524,321,3225,892,6572,926,8392,903,4963,739,6607,794,4184,618,5597,611,3394,507,4514,270,1753,278,2299,75,561,88,722,13,163,27,198,4203,26510,3896,34608,525,5059,845,6424,679,5058,815,6550,1551,12558,2157,16263,1508,9883,1726,13120,1309,8261,1387,10954,991,6851,1148,8995,461,3732,614,4809,115,1175,208,1499,19,266,43,326,7164,52844,8942,68943
797,0,5,0,4,0,6,0,6,0,12,3,16,0,13,4,22,6,9,5,18,0,10,3,17,0,0,0,0,0,0,0,0,0,0,0,0,5,60,22,83,0,0,0,0,0,3,0,3,0,3,0,4,0,0,0,0,0,3,0,3,0,0,0,0,0,0,0,0,0,0,0,0,0,0,0,0,0,5,0,11,0,5,0,4,0,6,0,6,0,15,6,23,0,13,4,22,6,12,5,19,0,10,3,17,0,0,0,0,0,0,0,0,0,0,0,0,4,65,28,94
799,0,11,15,30,0,35,48,84,10,181,104,292,9,167,129,305,12,156,150,311,6,178,115,300,9,141,53,205,0,24,11,33,0,4,0,6,41,891,636,1567,0,29,31,64,5,59,38,99,15,215,137,364,17,143,103,268,14,144,122,280,17,158,108,279,4,81,33,114,0,13,0,17,0,0,0,4,72,836,571,1486,4,44,43,95,9,89,87,183,23,395,242,661,26,309,236,573,17,295,276,591,23,332,226,579,9,219,88,318,0,32,16,49,0,4,0,7,115,1724,1209,3052
801,640,12064,686,13386,845,15064,1137,17042,2085,34215,2334,38637,3202,29424,1652,34275,3954,22650,1185,27785,3740,17243,883,21866,2308,13619,690,16625,1315,6964,505,8781,357,2242,274,2868,18447,153479,9342,181261,689,11543,669,12899,998,15123,1016,17132,2852,34232,1910,38992,4708,28981,1317,35006,5728,21674,944,28342,5604,17139,719,23462,3548,14714,756,19022,1528,8411,624,10556,282,3543,490,4315,25944,155352,8442,189730,1327,23604,1352,26286,1844,30182,2151,34174,4939,68453,4243,77634,7909,58404,2967,69285,9680,44314,2129,56126,9345,34381,1606,45328,5859,28338,1448,35639,2846,15370,1123,19340,638,5785,760,7180,44384,308832,17783,370996
897,0,0,0,0,0,0,0,0,0,0,0,0,0,0,0,0,0,0,0,0,0,0,0,0,0,0,0,0,0,0,0,0,0,0,0,0,0,0,0,0,0,0,0,0,0,0,0,0,0,0,0,0,0,0,0,0,0,0,0,0,0,0,0,0,0,0,0,0,0,0,0,0,0,0,0,0,0,0,0,0,0,0,0,0,0,0,0,0,0,0,0,0,0,0,0,0,0,0,0,0,0,0,0,0,0,0,0,0,0,0,0,0,0,0,0,0,0,0,0,0
899,3,16,4,23,5,31,7,44,10,40,10,60,4,34,30,62,5,29,19,53,3,19,16,38,0,14,9,21,0,0,4,6,0,0,0,0,33,182,100,315,3,34,0,37,4,38,4,40,7,35,5,53,7,23,7,33,0,23,7,30,4,26,8,35,5,4,4,10,0,4,0,8,0,0,0,0,28,184,34,249,6,47,4,58,8,71,7,82,15,80,21,108,10,58,35,104,6,49,29,77,7,45,22,78,4,20,10,34,0,5,5,10,0,0,0,4,62,372,131,560
901,5,69,17,88,4,65,43,108,6,166,163,335,23,201,105,328,29,232,86,347,41,283,62,378,28,247,48,318,11,91,24,120,4,26,3,36,149,1374,546,2068,9,83,19,103,11,82,13,108,18,170,52,240,27,226,51,310,51,219,42,316,64,275,47,382,36,202,32,267,16,94,22,135,0,27,7,34,229,1376,288,1887,10,148,35,189,10,142,58,218,26,339,210,577,49,433,151,638,81,449,126,665,101,550,110,765,61,443,76,587,30,186,47,257,8,51,5,62,373,2748,832,3953
997,0,0,0,0,0,0,0,0,0,0,0,0,0,0,0,0,0,0,0,0,0,0,0,0,0,0,0,0,0,0,0,0,0,0,0,0,0,0,0,0,0,0,0,0,0,0,0,0,0,0,0,0,0,0,0,0,0,0,0,0,0,0,0,0,0,0,0,0,0,0,0,0,0,0,0,0,0,0,0,0,0,0,0,0,0,0,0,0,0,0,0,0,0,0,0,0,0,0,0,0,0,0,0,0,0,0,0,0,0,0,0,0,0,0,0,0,0,0,0,0
999,0,0,0,0,0,0,0,0,0,0,0,4,0,0,0,0,0,0,0,0,0,0,0,3,0,0,0,0,0,0,0,0,0,0,0,0,0,5,5,6,0,0,0,0,0,0,0,0,0,0,0,0,0,0,0,0,0,0,0,0,0,0,0,0,0,0,0,0,0,0,0,0,0,0,0,0,0,0,0,4,0,0,0,0,0,0,0,0,0,0,0,4,0,0,0,0,0,0,0,0,0,5,4,3,0,0,0,0,0,0,0,0,0,0,0,0,0,9,8,11
