SA4_CODE_2021,COB_Aus_Arth,COB_Aus_Asth,COB_Aus_Canc_rem,COB_Aus_Dem_Alzh,COB_Aus_Dia_ges_dia,COB_Aus_HD_HA_ang,COB_Aus_Kid_dis,COB_Aus_LC_COPD_emph,COB_Aus_MHC_dep_anx,COB_Aus_Stroke,COB_Aus_oth_LTHC,COB_Aus_no_LTHC,COB_AUS_LTHC_NS,COB_Aus_Tot,COB_Bo_Ocea_Ant_Arth,COB_Bo_Ocea_Ant_Asth,COB_Bo_Ocea_Ant_Can_rem,COB_Bo_Ocea_Ant_Dem_Alzh,COB_Bo_Ocea_Ant_Dia_ges_dia,COB_Bo_Ocea_Ant_HD_HA_ang,COB_Bo_Ocea_Ant_Kid_dis,COB_Bo_Ocea_Ant_LC_COPD_emph,COB_Bo_Ocea_Ant_MHC_dep_anx,COB_Bo_Ocea_Ant_Stroke,COB_Bo_Ocea_Ant_oth_LTHC,COB_Bo_Ocea_Ant_no_LTHC,COB_Bo_Ocea_Ant_LTHC_NS,COB_Bo_Ocea_Ant_Tot,COB_Bo_UK_CI_IM_Arth,COB_Bo_UK_CI_IM_Asth,COB_Bo_UK_CI_IM_Can_rem,COB_Bo_UK_CI_IM_Dem_Alzh,COB_Bo_UK_CI_IM_Dia_ges_dia,COB_Bo_UK_CI_IM_HD_HA_ang,COB_Bo_UK_CI_IM_Kid_dis,COB_Bo_UK_CI_IM_LC_COPD_emph,COB_Bo_UK_CI_IM_MHC_dep_anx,COB_Bo_UK_CI_IM_Stroke,COB_Bo_UK_CI_IM_oth_LTHC,COB_Bo_UK_CI_IM_no_LTHC,COB_Bo_UK_CI_IM_LTHC_NS,COB_Bo_UK_CI_IM_Tot,COB_Bo_NW_Eu_Arth,COB_Bo_NW_Eu_Asth,COB_Bo_NW_Eu_Can_rem,COB_Bo_NW_Eu_Dem_Alzh,COB_Bo_NW_Eu_Dia_ges_dia,COB_Bo_NW_Eu_HD_HA_ang,COB_Bo_NW_Eu_Kid_dis,COB_Bo_NW_Eu_LC_COPD_emph,COB_Bo_NW_Eu__MHC_Dep_anx,COB_Bo_NW_Eu_Stroke,COB_Bo_NW_Eu_oth_LTHC,COB_Bo_NW_Eu_no_LTHC,COB_Bo_NW_Eu_LTHC_NS,COB_Bo_NW_Eu_Tot,COB_Bo_SE_Eu_Asth,COB_Bo_SE_Eu_Arth,COB_Bo_SE_Eu_Can_rem,COB_Bo_SE_Eu_Dem_Alzh,COB_Bo_SE_Eu_Dia_ges_dia,COB_Bo_SE_Eu_HD_HA_ang,COB_Bo_SE_Eu_Kid_dis,COB_Bo_SE_Eu_LC_COPD_emph,COB_Bo_SE_Eu_MHC_Dep_anx,COB_Bo_SE_Eu_Stroke,COB_Bo_SE_Eu_oth_LTHC,COB_Bo_SE_Eu_no_LTHC,COB_Bo_SE_Eu_LTHC_NS,COB_Bo_SE_Eu_Tot,COB_Bo_NA_ME_Asth,COB_Bo_NA_ME_Arth,COB_Bo_NA_ME_Can_rem,COB_Bo_NA_ME_Dem_Alzh,COB_Bo_NA_ME_Dia_ges_dia,COB_Bo_NA_ME_HD_HA_ang,COB_Bo_NA_ME_Kid_dis,COB_Bo_NA_ME_LC_COPD_emph,COB_Bo_NA_ME_MHC_Dep_anx,COB_Bo_NA_ME_Stroke,COB_Bo_NA_ME_oth_LTHC,COB_Bo_NA_ME_no_LTHC,COB_Bo_NA_ME_LTHC_NS,COB_Bo_NA_ME_Tot,COB_Bo_SE_Asia_Arth,COB_Bo_SE_Asia_Asth,COB_Bo_SE_Asia_Can_rem,COB_Bo_SE_Asia_Dem_Alzh,COB_Bo_SE_Asia_Dia_ges_dia,COB_Bo_SE_Asia_HD_HA_ang,COB_Bo_SE_Asia_Kid_dis,COB_Bo_SE_Asia_LC_COPD_emph,COB_Bo_SE_Asia_MHC_Dep_anx,COB_Bo_SE_Asia_Stroke,COB_Bo_SE_Asia_oth_LTHC,COB_Bo_SE_Asia_no_LTHC,COB_Bo_SE_Asia_LTHC_NS,COB_Bo_SE_Asia_Tot,COB_Bo_NE_Asia_Arth,COB_Bo_NE_Asia_Asth,COB_Bo_NE_Asia_Can_rem,COB_Bo_NE_Asia_Dem_Alzh,COB_Bo_NE_Asia_Dia_ges_dia,COB_Bo_NE_Asia_HD_HA_ang,COB_Bo_NE_Asia_Kid_dis,COB_Bo_NE_Asia_LC_COPD_emph,COB_Bo_NE_Asia_MHC_Dep_anx,COB_Bo_NE_Asia_Stroke,COB_Bo_NE_Asia_oth_LTHC,COB_Bo_NE_Asia_no_LTHC,COB_Bo_NE_Asia_LTHC_NS,COB_Bo_NE_Asia_Tot,COB_Bo_SC_Asia_Arth,COB_Bo_SC_Asia_Asth,COB_Bo_SC_Asia_Can_rem,COB_Bo_SC_Asia_Dem_Alzh,COB_Bo_SC_Asia_Dia_ges_dia,COB_Bo_SC_Asia_HD_HA_ang,COB_Bo_SC_Asia_Kid_dis,COB_Bo_SC_Asia_LC_COPD_emph,COB_Bo_SC_Asia_MHC_Dep_anx,COB_Bo_SC_Asia_Stroke,COB_Bo_SC_Asia_oth_LTHC,COB_Bo_SC_Asia_no_LTHC,COB_Bo_SC_Asia_LTHC_NS,COB_Bo_SC_Asia_Tot,COB_Bo_Amer_Arth,COB_Bo_Amer_Asth,COB_Bo_Amer_Can_rem,COB_Bo_Amer_Dem_Alzh,COB_Bo_Amer_Dia_ges_dia,COB_Bo_Amer_HD_HA_ang,COB_Bo_Amer_Kid_dis,COB_Bo_Amer_LC_COPD_emph,COB_Bo_Amer_MHC_Dep_anx,COB_Bo_Amer_Stroke,COB_Bo_Amer_oth_LTHC,COB_Bo_Amer_no_LTHC,COB_Bo_Amer_LTHC_NS,COB_Bo_Amer_Tot,COB_Bo_SS_Afr_Arth,COB_Bo_SS_Afr_Asth,COB_Bo_SS_Afr_Can_rem,COB_Bo_SS_Afr_Dem_Alzh,COB_Bo_SS_Afr_Dia_ges_dia,COB_Bo_SS_Afr_HD_HA_ang,COB_Bo_SS_Afr_Kid_dis,COB_Bo_SS_Afr_LC_COPD_emph,COB_Bo_SS_Afr_MHC_Dep_anx,COB_Bo_SS_Afr_Stroke,COB_Bo_SS_Afr_oth_LTHC,COB_Bo_SS_Afr_no_LTHC,COB_Bo_SS_Afr_LTHC_NS,COB_Bo_SS_Afr_Tot,COB_Bo_Tot_ob_Arth,COB_Bo_Tot_ob_Asth,COB_Bo_Tot_ob_Can_rem,COB_Bo_Tot_ob_Dem_Alzh,COB_Bo_Tot_ob_Dia_ges_dia,COB_Bo_Tot_ob_HD_HA_ang,COB_Bo_Tot_ob_Kid_dis,COB_Bo_Tot_ob_LC_COPD_emph,COB_Bo_Tot_ob_MHC_Dep_anx,COB_Bo_Tot_ob_Stroke,COB_Bo_Tot_ob_oth_LTHC,COB_Bo_Tot_ob_no_LTHC,COB_Bo_Tot_ob_LTHC_NS,COB_Bo_Tot_ob_Tot,COB_COB_NS_Arth,COB_COB_NS_Asth,COB_COB_NS_Can_rem,COB_COB_NS_Dem_Alzh,COB_COB_NS_Dia_ges_dia,COB_COB_NS_HD_HA_ang,COB_COB_NS_Kid_dis,COB_COB_NS_LC_COPD_emph,COB_COB_NS__MHC_Dep_anx,COB_COB_NS_Stroke,COB_COB_NS_oth_LTHC,COB_COB_NS_no_LTHC,COB_COB_NS_LTHC_NS,COB_COB_NS_Tot,COB_Tot_Arth,COB_Tot_Asth,COB_Tot_Can_rem,COB_Tot_Dem_Alzh,COB_Tot_Dia_ges_dia,COB_Tot_HD_HA_ang,COB_Tot_Kid_dis,COB_Tot_LC_COPD_emph,COB_Tot_MHC_Dep_anx,COB_Tot_Stroke,COB_Tot_oth_LTHC,COB_Tot_no_LTHC,COB_Tot_LTHC_NS,COB_Tot_Tot,LFS_Emp_Arth,LFS_Emp_Asth,LFS_Emp_Can_rem,LFS_Emp_Dem_Alzh
101,23749,19578,6965,1475,9430,9040,2580,4784,21117,2023,17405,109176,7535,190530,476,333,179,26,241,197,62,104,363,66,366,1999,127,3643,2082,769,673,178,828,927,208,458,976,210,1141,3837,291,9021,650,212,222,92,275,361,65,152,277,88,383,1685,112,3416,804,184,225,123,487,399,101,150,243,110,426,1782,137,3781,79,40,19,5,60,27,5,9,39,5,64,497,58,777,148,143,45,9,167,69,26,21,119,14,204,2119,97,2897,50,36,25,0,39,16,5,3,31,0,62,988,35,1228,72,75,28,5,152,65,16,13,56,12,134,3192,64,3713,250,158,87,17,100,89,18,55,229,19,217,1267,52,2108,118,83,65,3,78,69,15,20,108,10,125,897,30,1397,4722,2037,1570,463,2411,2229,528,982,2447,535,3124,18254,1002,31980,648,292,179,80,303,276,82,176,285,81,256,1404,13389,16292,29121,21901,8709,2015,12145,11538,3190,5940,23847,2643,20782,128838,21932,238810,..,..,..,..
102,31316,29077,10023,2676,14137,13193,3408,7317,33330,3422,25617,154866,11413,273712,912,678,319,69,478,443,104,205,664,115,638,3764,264,6922,3506,1611,1253,408,1593,1678,385,894,1745,424,1992,8950,611,18560,792,281,315,130,399,440,89,224,364,119,511,2360,149,4659,888,229,280,165,629,508,115,166,369,125,518,2297,158,4697,200,70,46,17,175,111,28,33,103,22,160,802,49,1436,331,313,98,23,326,138,35,28,207,41,370,3786,149,5279,134,80,98,23,185,100,28,26,111,21,262,2697,70,3551,132,110,37,17,215,103,22,25,86,24,143,2959,71,3620,445,301,143,36,228,188,59,61,404,40,368,2315,113,3867,269,231,127,20,171,136,29,47,270,35,310,1803,68,2970,7618,3903,2721,913,4389,3848,893,1706,4325,953,5273,31745,1697,55565,814,302,203,114,370,365,104,218,332,125,275,1190,14343,17315,39752,33283,12948,3699,18899,17409,4409,9230,37984,4507,31163,187801,27457,346596,..,..,..,..
103,20636,19938,6142,1551,9830,8483,1895,4641,20242,1958,15173,102021,8249,179261,299,223,101,19,197,140,32,66,238,31,196,1270,124,2342,1066,405,308,102,505,483,106,245,516,128,487,1922,175,4558,350,107,108,54,200,183,34,101,128,52,212,772,58,1692,278,60,73,44,177,139,34,60,90,38,152,535,61,1246,34,23,11,6,29,14,8,7,16,3,29,275,60,460,110,119,31,3,98,41,8,12,73,12,121,1668,87,2191,32,19,24,0,31,21,4,8,32,4,54,703,35,903,51,52,9,4,103,41,9,7,37,6,77,2042,72,2418,95,95,36,11,57,39,10,18,126,11,93,609,40,1017,61,48,24,0,43,34,5,0,61,3,81,809,48,1126,2379,1154,719,248,1447,1135,245,529,1316,279,1508,10600,761,17954,653,341,175,53,315,277,62,171,309,80,226,1347,12913,15747,23665,21433,7032,1853,11597,9897,2200,5344,21859,2313,16907,113972,21924,212962,..,..,..,..
104,15819,11551,4890,1252,6134,6910,1691,3942,14388,1615,11087,64559,5708,117944,352,207,124,25,126,140,33,88,256,33,245,1323,141,2480,1178,424,405,123,397,571,96,307,569,119,608,2317,163,5251,333,96,116,52,133,214,29,93,139,38,194,978,58,1927,137,24,49,23,81,75,23,22,60,16,82,394,48,786,29,18,7,0,29,20,7,9,45,0,71,539,48,747,95,64,35,12,84,34,16,9,59,13,109,1672,143,2178,25,12,15,0,16,7,5,3,14,0,39,614,43,751,94,54,28,8,86,55,14,5,41,6,59,1519,82,1922,140,79,41,11,39,49,11,17,113,7,106,692,42,1132,74,72,46,8,33,40,11,22,76,7,99,823,37,1179,2458,1054,866,275,1032,1214,249,575,1367,254,1607,10874,804,18357,457,186,137,59,201,224,56,134,270,56,196,847,7900,9827,18734,12790,5892,1584,7374,8344,1993,4649,16022,1923,12884,76276,14418,146127,..,..,..,..
105,11214,11064,3217,833,6040,5271,1263,2635,9958,1103,7534,52495,4726,93743,117,90,42,8,79,59,16,28,79,14,91,555,77,1008,303,145,84,25,162,150,40,78,159,46,177,537,51,1342,133,40,30,7,73,55,13,41,45,18,68,333,20,656,94,21,26,19,77,72,14,22,20,15,56,150,33,416,11,9,8,0,16,15,0,6,5,0,10,130,30,213,43,57,16,4,60,23,9,4,26,4,64,898,55,1161,7,7,8,0,15,9,0,4,15,0,19,341,42,439,21,38,9,0,81,17,5,0,14,5,56,2117,43,2367,33,17,12,0,23,16,0,6,21,0,33,242,16,368,23,29,5,0,32,20,3,0,27,0,49,347,12,505,803,442,238,68,618,424,106,189,412,102,613,5655,387,8469,381,188,75,42,222,164,43,98,165,41,115,721,11815,13351,12396,11690,3530,945,6882,5864,1408,2922,10542,1248,8260,58875,16925,115566,..,..,..,..
106,29305,28205,8259,1814,14093,12098,3001,6146,32291,2720,22591,138401,12241,250011,490,384,179,33,265,234,56,103,383,60,366,2283,214,4140,1855,725,593,159,853,847,153,415,908,208,900,3728,335,8498,467,119,188,61,270,283,61,85,187,67,273,1245,100,2567,361,75,117,48,232,177,38,60,135,49,184,748,91,1664,41,21,7,0,38,31,9,12,32,6,39,341,68,555,200,173,52,5,198,70,26,21,147,16,221,2349,147,3239,44,30,22,7,54,29,9,6,37,4,65,912,65,1194,59,43,13,5,116,52,14,15,37,3,73,1770,59,2142,166,133,57,6,80,60,15,33,156,7,159,852,55,1474,136,97,43,8,101,63,21,14,103,16,136,1234,63,1820,3810,1805,1277,334,2202,1833,408,756,2125,436,2408,15460,1187,27295,760,327,191,104,349,346,82,177,355,99,237,1230,11781,14638,33868,30337,9733,2252,16644,14279,3491,7086,34767,3254,25235,155089,25214,291946,..,..,..,..
107,22718,23436,7123,1539,9978,8785,2580,4715,26684,2221,21196,145219,9813,239913,436,344,161,45,278,188,63,110,352,51,354,2416,148,4069,3482,1378,1072,350,1452,1415,395,883,1566,347,1827,6607,578,15324,946,285,347,138,485,485,112,201,381,140,496,2151,161,4581,3154,591,810,549,2171,1473,402,447,1282,437,1727,6336,524,14118,433,230,102,30,376,186,74,50,279,37,476,2447,130,3943,330,275,109,20,351,113,46,41,211,31,380,3899,156,5409,75,80,50,16,121,45,10,17,67,19,177,2549,42,3105,126,125,31,11,194,80,20,22,108,9,155,3497,85,4221,378,277,125,43,231,133,52,53,361,37,373,2245,83,3655,131,133,49,8,111,51,20,22,154,6,175,1455,80,2155,9493,3714,2868,1203,5761,4169,1189,1830,4753,1110,6148,33616,1981,60595,599,210,138,72,311,265,106,145,293,85,241,1107,10907,13331,32799,27362,10131,2814,16053,13217,3870,6693,31725,3410,27583,179942,22704,313842,..,..,..,..
108,28221,20335,8749,2579,11689,11958,3066,6760,23586,3138,18421,98924,8451,189107,550,330,213,36,225,242,56,140,333,70,324,1500,132,3154,2269,782,760,264,876,1037,227,579,979,235,1064,3809,286,9188,588,166,223,104,249,309,77,129,242,82,304,1386,96,2843,288,76,104,59,181,152,34,77,130,40,166,660,66,1447,52,21,20,6,36,33,16,3,23,13,38,289,39,485,138,129,43,3,122,52,20,24,70,12,124,1538,117,2153,29,19,22,7,30,13,6,8,37,3,44,601,25,785,50,34,15,6,63,31,3,8,35,8,44,1126,37,1373,186,113,55,18,75,69,27,39,162,26,159,843,49,1469,121,87,44,16,58,58,10,25,78,17,103,651,32,1083,4284,1759,1504,526,1928,1998,474,1022,2079,512,2375,12407,871,23972,1031,456,283,104,479,468,129,287,487,143,383,1814,11824,15952,33536,22554,10535,3208,14096,14431,3669,8073,26154,3792,21179,113147,21142,229035,..,..,..,..
109,12127,11426,3889,901,5442,5468,1250,2570,11487,1260,8368,57944,3920,101922,166,149,65,9,97,72,22,43,124,18,117,816,54,1409,651,270,216,57,303,308,55,152,321,73,281,1177,84,2765,260,89,84,29,146,155,28,63,120,38,131,523,38,1199,175,42,57,27,119,112,23,34,60,36,94,319,25,759,15,12,6,6,9,4,0,0,11,5,16,124,3,165,61,70,31,0,74,23,8,7,47,9,70,1146,44,1458,8,15,0,0,20,0,0,0,16,0,13,365,5,420,67,55,12,8,123,34,10,13,68,0,93,1977,53,2372,37,40,22,0,24,19,0,3,58,3,41,239,11,416,29,29,11,4,24,13,0,3,38,0,38,508,23,660,1458,775,496,148,939,743,153,322,852,190,898,7194,341,11633,411,189,111,47,184,190,60,104,220,46,150,868,8161,9993,13992,12393,4499,1095,6565,6403,1459,2993,12567,1492,9419,66005,12418,123552,..,..,..,..
110,17797,17569,5594,1323,8776,7910,1944,4045,16343,1884,12848,85745,6549,151716,220,162,74,12,125,105,28,52,173,19,186,1337,83,2107,675,327,218,64,316,332,62,180,350,78,397,1311,92,3099,197,67,78,21,110,113,20,46,75,27,119,582,31,1142,105,23,30,9,73,58,15,23,38,16,51,257,25,532,24,28,14,4,31,27,10,4,32,5,50,787,21,958,64,87,30,4,98,28,12,11,45,5,105,1915,80,2355,22,14,3,0,15,4,0,0,12,3,38,960,28,1086,27,30,11,0,77,21,4,0,25,3,47,1892,42,2122,100,82,35,8,39,35,9,10,91,15,109,627,29,987,46,47,23,6,37,17,0,10,39,3,58,641,12,862,1472,869,508,128,916,735,167,340,883,180,1179,10312,445,15249,621,316,177,66,287,287,79,144,273,73,214,1242,15959,18594,19889,18758,6278,1518,9980,8936,2191,4526,17507,2139,14244,97297,22955,185560,..,..,..,..
111,35962,35380,11181,3285,16493,16068,3905,7407,43490,3758,30916,182140,13762,325835,632,554,239,54,410,290,86,136,563,75,514,3066,189,5511,2222,971,687,249,951,1071,263,480,1315,259,1328,5446,416,11570,737,255,257,132,378,387,71,173,348,84,456,2133,118,4125,1041,276,304,260,701,578,152,160,446,145,599,2270,213,5046,90,88,37,12,86,66,18,21,91,17,118,1347,37,1798,320,298,104,13,306,134,49,45,280,27,366,3955,163,5475,104,79,34,7,123,67,22,16,92,10,193,2945,78,3592,148,168,53,13,250,96,22,28,125,17,225,4367,119,5303,231,266,86,12,103,110,25,26,360,23,308,2092,107,3281,190,202,85,22,124,97,25,18,216,23,229,2171,90,3101,5712,3154,1877,773,3436,2895,747,1107,3833,683,4343,29800,1518,48807,806,326,209,132,406,406,121,208,354,93,297,1043,13097,15878,42483,38861,13270,4191,20331,19369,4775,8729,47681,4541,35553,212986,28386,390519,..,..,..,..
112,22550,18947,7867,1923,8751,10533,2437,5704,22282,2642,18050,116561,8343,201202,746,549,269,56,242,348,82,212,576,77,531,3448,211,5999,2119,923,728,228,713,1044,244,537,1171,292,1246,5597,409,11398,539,198,205,70,178,293,50,131,307,78,422,2697,136,4359,280,80,96,57,146,178,34,54,154,43,186,1258,79,2098,32,29,12,0,31,28,7,10,39,4,63,469,19,652,144,146,52,23,89,85,26,31,123,21,202,2039,110,2791,34,44,35,3,26,27,3,13,47,4,70,1035,38,1303,67,45,10,10,80,41,13,16,45,3,67,1128,32,1440,268,229,109,14,88,101,23,46,278,17,303,2773,99,3915,150,102,52,19,67,76,12,35,124,19,143,1153,55,1763,4386,2350,1561,480,1662,2213,500,1093,2871,573,3238,21603,1184,35724,727,328,239,122,306,366,118,203,412,97,361,1643,16712,20134,27663,21629,9670,2528,10712,13111,3054,7000,25565,3313,21642,139808,26236,257061,..,..,..,..
113,14632,16387,4574,1062,6883,5715,1636,3423,13977,1542,10260,76135,6432,132633,197,202,60,12,184,108,36,54,160,17,153,1737,150,2648,539,256,156,40,274,246,53,151,239,48,282,1002,95,2358,173,77,66,30,80,88,20,43,91,26,90,480,32,943,407,97,122,76,223,194,39,56,110,41,160,652,86,1604,48,29,18,5,67,33,20,5,51,0,121,1158,59,1484,68,91,19,5,95,28,15,14,57,7,100,2223,123,2704,19,20,11,0,29,9,0,3,17,0,37,1054,34,1192,64,70,26,7,191,47,10,6,55,8,98,3806,104,4377,63,66,25,6,42,22,0,16,58,7,57,448,30,690,56,67,12,0,44,21,6,4,59,3,80,905,40,1206,1639,970,511,177,1224,798,205,350,897,163,1167,13470,743,19203,464,240,141,85,224,213,67,113,222,65,180,938,9765,11822,16734,17593,5228,1324,8324,6724,1902,3893,15095,1774,11612,90546,16937,163656,..,..,..,..
114,17574,12301,5466,1232,7228,6845,1911,3667,14656,1653,11867,70107,5616,127062,387,211,147,18,181,163,37,95,238,38,226,1241,137,2497,2262,757,726,202,908,946,236,499,858,248,1058,3889,288,9136,530,127,204,68,234,250,54,122,194,75,273,1115,90,2429,552,102,165,69,333,299,70,89,216,70,281,1030,91,2358,63,27,18,4,37,30,11,7,34,5,39,275,24,481,110,97,48,7,102,49,21,10,73,5,100,1289,75,1802,45,23,17,6,36,27,4,10,29,5,53,737,25,933,50,31,16,10,91,33,4,8,25,11,57,1542,38,1815,220,122,64,12,74,79,24,28,137,24,169,907,56,1576,122,78,51,7,59,47,13,21,75,10,104,592,34,1025,4337,1587,1450,401,2072,1929,481,895,1890,483,2355,12610,856,24052,498,225,145,54,259,225,59,139,245,77,182,925,7839,9891,22403,14112,7055,1688,9558,8992,2451,4697,16796,2211,14404,83650,14311,161006,..,..,..,..
115,10755,12652,4178,925,4809,4989,1030,1741,10957,933,11563,109990,5922,161016,374,354,166,18,308,223,39,56,222,46,382,3030,153,4706,1287,679,531,151,582,634,110,233,625,141,872,4933,342,9037,359,157,165,46,176,229,28,74,181,39,311,1855,99,3095,982,211,310,162,632,575,116,121,318,102,581,3157,254,5902,579,316,182,49,530,336,75,56,340,64,615,5595,223,7926,640,569,339,64,882,462,75,60,275,88,1083,7784,254,11280,551,407,488,80,1202,573,145,103,360,132,1672,18442,377,23340,948,941,294,65,1946,773,107,79,434,76,1321,16899,488,22646,239,222,97,19,142,87,27,28,224,16,284,2579,82,3649,281,316,154,22,246,163,41,37,285,26,386,3860,118,5463,6247,4163,2735,677,6661,4071,780,849,3275,736,7514,68132,2390,97041,160,52,42,31,65,68,20,20,48,11,78,513,5416,6316,17165,16866,6956,1633,11535,9135,1828,2615,14282,1677,19153,178639,13719,264371,..,..,..,..
116,12278,20553,3576,698,7642,5199,1423,3039,17413,1247,14668,135174,8356,201256,1410,1438,363,112,2524,930,319,218,792,198,1217,13543,795,20587,1158,573,353,93,674,555,114,297,600,121,683,2779,210,5977,450,148,141,76,284,249,39,121,199,64,314,1265,76,2518,2018,448,548,420,1469,1083,231,327,897,240,1277,4223,315,9398,1428,883,300,123,1631,766,262,216,923,175,1635,9546,569,15108,2142,2044,643,125,3757,1248,402,213,882,247,3307,22079,832,33349,329,191,214,54,677,297,66,57,226,66,876,8062,189,10504,1868,1987,443,88,4829,1368,264,198,1108,238,2884,58185,1460,71239,387,279,111,89,298,123,41,41,342,49,427,2443,136,3918,316,282,106,17,413,180,50,57,251,34,439,4326,187,6022,11500,8275,3221,1194,16567,6795,1791,1739,6226,1428,13058,126447,4770,178629,379,196,105,39,299,200,56,96,200,62,209,1081,19019,21109,24164,29032,6901,1926,24502,12196,3274,4878,23835,2740,27929,262700,32148,400997,..,..,..,..
117,7652,15590,3444,562,3500,3437,851,1721,20303,754,13745,104908,4771,160464,649,983,283,49,433,316,95,155,1014,77,842,6077,315,9762,986,1371,477,57,399,477,96,195,1566,86,1288,11363,434,16902,320,520,172,42,127,155,32,82,504,53,504,7693,222,9827,2013,598,651,382,1310,1020,275,303,1054,288,1530,9159,445,15210,569,291,154,125,562,303,104,82,507,82,556,4103,191,6325,803,1082,314,88,1017,425,151,103,946,118,1707,26332,641,32046,615,655,360,98,801,420,143,100,898,113,1557,27361,476,32162,213,367,59,20,376,137,39,40,357,24,436,7624,191,9341,534,789,235,32,300,218,67,66,1054,63,986,11675,369,15278,176,282,71,17,129,85,21,20,352,22,281,2493,80,3616,6879,6935,2766,890,5455,3554,1023,1137,8251,916,9682,113892,3357,150461,258,107,89,30,165,133,51,52,200,37,195,1090,18559,20420,14787,22623,6308,1476,9120,7125,1927,2915,28753,1703,23622,219896,26685,331340,..,..,..,..
118,8096,11157,3755,943,3065,3926,876,1487,10965,838,9887,102108,5689,147059,487,560,254,43,242,274,56,85,455,56,465,4387,283,6744,1132,1243,526,121,377,543,103,191,1103,122,1123,13802,635,19237,452,508,237,69,187,262,55,74,419,59,520,9250,308,11681,1898,493,744,384,1160,1087,268,250,759,250,1332,8075,523,13743,454,203,175,71,323,275,70,64,245,48,392,3021,171,4695,441,428,206,48,455,266,85,50,331,83,674,7479,274,9975,363,230,225,76,428,233,62,57,298,49,713,8454,200,10676,183,170,74,28,224,137,36,25,147,18,229,2771,94,3723,422,568,193,47,186,168,44,49,601,39,580,9842,326,12378,627,546,314,53,327,368,70,69,511,45,638,5370,248,8215,6454,4950,2943,930,3910,3614,854,917,4870,768,6667,72446,3071,101054,282,113,120,80,148,178,42,62,169,48,200,1156,11313,13293,14832,16219,6817,1956,7126,7710,1772,2465,16001,1652,16758,175713,20077,261410,..,..,..,..
119,15699,22339,5826,1393,8091,7352,1820,2995,18569,1535,19825,211817,11843,296441,1042,1032,341,77,1282,677,216,161,557,133,952,8296,466,13054,1040,543,387,125,479,527,104,219,573,97,697,3755,271,6957,471,247,193,75,216,253,61,94,252,61,361,2457,154,4023,7076,1476,2087,1467,4939,3841,821,1012,2806,969,4563,18350,1793,37834,5353,2277,1187,521,5439,2871,785,849,2950,664,4888,24092,1800,42111,2202,1773,896,322,3396,1248,397,272,1324,333,3712,37215,1543,50208,2317,1036,1368,477,3808,1939,553,393,1458,487,5097,45947,1589,61220,828,953,207,66,2085,632,163,79,722,114,1382,38127,887,44369,754,535,240,63,440,260,73,74,601,68,746,8078,325,11040,366,239,106,34,420,154,61,41,222,39,387,3203,168,4749,21447,10131,7007,3237,22496,12399,3225,3195,11467,2979,22784,189519,8998,275556,595,232,176,89,468,338,89,113,330,88,337,2301,29181,33119,37743,32696,13010,4723,31057,20093,5136,6304,30363,4605,42955,403636,50020,605118,..,..,..,..
120,9012,13507,3858,727,3836,4113,905,1579,14768,817,12552,109123,5080,160859,516,537,198,41,329,253,75,96,492,53,548,3665,193,6010,938,827,429,63,334,421,66,186,844,94,994,6287,349,10240,329,257,176,43,144,224,37,65,274,48,362,3235,134,4689,3372,671,989,727,2139,1745,361,459,1175,392,1954,7559,622,16102,769,283,238,75,709,450,98,106,407,91,672,4060,194,6641,716,740,312,106,884,383,101,68,546,103,1209,13113,427,17267,1093,655,672,314,1689,823,252,138,950,202,2559,30130,675,37624,466,491,131,76,1029,387,69,69,355,54,774,19902,461,23202,384,383,165,20,193,144,31,46,503,37,497,4830,194,6766,171,191,76,9,129,88,21,28,202,12,221,1682,52,2532,8757,5026,3390,1475,7586,4912,1111,1256,5739,1092,9783,94455,3300,131071,190,74,52,32,105,103,35,34,131,29,124,819,11479,12846,17964,18609,7303,2234,11532,9126,2050,2873,20635,1942,22466,204391,19860,304771,..,..,..,..
121,15525,20356,7202,1669,5535,8049,1348,2562,18422,1452,18381,157656,7025,235420,862,823,433,84,362,477,99,142,667,71,787,5949,280,9624,2307,1809,1103,271,870,1224,198,362,1673,233,2171,14921,683,24141,686,386,359,115,269,392,55,110,443,82,628,5449,174,8040,1047,303,438,195,570,666,136,147,452,143,919,6434,270,9895,601,351,212,77,481,388,82,77,356,68,627,6212,214,8639,798,1022,411,90,899,536,139,99,580,117,1497,14582,370,19563,1335,1207,1161,245,2293,1318,331,222,1144,329,3597,45479,913,56627,606,701,213,60,1050,506,91,71,401,63,968,14941,351,18771,537,665,282,44,256,245,56,70,727,56,791,8143,243,11177,646,657,388,51,351,396,65,74,641,50,818,6585,194,9835,9435,7920,4999,1223,7397,6144,1254,1365,7083,1202,12808,128696,3699,176324,214,103,74,52,88,126,29,38,107,31,135,1012,10694,12302,25174,28381,12267,2937,13027,14317,2635,3963,25613,2691,31317,287367,21423,424045,..,..,..,..
122,12270,13400,5430,1535,4353,6172,1065,2040,12303,1338,12258,119181,6431,175873,517,567,285,57,267,303,50,82,418,55,437,4243,240,6636,2239,1719,1005,280,704,1102,165,363,1480,238,1743,15628,848,24147,557,381,314,109,242,366,47,89,376,99,495,5879,203,8196,918,249,350,189,608,575,107,150,387,146,606,4801,253,7721,258,110,107,48,201,144,46,34,130,34,216,1581,74,2506,239,262,129,27,285,136,51,23,179,23,356,3796,143,5208,265,151,128,60,379,165,53,51,209,40,523,5120,132,6723,114,95,34,14,162,78,20,19,76,11,141,2851,71,3471,379,456,208,20,153,148,36,44,478,24,493,7794,232,9899,261,318,161,25,133,158,29,44,287,20,308,3551,134,4978,5735,4310,2729,826,3128,3177,601,906,4014,694,5314,55238,2341,79499,195,79,80,93,68,116,26,49,97,46,96,603,7019,8190,18197,17794,8240,2455,7546,9466,1695,2995,16421,2079,17668,175024,15792,263554,..,..,..,..
123,17146,20898,4903,918,8909,6720,1687,3317,19607,1568,16920,129176,8278,203669,985,870,299,72,1408,577,175,170,529,141,833,7788,572,12265,2121,811,641,173,1043,961,190,451,834,211,1081,3910,355,9086,498,151,177,69,292,279,53,111,211,68,285,1215,80,2518,1226,285,318,157,831,540,147,189,528,137,795,3158,240,6306,694,405,127,55,700,313,82,93,356,78,766,4162,263,6608,755,601,224,50,1090,373,110,65,369,93,1000,8093,330,11708,145,78,80,17,223,80,25,16,81,24,258,2669,69,3485,695,681,171,27,1675,441,124,57,406,63,953,15963,416,20349,583,285,143,41,389,174,39,56,339,60,453,2244,106,3968,327,208,103,30,334,148,36,37,185,43,286,2117,94,3345,8008,4363,2286,699,7979,3889,987,1248,3839,916,6697,51312,2515,79637,387,179,96,79,213,206,71,119,222,54,177,943,12120,13989,25544,25441,7283,1701,17111,10814,2744,4690,23665,2539,23796,181432,22917,297292,..,..,..,..
124,20651,26066,6371,1118,10844,8803,2131,4343,27762,1914,22345,149888,10602,246776,776,777,229,57,833,446,107,161,581,95,663,5630,354,9035,2675,1179,885,227,1350,1304,234,653,1363,282,1629,5938,475,13320,781,261,275,100,415,444,93,195,332,110,490,2200,133,4382,1406,294,383,171,1034,759,160,235,518,155,791,3266,287,6911,464,259,102,38,480,257,68,81,286,76,493,2842,220,4636,556,536,201,29,819,303,104,65,319,54,802,6341,303,9280,118,71,72,13,185,84,23,13,119,28,233,2530,92,3323,455,369,118,30,874,344,81,63,256,52,584,9512,285,12065,369,243,126,28,224,136,37,65,300,35,361,1799,117,3144,200,163,80,11,211,110,29,23,170,22,246,2002,79,2959,7812,4142,2467,701,6430,4184,940,1561,4249,910,6284,42055,2341,69068,408,184,103,42,248,224,52,115,216,64,169,775,14456,16216,28868,30400,8943,1860,17516,13215,3120,6013,32225,2883,28800,192714,27400,332056,..,..,..,..
125,11141,16464,3768,947,6164,5292,1300,2426,14050,1061,13946,145934,8429,206180,812,852,240,71,1122,569,167,144,529,114,798,6960,564,11040,855,461,315,98,460,467,90,219,474,86,563,2464,215,5099,364,151,130,72,191,207,28,62,210,49,276,1451,108,2646,2296,435,728,424,1580,1199,272,359,923,271,1354,5384,496,11436,4029,2092,940,333,4432,2164,568,596,2844,498,4142,24155,1719,39500,1705,1310,647,241,2461,892,310,198,1045,243,2913,22948,911,32304,1653,910,1044,342,3085,1413,399,277,1215,374,4093,48302,1200,60690,1799,1933,418,128,4147,1289,326,169,1407,179,2896,71413,1868,84192,511,304,153,38,329,179,47,66,380,39,512,3470,156,5318,211,264,61,28,252,112,26,35,223,27,348,3813,205,5159,14242,8713,4674,1779,18051,8507,2228,2136,9251,1879,17894,190346,7446,257383,370,156,103,47,270,177,51,79,218,51,210,1837,27124,29945,25754,25328,8550,2768,24491,13978,3588,4643,23507,2993,32048,338125,42999,493515,..,..,..,..
126,6352,8086,2534,584,2602,3046,632,1045,7763,582,7622,66911,3248,98562,274,275,130,26,188,144,37,36,220,26,247,1953,89,3144,558,412,250,62,245,333,40,104,379,56,512,2791,198,4944,206,129,84,29,99,131,28,35,145,13,191,1450,90,2281,885,201,267,153,550,491,87,109,329,91,548,3027,297,5613,529,216,161,64,464,311,75,68,303,51,530,4259,185,6243,460,562,216,62,670,312,79,57,359,71,886,9436,235,12443,1051,760,801,210,1818,967,267,184,797,238,2868,34020,679,42324,465,481,148,44,869,375,71,54,311,55,686,11509,296,14395,195,192,75,18,113,77,15,15,270,13,264,2520,74,3502,135,152,57,13,95,78,15,15,158,10,149,1352,87,2062,4747,3381,2186,682,5103,3209,708,689,3276,623,6886,72319,2228,96946,126,51,44,15,77,72,12,30,62,10,70,507,5676,6525,11232,11517,4768,1286,7776,6320,1353,1763,11103,1217,14583,139733,11146,202038,..,..,..,..
127,9802,18187,2947,505,5924,4212,1122,2135,13153,1031,13347,164441,9468,224620,1221,1228,300,80,2278,903,283,177,618,177,1185,12847,674,19125,773,329,258,61,437,374,80,185,321,90,424,1915,179,4015,441,121,110,46,236,239,38,83,123,49,226,1339,105,2458,5077,880,1377,747,3509,2549,530,670,1988,659,3002,12628,1294,25797,5991,3395,1115,530,5810,3081,911,636,3820,832,7976,41601,2336,64307,3615,2290,1220,516,5909,1987,648,439,2271,642,6346,47405,2635,68152,496,199,195,137,760,334,97,72,259,110,917,6240,315,8904,574,558,148,33,1485,401,104,41,334,66,880,14469,398,18310,1506,622,385,121,1035,492,153,129,679,156,1057,5026,344,9222,253,170,69,15,337,123,32,22,157,26,330,3307,160,4540,19958,9797,5164,2294,21796,10488,2872,2461,10579,2807,22343,146775,8447,224821,436,191,92,40,303,206,64,91,240,72,258,1717,22102,24994,30193,28178,8206,2834,28028,14901,4060,4685,23971,3913,35944,312933,40013,474430,..,..,..,..
128,15017,14861,5805,1529,5894,7027,1438,2369,13817,1444,14084,116107,6904,178874,364,345,149,31,199,180,45,73,245,30,304,2473,131,3936,1383,710,526,155,505,705,104,233,733,154,893,5580,314,9834,400,182,166,69,170,210,48,68,181,50,314,2048,103,3318,1153,254,393,210,680,588,134,144,428,135,759,4293,218,7437,328,127,119,31,312,209,39,27,147,38,260,1440,82,2501,252,197,108,24,283,112,38,26,137,25,343,3058,117,4271,192,106,122,28,293,148,37,38,120,44,373,3975,108,5187,110,80,25,19,164,76,10,10,47,14,122,1382,56,1904,246,222,80,18,140,71,18,22,276,25,312,2592,118,3732,167,127,78,17,115,104,15,8,116,20,181,1292,49,1996,4602,2350,1773,595,2867,2398,493,654,2444,532,3860,28128,1293,44115,267,82,74,35,99,121,24,41,83,34,100,581,5486,6618,19882,17291,7648,2163,8861,9543,1957,3062,16340,2007,18039,144810,13686,229604,..,..,..,..
197,0,0,0,0,0,0,0,0,0,0,0,0,0,0,0,0,0,0,0,0,0,0,0,0,0,0,0,0,0,0,0,0,0,0,0,0,0,0,0,0,0,0,0,0,0,0,0,0,0,0,0,0,0,0,0,0,0,0,0,0,0,0,0,0,0,0,0,0,0,0,0,0,0,0,0,0,0,0,0,0,0,0,0,0,0,0,0,0,0,0,0,0,0,0,0,0,0,0,0,0,0,0,0,0,0,0,0,0,0,0,0,0,0,0,0,0,0,0,0,0,0,0,0,0,0,0,0,0,0,0,0,0,0,0,0,0,0,0,0,0,0,0,0,0,0,0,0,0,0,0,0,0,0,0,0,0,0,0,0,0,0,0,0,0,0,0,0,0,0,0,0,0,0,0,0,0,0,0,0,0,0,0,0,0,0,0,0,0,0,0,0,0,0,0,0,0,..,..,..,..
199,656,648,201,16,264,298,65,213,1342,60,722,2790,464,5912,28,26,16,0,12,12,0,12,36,4,32,138,13,257,40,25,18,0,20,25,3,17,48,10,47,207,13,367,10,14,4,0,8,5,3,5,11,0,15,136,7,193,21,11,6,0,8,5,6,5,9,6,10,76,8,127,8,9,0,0,3,7,0,5,21,0,3,71,4,110,6,8,0,0,10,0,0,0,25,0,14,164,11,227,8,0,0,0,7,5,0,0,12,0,12,169,8,198,0,3,4,0,6,7,0,0,10,0,9,101,5,128,11,11,0,0,6,3,0,0,27,0,13,125,8,182,3,3,0,0,4,0,0,0,15,0,8,72,3,109,137,108,54,5,84,75,18,49,208,20,160,1246,89,1901,20,14,7,0,7,20,0,12,31,4,18,53,3431,3558,813,776,260,27,365,387,85,268,1585,79,894,4089,3980,11371,..,..,..,..
201,16515,17134,5249,1035,7519,7033,1362,3888,19722,1781,14392,78831,5872,143983,262,218,81,17,120,100,20,79,232,20,246,954,53,1877,1230,618,431,101,562,616,87,391,741,140,783,2307,203,5637,491,137,168,51,237,280,41,138,211,74,282,915,54,2135,366,110,108,44,238,204,36,81,158,49,183,682,68,1603,33,28,16,5,27,23,4,5,31,6,30,300,12,443,87,112,37,0,103,51,3,12,79,10,126,1414,55,1900,15,31,11,8,26,12,0,0,31,7,61,936,18,1111,45,74,13,3,134,52,6,8,53,10,98,2439,66,2888,108,93,39,0,57,41,9,24,133,6,116,601,31,1039,49,56,20,8,32,25,5,11,61,6,66,557,28,831,2689,1482,918,232,1542,1413,217,744,1730,329,1990,11105,590,19465,453,245,137,43,199,218,41,126,290,57,226,952,8387,10481,19653,18862,6307,1312,9260,8661,1617,4756,21746,2161,16610,90892,14847,173937,..,..,..,..
202,17079,15516,5325,1088,6768,6731,1579,3181,18583,1605,13703,76837,5927,139745,244,193,68,13,89,97,20,44,232,27,190,904,87,1735,1021,479,371,93,438,486,92,242,584,113,596,2075,191,4849,317,93,102,41,150,170,27,59,152,26,180,706,71,1545,245,62,84,34,145,142,39,53,105,49,117,471,62,1103,31,29,5,8,28,16,3,3,35,3,44,310,44,481,100,120,48,9,147,45,15,6,107,13,211,2577,155,3350,17,18,3,4,22,11,0,5,21,0,35,665,33,808,52,54,18,13,110,37,7,7,48,3,93,1750,68,2127,74,73,33,0,40,41,8,12,115,6,83,503,31,859,55,47,15,3,28,25,10,14,79,6,76,508,20,758,2161,1168,754,215,1190,1077,221,438,1472,250,1623,10475,756,17611,477,213,130,45,188,209,61,90,239,65,168,866,8510,10410,19725,16900,6209,1344,8155,8020,1857,3709,20292,1916,15490,88171,15189,167764,..,..,..,..
203,22941,27739,8199,1966,10631,10376,2355,4603,30411,2585,22967,152965,10512,257934,374,415,143,16,221,166,42,61,386,44,316,2379,163,4016,2450,1307,856,301,1202,1225,236,513,1421,271,1471,6370,476,13406,891,390,368,162,470,590,108,223,457,132,592,2417,157,5047,1687,449,514,339,1254,953,203,257,799,248,1050,3762,300,8312,116,82,35,3,130,61,16,21,117,18,175,1359,106,1961,229,304,74,16,305,106,38,46,206,28,411,4378,226,5890,53,69,31,4,73,46,10,4,51,9,111,2174,48,2599,113,177,39,16,275,94,29,13,123,14,232,7054,158,8060,152,207,72,21,87,57,20,22,236,15,204,1628,76,2432,131,148,66,9,84,76,19,19,165,13,188,1601,98,2340,6196,3539,2202,879,4100,3368,714,1175,3963,797,4756,33120,1803,54063,599,308,189,84,293,277,79,162,342,113,275,1447,12916,15882,29732,31588,10594,2928,15026,14014,3144,5942,34722,3494,28000,187535,25231,327878,..,..,..,..
204,17940,16749,5862,1152,7870,7955,1815,3871,17952,1907,14063,86237,5787,152185,295,225,89,17,128,129,31,67,230,35,205,1070,75,2039,1297,548,424,106,559,634,130,335,641,136,674,2460,167,5664,550,175,200,63,296,336,56,133,226,80,296,1177,89,2653,510,149,176,82,353,320,73,89,197,85,315,806,85,2166,19,16,8,4,31,19,3,3,13,5,20,204,14,305,89,116,28,4,105,45,20,3,75,6,120,1627,84,2156,19,21,11,4,19,3,0,6,19,6,28,646,13,768,50,70,9,0,98,33,9,9,40,4,72,1450,34,1780,99,89,33,6,48,43,13,12,93,10,94,554,25,914,58,54,28,8,33,27,0,4,52,4,74,789,17,1048,2987,1465,1004,288,1676,1588,338,667,1590,369,1899,10789,604,19492,554,279,159,54,248,274,81,125,316,63,236,1316,10599,13261,21481,18494,7031,1495,9790,9816,2231,4666,19857,2339,16202,98339,16982,184935,..,..,..,..
205,29342,25947,9065,1574,13100,13092,2751,7002,28997,3192,22736,134452,9962,240797,545,429,197,30,272,270,61,143,434,66,352,2103,164,3956,3329,1334,1033,249,1513,1573,300,859,1508,399,1616,4893,441,12738,1152,342,390,138,573,709,137,299,433,166,581,2085,173,4973,941,235,254,128,719,529,99,184,381,119,474,1598,189,4042,41,38,23,6,45,33,7,5,35,13,53,421,62,658,187,178,55,12,229,72,24,22,170,27,213,2831,242,3879,31,27,14,6,33,17,3,3,32,5,69,988,57,1223,117,113,32,6,198,76,18,15,58,11,132,1997,70,2589,212,131,75,8,106,86,14,47,188,16,193,879,33,1593,161,116,62,7,119,78,16,24,126,20,158,1045,44,1652,6723,2953,2134,589,3804,3445,682,1598,3365,828,3844,18826,1485,37309,1049,530,296,101,491,550,117,302,638,135,487,2209,17897,22742,37117,29427,11497,2263,17391,17085,3546,8901,32993,4158,27073,155493,29342,300848,..,..,..,..
206,18757,36973,8830,1118,7393,8012,1937,3241,47966,1866,30927,231329,11442,362743,757,1856,386,41,339,321,85,124,2045,89,1257,9806,415,15584,1665,2152,851,141,626,756,150,315,2671,162,2052,15908,652,24770,578,792,331,77,288,370,81,109,877,90,913,9482,317,13069,5490,1503,1638,1094,3526,3062,770,704,2724,802,3620,14099,909,28836,928,649,267,116,912,520,160,135,938,113,1057,7182,313,11018,1042,1993,421,121,1280,598,186,112,1841,166,2315,28730,686,36896,594,833,319,120,724,421,117,104,1212,115,1642,31492,465,36705,442,760,152,45,751,316,93,54,697,50,856,21396,436,24985,619,1155,290,33,289,222,62,64,1730,63,1234,15165,363,19900,400,673,133,30,405,160,61,53,699,41,599,6412,298,9107,12515,12365,4776,1814,9149,6750,1760,1780,15432,1686,15531,159668,4852,220869,414,196,133,65,240,209,60,86,329,61,314,1787,30339,33400,31685,49537,13745,2991,16787,14973,3762,5104,63732,3610,46769,392779,46632,617018,..,..,..,..
207,15790,19196,6781,1789,5555,7506,1502,2356,19071,1655,18389,138593,6697,214019,421,484,195,27,225,250,56,56,424,53,456,3237,136,5223,1336,912,598,182,524,725,117,197,855,153,1098,5529,248,10089,520,235,200,103,198,341,67,91,261,60,424,2371,104,4077,3440,780,1074,733,2017,1810,394,419,1207,512,2041,6750,486,15429,566,338,202,76,467,328,64,58,452,69,625,5971,246,8365,1216,1241,587,151,1365,706,175,96,773,186,2072,18430,523,25209,1304,1148,944,196,2341,1163,353,229,1137,263,3207,44401,771,54410,654,689,188,80,1076,497,100,62,449,82,808,12770,303,16395,238,321,108,21,103,100,32,27,374,16,372,3261,98,4601,271,287,106,16,174,154,41,41,241,30,376,2501,103,3827,9953,6441,4220,1591,8493,6065,1402,1294,6170,1419,11477,105222,3004,147627,307,118,104,81,147,156,34,46,132,43,176,980,10049,11826,26048,25747,11099,3460,14193,13725,2931,3688,25372,3118,30050,244790,19753,373472,..,..,..,..
208,18952,24943,8617,1834,7633,9209,1956,3287,25000,2004,22815,181772,9527,278589,583,731,288,38,248,278,51,94,643,64,611,4675,254,7478,2223,1686,973,292,920,1246,209,446,1678,268,1877,12058,666,20584,852,438,369,152,396,503,86,138,517,126,722,5565,257,8620,3745,1035,1391,767,2432,2270,546,545,1723,548,2791,11275,676,22134,601,319,241,66,497,360,77,80,448,66,599,4420,195,6710,506,694,225,59,592,285,67,61,482,64,921,9053,237,12187,368,423,270,53,620,310,80,58,406,74,977,15619,284,18765,654,639,244,79,1035,504,105,80,454,87,860,12880,381,16491,370,501,172,28,177,156,44,39,612,27,564,5420,171,7579,598,697,320,74,461,312,66,88,671,55,753,5695,181,8817,10510,7174,4494,1602,7381,6225,1340,1641,7623,1376,10675,86655,3305,129365,541,187,199,84,327,351,83,86,248,94,330,1639,11601,14683,30009,32297,13314,3516,15338,15785,3372,5024,32870,3473,33825,270065,24431,422639,..,..,..,..
209,24339,33845,8337,1515,11340,9784,2480,4243,35511,2383,28743,229693,13585,353639,651,808,197,36,549,303,93,99,758,88,682,5607,281,8779,1864,1217,663,186,906,916,183,379,1389,252,1417,6918,405,13168,653,312,246,90,318,352,68,130,420,88,525,2898,152,5027,8393,1970,2106,1252,5606,4099,982,1017,3419,1090,4702,16361,1420,37059,1644,1023,366,123,1571,751,259,203,1309,164,1952,11440,615,17796,935,1198,366,73,1395,470,175,105,712,128,1666,14581,530,20285,434,344,216,60,679,295,111,47,343,82,957,11920,293,14900,895,1017,223,61,2049,634,168,94,634,93,1447,30459,739,36592,348,408,131,15,190,115,24,36,482,30,451,3558,110,5220,374,373,117,23,404,128,48,28,334,28,479,4696,207,6606,16193,8673,4639,1920,13675,8061,2112,2140,9802,2046,14275,108447,4754,165437,619,276,189,111,331,297,79,120,424,98,304,1830,18138,21579,41158,42791,13161,3540,25336,18140,4670,6503,45732,4524,43322,339964,36472,540664,..,..,..,..
210,16201,24634,5405,1046,8119,6842,1778,3178,22457,1645,19157,169779,10088,254652,509,769,194,27,654,273,87,87,526,69,541,6008,324,8886,1392,757,473,150,678,615,155,346,805,129,857,3841,255,7829,574,224,213,77,285,309,68,122,274,74,366,1715,92,3298,5631,1378,1525,1006,3818,2927,664,786,2243,773,3047,9092,905,22730,3806,2213,789,359,4206,2084,650,432,3052,486,5117,26298,1625,41688,669,890,214,73,995,314,121,65,463,97,1220,9180,372,13095,135,133,66,18,217,89,19,21,103,34,294,3247,93,4196,934,1058,232,82,2307,625,172,96,666,112,1490,33176,792,39789,326,295,82,33,228,135,36,32,350,28,322,2505,89,3783,186,236,53,5,310,71,30,28,194,20,263,2688,124,3799,14177,7949,3836,1834,13708,7437,2005,2014,8680,1816,13512,97757,4674,149093,490,235,134,54,306,263,81,113,294,76,260,1606,17650,20579,30872,32821,9374,2927,22136,14548,3866,5305,31434,3537,32926,269140,32412,424328,..,..,..,..
211,30921,37929,10882,2035,13469,12696,2782,5388,39424,3126,33103,221641,13567,362762,676,791,252,46,471,335,56,128,664,79,668,4144,236,7132,4543,2179,1565,462,2089,2088,402,977,2204,522,2761,10253,753,22708,1687,587,701,309,820,986,159,339,684,266,1119,3961,302,8756,2221,569,696,350,1418,1264,219,317,916,340,1373,5302,359,11253,532,288,145,55,437,267,90,66,382,51,525,4140,156,6091,1050,1289,477,106,1530,621,175,103,746,139,1973,18100,552,24694,569,644,435,133,1253,571,156,91,638,143,1847,23271,433,28663,953,961,259,75,1726,710,147,92,472,117,1270,14543,483,19793,410,383,151,24,219,132,38,40,446,43,458,2747,109,4435,448,415,193,32,378,238,50,56,406,56,550,3399,140,5456,13083,8109,4872,1593,10328,7222,1481,2213,7559,1749,12541,89871,3519,138987,552,230,192,155,295,287,75,128,331,92,297,1254,13802,16550,44553,46265,15948,3778,24091,20209,4338,7729,47313,4961,45942,312766,30892,518301,..,..,..,..
212,28330,44281,9734,2238,14642,12702,3040,5830,41975,3228,33814,288610,16266,437878,1351,1865,422,82,1780,818,232,239,1187,200,1383,14411,796,21685,4176,2175,1473,507,2162,2017,417,974,2388,510,2474,10010,726,21782,1479,539,553,243,759,854,181,322,652,223,919,3981,298,8113,7122,1883,2022,1302,4976,3882,960,951,3732,1073,4770,18468,1421,37904,1453,926,348,140,1467,774,237,188,1235,183,1751,12064,600,18045,2925,3818,1144,334,5013,1548,598,329,2252,537,5674,54335,2144,73971,1034,908,658,185,2013,904,285,190,910,248,2619,37547,782,45776,4113,4538,1093,363,9210,3150,794,475,3220,532,5986,103801,3080,130924,889,717,255,59,676,331,87,97,784,102,885,5163,249,8534,1263,1041,439,140,1489,689,146,164,933,171,1282,10604,525,16241,25811,18410,8408,3364,29552,14971,3950,3923,17299,3772,27745,270386,10624,382979,889,427,264,162,585,479,133,219,548,131,517,3142,33634,39206,55030,63117,18413,5767,44782,28153,7118,9980,59821,7135,62077,562141,60524,860060,..,..,..,..
213,25032,45982,7931,1401,14244,10259,2939,5298,43061,2641,34210,301265,19026,450888,1349,2413,391,57,1890,714,239,257,1425,190,1508,18834,1063,27223,2892,1855,975,260,1625,1354,278,726,1951,359,1912,9018,608,18081,1120,494,391,157,602,609,144,279,557,173,732,3962,221,7166,9729,2575,2642,1462,7510,4836,1241,1358,4714,1389,6036,21783,1714,47556,1454,976,327,127,1668,794,271,171,1106,191,1724,14068,792,20370,3394,5086,1279,357,6373,1932,781,418,2536,682,6810,62025,2903,86291,431,498,256,55,863,289,101,75,419,88,1103,14847,351,18432,1843,2471,454,88,5247,1327,358,162,1562,223,3442,88128,2225,103746,980,814,295,68,820,328,116,89,914,93,1035,7260,350,11255,538,750,142,31,1005,252,80,52,608,60,947,13553,665,17562,23723,17934,7157,2664,27617,12437,3620,3584,15791,3440,25245,253484,10883,357678,839,366,201,122,523,338,91,166,479,114,417,2824,39598,44485,49598,64283,15290,4188,42384,23040,6648,9045,59330,6200,59876,557573,69505,853054,..,..,..,..
214,23149,24737,8755,1806,9567,10290,2302,4702,27205,2632,20636,136412,9081,231982,717,669,252,31,408,322,65,176,551,87,581,3528,205,6174,4503,1951,1651,478,1868,2154,416,928,2274,547,2405,10955,766,22911,986,383,436,194,472,639,112,188,497,128,580,2751,213,5573,1415,350,456,228,976,784,174,219,662,200,829,3456,288,7227,183,85,55,23,177,125,33,35,111,29,141,887,53,1524,239,262,89,10,262,119,31,36,193,21,303,3227,103,4415,79,83,52,6,114,42,17,7,91,12,153,1818,38,2331,288,204,82,35,376,199,52,30,157,30,231,2428,81,3555,280,233,97,21,148,141,18,43,323,30,287,1746,74,2863,276,225,104,18,206,145,23,33,243,35,259,1795,78,2912,8957,4451,3271,1044,5007,4669,947,1698,5103,1120,5761,32593,1895,59499,626,308,204,85,287,321,85,148,355,97,271,1459,13735,16754,32737,29491,12232,2926,14866,15284,3325,6550,32659,3848,26663,170468,24709,308226,..,..,..,..
215,15603,14209,4782,1062,7347,6837,1480,3269,13987,1639,10441,70090,5651,125410,184,159,42,7,196,103,32,52,150,31,149,1340,115,2103,662,283,205,44,325,283,70,194,307,76,350,973,105,2533,195,72,70,25,118,114,30,52,75,26,119,467,40,985,437,135,105,66,316,231,61,68,152,55,214,548,106,1607,63,39,18,8,74,41,9,11,87,18,66,354,41,633,84,163,24,7,157,53,13,10,85,18,163,4089,261,4932,10,13,3,0,12,5,3,7,12,3,20,925,37,1023,26,44,6,6,108,38,9,3,37,6,88,2018,104,2400,56,37,19,0,32,22,4,13,47,0,50,258,23,447,34,44,11,0,47,19,3,4,37,3,48,614,36,832,1750,986,504,158,1379,910,240,411,984,238,1264,11579,857,17497,559,290,155,32,277,262,76,149,265,52,219,1201,10170,12662,17909,15485,5441,1255,8998,8011,1791,3829,15240,1926,11924,82873,16675,155568,..,..,..,..
216,14121,12112,4258,918,6141,5965,1451,2921,12765,1442,9931,60705,4685,109099,211,190,71,11,129,85,28,38,139,19,153,1095,88,1837,686,285,216,78,356,337,77,193,330,87,334,1032,86,2703,219,79,82,29,121,108,35,55,96,24,106,482,36,1048,579,124,132,102,393,285,79,82,221,76,235,845,103,2153,128,98,22,6,145,63,8,15,121,12,150,889,69,1394,80,144,15,5,96,28,14,3,54,8,88,2344,104,2863,12,13,6,0,19,7,0,3,4,0,17,626,14,716,92,88,12,5,189,60,20,7,77,7,157,3222,95,3871,42,38,22,5,23,15,0,4,46,3,36,224,4,391,31,25,10,0,26,12,0,0,20,4,46,668,24,831,2083,1077,583,235,1487,990,273,409,1118,242,1331,11441,628,17800,547,248,137,77,263,241,63,129,267,71,185,994,8510,10720,16749,13440,4981,1236,7889,7201,1787,3457,14150,1752,11442,73142,13818,137618,..,..,..,..
217,12327,10891,3935,819,5691,5374,1178,2548,11369,1402,9150,62690,4298,108095,197,176,61,5,97,84,18,42,175,24,140,1105,88,1873,665,278,247,53,341,323,58,168,349,92,331,1366,101,3086,214,75,86,25,115,113,26,48,87,25,111,629,47,1224,116,39,32,15,82,63,20,13,57,12,73,270,25,593,16,5,5,0,15,6,3,6,12,0,14,158,6,213,56,47,14,3,54,19,9,10,27,9,44,1157,61,1421,12,8,7,0,10,8,0,3,16,0,12,799,7,859,20,22,4,0,45,23,3,0,15,0,33,775,12,899,39,31,25,0,20,19,4,4,40,0,45,337,8,500,41,44,15,0,24,20,0,3,36,3,35,355,20,529,1367,731,496,106,803,674,143,292,810,165,843,6956,395,11191,387,191,126,54,219,193,32,85,238,69,154,948,6772,8778,14083,11815,4556,984,6711,6240,1354,2927,12410,1634,10156,70597,11466,128069,..,..,..,..
297,0,0,0,0,0,0,0,0,0,0,0,9,0,9,0,0,0,0,0,0,0,0,0,0,0,0,0,0,0,0,0,0,0,0,0,0,0,0,0,0,0,0,0,0,0,0,0,0,0,0,0,0,0,0,0,0,0,0,0,0,0,0,0,0,0,0,0,0,0,0,0,0,0,0,0,0,0,0,0,0,0,0,0,0,0,0,0,0,0,0,0,0,0,0,0,3,0,5,0,0,0,0,0,0,0,0,0,0,0,0,0,0,0,0,0,0,0,0,0,0,0,0,0,0,0,0,0,0,0,0,0,0,0,0,0,0,0,0,0,0,0,0,0,0,0,0,0,0,0,0,0,0,0,0,0,0,0,0,0,0,0,0,0,0,0,5,0,3,0,0,0,0,0,0,0,0,0,0,0,0,27,27,0,0,0,0,0,0,0,0,0,0,0,14,29,38,..,..,..,..
299,390,581,108,17,161,170,56,117,1246,49,608,1841,388,4283,12,21,7,3,10,11,0,9,29,4,19,101,13,179,23,25,5,0,13,17,0,6,33,0,22,109,16,206,7,5,4,0,5,0,0,3,16,0,12,75,4,111,23,5,6,0,10,3,3,6,20,3,16,52,5,104,9,11,0,0,10,9,0,9,17,0,17,70,4,108,6,6,0,0,5,0,0,0,17,0,21,154,12,207,0,4,3,0,4,0,0,3,9,0,10,64,7,94,6,7,0,0,8,0,0,0,21,0,13,120,8,165,7,7,0,0,3,0,0,0,21,0,10,70,4,110,0,3,0,0,5,3,0,0,16,0,12,61,7,96,93,88,31,4,63,53,10,31,202,16,144,878,68,1379,12,15,10,3,6,7,6,9,26,5,10,45,3334,3431,490,684,148,23,229,234,70,154,1470,68,769,2768,3785,9089,..,..,..,..
301,17019,17547,6422,1280,7936,8167,1599,3968,19721,1800,17556,103996,6456,175644,1409,1340,499,82,779,663,125,295,1100,145,1170,8449,487,14004,2608,1337,920,239,1111,1261,213,587,1505,281,1821,8789,548,16552,622,221,234,128,321,371,64,126,338,90,491,2541,122,4444,437,114,140,73,238,259,63,86,211,69,295,1660,63,2841,55,44,20,7,56,33,11,7,48,7,82,604,28,881,247,250,99,29,267,130,37,34,173,38,350,2818,128,4086,76,64,60,8,79,55,20,13,62,12,171,2138,40,2649,114,101,33,9,224,109,14,21,56,27,132,1932,49,2563,229,184,75,25,112,99,16,40,221,18,265,1753,67,2665,329,315,156,23,179,181,32,52,326,25,381,3592,131,5165,6117,3979,2230,622,3357,3162,591,1257,4041,723,5157,34281,1665,55845,322,136,99,35,138,173,32,100,182,42,149,655,6923,8331,23469,21661,8755,1945,11430,11504,2222,5328,23939,2572,22865,138931,15048,239817,..,..,..,..
302,13453,15822,5339,1219,6530,6926,1490,3084,19011,1425,15700,96084,5685,159442,886,1062,390,56,814,543,130,199,915,119,975,7072,457,11590,1097,755,459,99,546,596,136,270,885,125,854,4633,314,8513,286,180,124,51,139,173,38,77,227,42,234,1688,89,2730,502,138,189,116,314,290,62,85,260,62,346,1768,118,3267,91,85,25,11,97,71,20,12,79,9,162,1554,89,2093,314,355,148,15,441,171,49,48,271,43,608,5261,213,7269,108,105,76,18,151,93,19,21,127,18,299,3660,77,4550,238,260,69,26,634,233,36,42,170,35,459,9202,257,11124,163,203,82,10,100,82,18,30,283,18,294,2264,80,3246,143,172,66,7,100,74,16,29,234,18,241,2028,63,2869,3829,3327,1641,411,3334,2321,517,805,3454,495,4470,39137,1769,57243,250,120,83,57,115,162,52,76,138,47,155,500,6818,7917,17530,19267,7060,1685,9980,9413,2060,3972,22600,1963,20331,135720,14272,224598,..,..,..,..
303,14587,20783,5994,1416,7232,7231,1533,3201,23728,1600,19563,139245,7017,217162,1168,1445,475,111,1066,678,149,225,1198,165,1349,10608,554,16589,1338,888,525,181,629,745,139,298,1136,178,1173,5736,321,10568,453,269,203,71,197,277,45,95,355,91,406,2629,120,4282,1183,330,400,225,723,722,125,177,678,139,893,4517,219,7987,251,271,65,27,269,153,44,29,344,27,423,3563,142,4979,861,862,332,73,1088,488,130,98,639,138,1558,13452,412,18373,694,698,562,106,1427,802,198,127,758,165,2400,34219,619,40943,547,642,126,35,1191,423,92,63,441,68,885,18957,471,22842,373,344,126,30,217,131,40,47,517,34,527,4337,121,6106,370,415,145,27,349,214,39,51,423,34,551,5531,189,7616,7248,6166,2974,887,7165,4628,992,1214,6484,1048,10167,103542,3169,140296,269,127,84,43,126,130,37,70,148,37,170,969,11911,13570,22101,27077,9052,2339,14526,11992,2558,4487,30360,2684,29899,243757,22105,371026,..,..,..,..
304,8992,11762,4175,950,3730,4664,865,1702,13783,872,12041,80629,4025,127375,479,551,227,58,268,298,44,103,548,51,583,4059,188,6418,1139,811,551,167,482,659,86,226,918,148,1144,6487,285,10925,316,191,157,44,126,193,36,75,266,36,350,2311,92,3570,227,87,93,64,114,150,37,42,154,32,238,1714,64,2560,94,89,30,6,84,76,9,23,106,3,163,1880,62,2433,295,361,130,37,302,207,42,36,263,44,537,4757,146,6543,173,164,127,26,242,114,35,25,194,35,504,6901,122,8347,244,278,75,24,440,183,30,33,146,20,382,4797,121,6268,194,265,110,23,94,100,21,32,401,13,352,3081,81,4318,321,324,168,24,154,169,24,34,422,24,466,3854,137,5550,3475,3123,1667,473,2305,2155,366,622,3419,405,4714,39856,1287,56928,81,33,36,26,38,58,17,19,55,26,69,328,4335,4916,12549,14921,5885,1451,6080,6879,1254,2341,17247,1295,16825,120813,9649,189213,..,..,..,..
305,9866,17198,5150,812,4283,5249,1029,2104,23132,1041,15911,122960,5893,189603,685,979,318,36,351,341,64,123,1097,74,907,6879,338,10792,956,1078,494,90,391,504,92,185,1330,106,1175,9139,382,14059,297,298,186,30,133,189,34,55,363,24,394,4102,111,5661,547,196,194,131,345,335,80,82,377,74,532,3878,232,5884,68,95,42,8,80,48,23,11,171,18,202,2457,86,3100,255,457,123,24,302,144,50,23,438,29,604,7776,176,9808,143,312,127,20,200,118,39,22,368,27,517,12446,183,14196,143,205,51,14,288,108,24,18,204,26,311,7812,150,9032,259,496,115,16,109,105,38,30,694,23,588,9034,191,11182,163,279,93,13,96,92,14,31,380,18,320,3163,96,4397,3511,4392,1749,381,2297,1988,456,579,5418,420,5554,66685,1941,88103,116,80,40,37,69,92,17,37,113,17,96,597,13522,14532,13490,21666,6937,1228,6650,7329,1505,2725,28665,1478,21563,190242,21353,292245,..,..,..,..
306,15273,13672,5595,1289,8215,7669,1678,3785,16349,1746,14632,113918,7314,179461,979,736,389,67,609,473,126,229,708,137,802,6917,380,10766,1586,702,667,159,659,773,167,406,943,194,1174,5815,347,10766,592,200,243,86,235,297,53,145,300,95,472,2899,150,4739,615,136,196,142,367,281,80,99,230,77,364,1917,123,3515,36,20,20,14,33,21,4,7,41,11,52,350,20,536,284,237,111,23,325,119,43,36,198,56,427,4725,197,6259,85,77,63,11,91,45,19,12,88,9,197,3623,70,4259,112,99,40,8,229,87,20,14,86,21,229,3489,135,4330,211,143,94,9,95,87,25,55,194,25,252,2136,80,2993,151,103,72,15,80,70,13,21,154,16,194,1627,60,2327,4644,2452,1896,534,2718,2257,544,1030,2944,638,4166,33500,1560,50498,392,225,120,66,232,225,67,129,257,78,251,1610,20979,23795,20315,16348,7617,1889,11173,10145,2287,4945,19552,2453,19052,149029,29847,253748,..,..,..,..
307,12267,11671,3797,780,6134,5506,1249,2679,10905,1271,8654,61629,4198,105677,313,228,89,4,185,156,43,67,263,43,205,1243,81,2292,584,276,173,49,279,297,59,153,303,79,317,967,81,2444,188,61,60,20,101,95,17,50,77,25,101,495,37,990,111,27,31,16,87,78,15,27,35,25,61,273,19,573,8,4,3,0,9,5,0,0,0,0,0,59,0,78,75,83,19,4,87,26,6,4,48,13,90,1434,79,1841,7,11,3,0,10,4,0,3,3,0,7,422,5,473,4,11,4,0,15,5,5,4,8,0,15,432,15,507,85,42,21,0,41,25,10,14,45,5,54,519,19,749,47,54,28,3,33,39,4,11,54,6,57,538,21,785,1426,803,431,105,846,724,168,340,840,192,909,6386,360,10737,409,189,98,54,192,179,54,94,195,45,152,875,10409,12209,14102,12663,4326,941,7167,6408,1465,3112,11940,1510,9719,68891,14970,128622,..,..,..,..
308,17888,18114,5565,1188,9452,8302,1886,4664,19522,1905,15085,111021,8300,184311,598,485,213,26,367,320,67,171,504,72,437,3796,279,6198,940,391,280,78,447,450,102,274,508,120,539,2373,157,4883,268,87,91,29,111,153,22,71,136,30,166,846,57,1580,104,26,42,13,73,80,10,26,45,18,62,435,27,755,12,4,10,3,9,9,6,3,13,0,13,194,9,261,178,152,56,10,180,54,24,25,108,11,216,3221,143,4121,18,16,11,0,25,9,0,8,19,0,32,1002,17,1123,39,54,9,0,114,32,6,10,29,6,86,1920,42,2254,84,83,30,7,55,39,14,29,96,6,77,961,32,1342,140,114,48,10,91,81,14,26,148,13,161,1746,76,2435,2379,1404,791,168,1459,1238,275,643,1605,280,1796,16489,835,24945,436,230,126,54,209,227,51,127,219,45,185,983,16972,18988,20703,19750,6488,1410,11120,9767,2217,5436,21345,2236,17064,128493,26108,228246,..,..,..,..
309,35663,37658,13340,3092,13774,15426,3566,8209,41804,3764,35363,262727,17268,418579,4762,4292,1810,351,2105,2130,475,1140,3736,569,3605,30125,1967,48846,5628,2863,2072,664,2202,2591,538,1363,3128,614,3694,20558,1371,37640,1461,560,584,225,585,841,151,337,668,222,1034,6039,291,10417,1895,516,656,351,1066,1028,244,337,988,260,1338,7677,484,13205,417,239,133,51,341,255,64,77,296,57,428,2764,118,4256,743,712,281,62,717,317,86,99,521,79,957,10278,407,13922,448,359,279,72,593,274,84,64,410,81,1093,17018,363,20323,302,313,87,21,519,220,49,53,190,36,400,8498,213,10247,636,741,279,62,335,296,49,117,872,81,844,10896,386,14354,789,652,357,51,442,371,75,124,739,57,953,8028,324,11695,17078,11242,6545,1904,8899,8312,1819,3707,11554,2044,14340,121883,5921,184911,768,318,272,159,312,384,113,235,438,122,448,2116,33224,37287,53517,49223,20161,5155,22987,24123,5491,12151,53788,5927,50153,386729,56421,640778,..,..,..,..
310,24238,30907,7086,1220,12501,9795,2301,5904,34512,2333,25340,148191,14321,258897,1900,2102,556,104,1789,886,259,428,1622,242,1709,15214,1145,23843,2611,1317,788,185,1284,1120,242,701,1636,292,1655,5436,490,12572,639,264,243,73,375,367,73,210,342,89,422,1703,105,3545,428,129,128,66,307,241,55,80,273,60,338,1585,117,2895,97,116,29,11,125,59,15,15,109,13,176,2406,152,3090,839,795,266,99,1205,431,142,120,646,153,1469,11773,660,16825,75,89,60,14,127,55,17,20,94,18,206,2794,86,3445,247,305,69,20,659,214,52,32,206,35,482,8644,249,10597,307,233,78,21,233,120,27,41,337,29,357,2127,102,3405,291,306,89,12,314,144,44,53,337,29,437,6263,324,8123,7431,5653,2312,598,6420,3631,920,1690,5615,972,7251,57947,3427,88336,536,293,156,80,300,269,71,161,353,80,323,1450,17082,19891,32208,36853,9563,1901,19224,13699,3283,7754,40479,3385,32906,207590,34831,367126,..,..,..,..
311,21427,28321,6181,1318,11306,8868,2227,5541,29741,2197,22925,141310,10349,238629,2857,2977,862,201,2482,1361,375,632,2177,401,2228,20321,1363,32386,3025,1379,954,282,1527,1367,331,910,1703,372,1810,5971,558,14047,788,291,285,93,415,453,86,198,337,108,571,1762,139,3933,812,230,234,100,554,420,105,143,484,120,656,2999,184,5393,208,206,36,18,248,127,35,25,216,35,355,2647,138,3765,604,611,200,78,818,288,137,80,423,91,1033,8998,366,12396,167,155,93,41,253,127,43,23,157,30,408,4628,87,5803,281,313,59,25,561,202,76,48,260,47,474,8797,231,10694,297,200,98,25,215,121,33,45,269,35,305,1671,81,2756,393,314,128,28,321,195,42,51,352,38,453,4896,200,6711,9426,6683,2943,895,7391,4658,1259,2154,6369,1279,8288,62688,3351,97886,468,305,130,44,265,236,77,140,271,75,200,1299,20786,23259,31324,35307,9257,2250,18962,13768,3568,7837,36384,3555,31422,205300,34487,359767,..,..,..,..
312,11529,12121,3945,865,6321,5789,1308,2743,12263,1206,9782,88079,5826,138112,482,440,190,29,280,269,38,140,365,50,370,3597,206,5577,629,294,231,66,357,334,90,218,430,73,435,2299,141,4286,177,73,69,31,112,116,20,49,103,35,126,987,50,1628,172,32,66,39,133,109,35,35,89,23,97,643,39,1133,8,8,3,0,7,9,0,6,12,0,15,196,7,245,132,146,46,5,193,55,19,11,75,18,162,2994,145,3792,13,10,8,0,17,9,3,0,13,4,23,779,12,883,30,37,7,0,61,18,0,11,18,0,43,1200,19,1403,65,68,18,6,42,36,0,15,79,4,70,920,31,1234,107,137,38,6,68,61,11,24,136,10,129,1818,57,2448,1813,1253,669,181,1280,1009,226,512,1328,218,1470,15441,710,22624,310,155,81,62,150,167,49,82,146,45,104,815,18585,20157,13646,13526,4698,1107,7754,6957,1583,3337,13740,1472,11357,104337,25118,180894,..,..,..,..
313,24818,23170,7904,1753,11592,11318,2683,6598,27513,2533,22089,106477,9437,199660,1904,1475,653,118,1156,927,237,486,1376,205,1352,8615,650,15454,3395,1352,1143,306,1436,1586,336,907,1745,331,1932,6540,527,15227,668,228,261,91,325,426,89,187,295,87,431,1694,128,3600,402,126,112,52,257,233,47,76,180,49,240,1055,93,2139,53,23,18,3,48,34,12,15,32,7,56,333,31,535,339,284,101,16,301,117,42,35,182,31,353,3533,198,4989,57,37,36,4,52,23,9,7,47,7,95,1844,53,2178,91,69,38,12,133,65,23,25,51,17,102,932,42,1371,245,155,82,12,101,104,22,43,212,18,230,1149,54,1971,277,186,109,30,205,160,34,63,241,26,289,1823,90,2954,7429,3943,2559,653,4012,3662,850,1839,4364,763,5086,27517,1873,50415,577,297,159,114,303,323,80,200,364,88,258,978,12299,14671,32825,27410,10622,2516,15900,15308,3610,8642,32245,3385,27432,134978,23610,264752,..,..,..,..
314,12737,16649,4492,815,6403,5850,1278,2897,20090,1196,15861,96906,5808,160247,986,1218,410,53,769,524,116,225,1080,106,1043,8264,491,13162,1518,921,574,141,698,718,138,367,1138,150,1157,6319,389,11440,325,146,145,51,160,184,35,81,207,51,294,1479,81,2572,222,89,92,37,145,167,30,44,139,33,176,1196,42,1939,56,49,10,10,71,40,18,8,60,5,127,934,35,1264,217,241,85,13,291,107,37,31,169,20,427,3452,104,4735,41,50,30,6,65,33,9,5,53,3,140,1661,34,2057,132,165,55,13,335,91,18,21,111,15,256,4572,118,5597,172,169,66,5,99,74,17,31,215,22,222,1644,37,2424,274,299,138,15,194,172,36,34,392,26,393,3608,118,5155,3941,3347,1602,347,2828,2106,453,840,3562,434,4237,33123,1456,50342,138,72,47,25,80,85,26,38,80,17,53,385,6358,7107,16818,20066,6137,1184,9310,8041,1757,3775,23732,1651,20157,130418,13627,217700,..,..,..,..
315,3507,4455,1208,348,3726,2461,699,955,3343,423,3482,42718,4315,63559,170,152,51,7,143,90,27,39,116,26,110,1721,130,2505,134,72,60,14,86,68,13,35,98,20,92,590,38,1054,59,17,19,7,31,29,8,11,27,4,45,333,27,526,57,18,18,12,42,30,17,7,20,11,21,200,10,357,4,0,0,0,3,0,0,0,0,0,0,48,7,59,31,43,9,0,57,18,3,6,17,0,42,959,44,1186,0,0,0,0,3,0,0,0,0,0,6,193,9,215,9,5,0,0,19,0,0,6,10,4,5,398,15,456,15,6,4,0,10,7,0,4,28,0,21,247,9,333,24,38,8,0,17,10,0,7,19,0,39,544,14,685,503,364,176,46,414,250,67,110,337,67,392,5242,295,7374,93,68,32,18,106,60,12,27,57,19,64,755,7778,8893,4104,4884,1412,411,4249,2773,785,1098,3735,514,3941,48706,12391,79827,..,..,..,..
316,31525,26320,11311,2521,10644,13914,2539,6736,30426,3325,26947,176256,12444,294585,2173,1560,874,153,742,994,202,443,1517,242,1503,10869,709,18480,4491,2123,1702,459,1449,2030,318,984,2423,506,2996,15222,971,28276,1085,377,422,167,381,590,81,246,518,163,730,4627,263,7828,515,152,185,120,247,322,62,91,229,93,383,2320,111,3820,65,43,28,14,40,36,9,21,54,6,71,568,30,854,255,265,111,23,201,116,26,42,217,41,296,3515,138,4775,62,85,36,5,40,34,13,13,67,12,121,2238,45,2649,109,98,42,22,147,85,13,25,66,14,131,3339,93,3942,431,364,187,45,143,183,35,72,429,41,466,4527,178,6333,524,368,227,37,203,259,33,87,480,54,543,4494,174,6661,9706,5435,3819,1039,3601,4646,793,2030,5991,1173,7229,51716,2709,83605,607,252,198,114,224,290,64,177,290,109,265,1318,17894,20655,41831,32014,15334,3676,14471,18848,3402,8946,36705,4606,34438,229286,33053,398840,..,..,..,..
317,14569,14386,4528,1116,6742,6283,1427,2776,16357,1439,12358,73253,5129,129263,342,315,126,12,230,179,39,81,376,37,301,1961,110,3361,767,351,271,85,354,396,93,168,454,110,463,1570,105,3614,250,90,92,24,104,129,22,52,115,46,136,658,42,1305,105,28,28,19,61,57,16,21,50,10,73,311,21,595,70,74,23,15,122,74,26,15,97,15,247,2857,57,3476,120,104,43,10,152,51,25,15,78,16,190,2030,78,2678,22,17,19,3,34,20,0,0,43,5,66,1743,40,1963,56,76,20,0,150,40,16,8,64,8,130,3473,91,3997,84,89,30,9,44,39,9,21,111,12,87,857,28,1238,142,107,52,11,74,62,9,24,174,16,196,1866,64,2565,1948,1252,698,191,1328,1056,246,403,1566,278,1880,17323,636,24787,293,108,82,75,143,188,35,61,149,44,115,536,6792,8012,16814,15747,5312,1379,8217,7525,1708,3238,18064,1763,14348,91117,12559,162059,..,..,..,..
318,17768,16728,5861,1498,9288,8402,1932,4082,20748,1740,16132,111759,8452,185635,670,498,281,37,419,326,70,168,565,71,487,3872,254,6439,1175,515,410,100,494,569,141,340,710,134,734,3100,180,6350,341,119,141,38,188,186,44,76,192,57,238,1346,66,2355,426,75,116,104,242,213,50,65,171,44,210,889,71,1926,30,15,6,0,15,4,4,3,26,0,31,367,15,479,217,187,64,12,266,109,32,28,137,18,289,2939,160,4073,26,28,23,0,39,25,5,4,38,0,61,1089,16,1284,72,88,34,10,176,51,16,14,55,11,109,2173,61,2700,123,110,49,4,75,42,13,19,154,11,155,1077,32,1633,122,126,48,6,89,65,12,23,152,10,188,2282,84,3009,3198,1773,1167,321,1997,1592,377,749,2195,358,2501,19124,944,30240,351,150,110,79,204,202,52,91,167,70,137,917,16590,18409,21319,18651,7131,1891,11488,10200,2361,4916,23103,2171,18767,131807,25987,234283,..,..,..,..
319,37251,26479,11017,2509,16338,16229,3569,9986,32711,3966,26567,126900,10704,245132,1636,820,554,89,644,763,179,501,957,193,931,4467,345,8974,3606,1207,1128,288,1504,1588,365,1106,1641,389,1840,4902,460,13193,987,281,300,122,402,523,90,294,410,139,536,1816,142,4156,412,114,142,66,278,251,66,100,182,65,250,788,80,1871,45,18,19,7,42,30,6,14,29,7,44,326,15,493,352,234,79,17,271,108,38,49,173,35,267,3020,192,4271,52,25,20,8,32,30,5,3,32,4,58,1130,24,1335,57,54,12,8,85,53,11,13,54,3,73,1430,43,1763,243,133,94,14,106,98,30,60,164,21,189,945,46,1660,251,152,67,13,120,126,17,61,176,18,219,1361,64,2224,7643,3032,2418,625,3483,3569,798,2205,3809,871,4414,20182,1416,39940,1245,554,319,130,563,608,140,387,596,161,461,1956,18013,22666,46148,30065,13750,3267,20385,20404,4505,12578,37113,5009,31449,149040,30136,307745,..,..,..,..
397,0,0,0,0,0,0,0,0,0,0,0,20,0,29,0,0,0,0,0,0,0,0,0,0,0,0,0,0,0,0,0,0,0,0,0,0,0,0,0,0,0,0,0,0,0,0,0,0,0,0,0,0,0,0,0,0,0,0,0,0,0,0,0,0,0,0,0,3,0,3,0,0,0,0,0,0,0,0,0,0,0,0,0,0,0,0,0,0,0,0,0,0,0,0,0,15,0,15,0,0,0,0,0,0,0,0,0,0,0,0,0,0,0,0,0,0,0,0,0,0,0,0,0,0,0,0,0,0,0,0,0,0,0,0,0,0,0,0,0,0,0,0,0,0,0,0,0,0,0,0,0,0,0,0,0,0,0,0,0,0,0,0,0,0,0,22,0,23,0,0,0,0,0,0,0,0,0,0,0,0,128,128,0,0,0,0,0,0,0,0,4,0,0,42,133,183,..,..,..,..
399,1068,904,296,34,456,463,87,301,1631,112,1052,4227,1043,9019,74,49,31,0,40,44,3,24,81,5,60,341,76,681,106,60,32,5,43,41,5,30,77,9,77,416,37,764,29,7,3,0,16,10,5,0,14,0,25,275,25,367,12,4,0,0,6,4,8,5,14,0,11,119,12,167,0,0,0,0,0,0,0,0,0,0,5,33,9,48,9,0,3,0,7,6,0,0,12,4,5,137,11,181,3,4,0,0,0,0,0,0,4,0,0,165,9,183,0,0,0,0,3,0,0,0,8,0,0,71,6,82,12,12,7,0,3,5,3,4,22,0,15,206,10,269,11,17,3,0,5,3,0,3,11,4,11,88,5,142,252,155,84,7,119,120,25,69,247,25,209,1853,203,2883,19,14,6,3,9,10,0,11,31,5,14,92,2614,2770,1341,1078,390,44,579,591,115,376,1912,143,1281,6171,3862,14670,..,..,..,..
401,17475,18994,6883,1782,7686,8217,1408,2969,21469,1717,18699,133073,6831,211871,294,259,123,31,150,153,29,55,271,31,295,1699,71,2865,2751,1360,1049,334,1126,1375,196,539,1697,282,1893,8526,456,16873,738,277,316,132,358,471,71,143,371,112,525,2544,124,4753,2703,631,827,573,1796,1633,259,387,902,376,1405,5324,356,12062,214,119,60,28,194,127,32,28,189,31,255,2702,81,3660,439,477,194,51,464,237,48,45,371,57,741,8155,199,10652,210,261,162,25,395,161,42,31,267,41,673,15158,207,17194,265,324,100,29,625,197,40,26,228,28,524,11775,211,13818,228,254,108,16,113,93,11,43,337,22,321,3160,72,4327,171,192,73,13,119,91,18,31,223,17,252,2365,66,3284,8011,4148,3013,1229,5341,4538,744,1318,4846,991,6885,61415,1843,89495,325,157,103,60,163,190,41,70,199,43,181,982,9156,11014,25813,23303,9997,3072,13193,12941,2193,4350,26509,2751,25768,195468,17830,312377,..,..,..,..
402,28332,35665,7732,1904,16309,11353,2419,5901,38712,2516,29296,178916,12431,304793,383,349,132,17,343,175,48,96,413,42,357,2119,163,3718,7990,3238,2277,793,4181,3578,640,1921,3663,766,4020,11489,990,30523,1303,428,401,207,732,703,136,286,516,168,717,2040,201,5235,2663,689,706,493,1855,1386,289,361,1155,349,1524,5181,383,11688,375,240,76,29,433,176,71,50,354,44,492,5168,263,6954,932,1091,311,77,1554,476,183,151,684,148,1716,15193,599,20907,181,153,79,22,303,124,37,27,162,31,392,6020,115,7284,761,747,131,77,1661,401,148,109,844,107,1553,29990,755,35605,311,251,92,20,240,111,29,41,297,31,316,2079,97,3295,195,237,60,12,279,108,34,30,240,21,382,5208,231,6618,15089,7419,4268,1751,11581,7231,1615,3073,8331,1706,11475,84485,3799,131820,832,451,213,121,527,404,75,216,479,108,347,1842,15240,19093,44251,43533,12210,3774,28413,18991,4108,9188,47525,4329,41123,265243,31470,455707,..,..,..,..
403,27004,29105,9193,2233,13184,11907,2339,5150,32227,2798,26934,159982,9287,273027,518,407,174,33,291,235,41,96,398,59,447,2258,133,4070,6343,3119,2049,688,2911,3022,519,1446,3479,698,3968,16847,1072,34449,1305,440,490,200,609,711,113,294,530,198,739,3222,168,6612,1430,371,440,269,926,864,152,235,671,231,874,3911,240,7833,369,149,81,25,285,179,51,44,239,38,350,2258,81,3437,400,384,155,36,491,222,38,38,291,51,591,5261,173,7343,144,132,73,10,248,82,24,17,148,24,378,5682,92,6782,237,251,74,24,576,218,44,39,175,28,386,8304,210,10003,302,261,115,25,157,110,23,44,302,27,325,2734,81,3949,235,228,111,25,173,110,15,43,258,30,348,3275,97,4487,11291,5743,3747,1321,6667,5749,1023,2292,6485,1388,8403,53763,2346,88962,567,260,156,128,287,296,43,132,309,91,297,1163,10280,12875,38859,35115,13095,3681,20139,17951,3411,7569,39028,4274,35639,214908,21918,374859,..,..,..,..
404,14790,15693,4968,1459,7580,6703,1459,3013,18106,1566,14933,99851,5750,163514,208,205,87,17,130,86,21,50,210,13,180,1274,71,2092,1898,976,650,230,837,890,156,468,1204,187,1205,5173,352,10638,546,226,196,94,315,325,53,138,303,67,354,1687,73,3249,3425,729,931,838,2338,1916,385,469,1508,536,2035,6494,466,15059,197,125,49,20,191,119,31,38,174,27,236,2015,83,2843,680,647,210,83,961,300,104,81,456,100,1114,9506,389,13256,122,93,62,32,180,95,23,13,97,39,252,3942,66,4740,204,216,55,14,514,120,26,15,165,21,379,12138,251,13744,139,158,62,12,89,53,10,20,205,15,192,2158,81,2901,114,128,57,15,162,50,27,23,136,22,200,2537,97,3289,7527,3501,2348,1357,5707,3952,843,1316,4460,1026,6151,46933,1917,71804,423,184,108,53,218,186,39,106,230,57,201,913,7149,9027,22737,19380,7424,2868,13503,10836,2335,4433,22791,2647,21284,147696,14820,244347,..,..,..,..
405,12648,10549,3557,947,6671,5275,1063,2646,10970,1100,8653,53427,3325,95552,132,95,35,9,56,47,16,33,100,6,96,488,22,901,1543,640,449,103,765,699,121,402,799,158,794,2219,159,5879,310,110,110,36,192,177,23,81,138,29,140,526,48,1288,180,61,41,25,138,94,22,40,69,23,77,291,30,731,9,3,3,0,7,5,0,0,3,0,9,59,0,87,55,32,23,0,49,18,10,3,25,4,41,683,19,892,14,5,3,0,12,4,0,0,5,0,3,152,3,201,14,15,6,3,28,7,4,4,11,0,17,330,10,419,46,38,4,0,26,14,0,8,53,0,38,221,7,370,25,26,8,0,20,8,7,6,27,3,31,267,10,392,2331,1028,694,180,1281,1077,205,574,1233,229,1236,5246,308,11144,467,229,119,50,271,200,35,117,242,70,170,829,5880,7787,15451,11801,4372,1174,8221,6551,1302,3332,12448,1388,10062,59500,9520,114487,..,..,..,..
406,6331,6978,1942,500,4231,2895,669,1485,6006,628,4970,40493,3356,66936,76,66,26,3,62,34,11,23,63,4,57,519,41,829,884,361,243,98,488,405,86,253,330,90,400,1356,141,3458,174,50,59,30,135,91,10,41,69,22,93,357,19,814,166,37,54,42,133,101,17,35,54,22,78,335,37,767,6,0,0,0,8,4,0,4,0,0,6,69,10,93,32,41,17,0,78,15,0,4,26,5,44,879,34,1105,7,0,6,0,8,0,0,0,4,0,9,164,4,197,14,8,6,0,27,8,0,3,14,0,19,738,24,846,31,25,4,0,24,15,5,8,19,3,19,175,5,263,29,32,15,0,24,18,6,4,28,0,43,334,21,496,1420,623,425,172,983,684,130,374,614,163,758,4920,337,8886,195,126,61,25,157,119,29,49,103,30,83,645,5627,6833,7954,7725,2426,696,5380,3703,824,1907,6724,811,5814,46061,9319,82646,..,..,..,..
407,19259,16048,5918,1526,9865,8772,1554,4043,17277,1950,13886,87352,6466,155408,231,182,75,19,136,115,14,69,187,33,202,1334,95,2232,2687,978,753,231,1252,1234,199,602,1118,272,1307,3919,355,10202,562,161,225,89,324,332,43,164,213,74,311,1069,87,2569,442,109,135,94,290,255,55,73,158,47,197,683,107,1775,20,12,7,7,34,15,0,0,12,5,27,207,17,311,115,110,42,6,165,42,22,19,73,18,162,2512,143,3218,21,21,5,0,14,3,6,0,23,0,47,759,26,902,61,42,14,8,108,30,5,9,46,10,59,1506,50,1815,93,45,42,3,35,41,8,8,73,6,96,417,26,745,79,70,32,0,45,42,4,22,67,10,79,907,41,1244,4319,1736,1333,456,2399,2121,356,968,1975,474,2486,13307,949,25010,697,310,159,74,347,353,49,182,347,95,266,1449,10199,13286,24276,18088,7414,2052,12610,11243,1955,5192,19605,2526,16641,102110,17617,193709,..,..,..,..
497,0,0,0,0,0,0,0,0,0,0,0,0,0,0,0,0,0,0,0,0,0,0,0,0,0,0,0,0,0,0,0,0,0,0,0,0,0,0,0,0,0,0,0,0,0,0,0,0,0,0,0,0,0,0,0,0,0,0,0,0,0,0,0,0,0,0,0,0,0,0,0,0,0,0,0,0,0,0,0,0,0,0,0,0,0,0,0,0,0,0,0,0,0,0,0,0,0,0,0,0,0,0,0,0,0,0,0,0,0,0,0,0,0,0,0,0,0,0,0,0,0,0,0,0,0,0,0,0,0,0,0,0,0,0,0,0,0,0,0,0,0,0,0,0,0,0,0,0,0,0,0,0,0,0,0,0,0,0,0,0,0,0,0,0,0,0,0,4,0,0,0,0,0,0,0,0,0,0,0,0,5,5,0,0,0,0,0,0,0,0,0,0,0,5,5,12,..,..,..,..
499,213,300,48,8,109,74,18,54,502,23,274,1007,291,2262,4,6,0,0,9,0,0,0,9,0,9,37,5,60,29,22,6,0,24,18,0,12,31,4,23,81,14,176,6,0,0,0,5,0,0,0,9,0,0,39,0,57,0,5,3,0,0,3,0,0,5,0,6,17,4,39,0,5,0,0,0,0,0,0,0,0,0,12,3,25,0,0,0,0,0,0,0,0,5,0,0,22,5,29,4,3,0,0,0,0,0,0,0,0,5,30,3,37,0,0,4,0,0,0,0,0,0,0,0,24,0,42,0,0,0,0,0,0,0,0,5,0,0,25,0,31,0,0,0,0,0,0,0,0,6,0,0,18,3,28,45,48,15,5,36,25,0,16,66,9,49,307,36,522,4,0,0,0,5,0,0,0,7,0,3,27,551,594,263,345,70,8,149,100,22,74,580,35,328,1338,882,3377,..,..,..,..
501,14141,12592,4610,935,6434,5412,1161,2583,14783,1288,11168,85224,6240,140508,560,472,185,28,254,204,45,122,447,58,356,3364,231,5402,2829,1146,874,234,1145,1106,185,628,1441,294,1499,6743,509,13981,404,145,168,51,189,207,26,99,231,52,273,1890,105,3140,300,68,91,58,209,176,42,53,110,38,167,830,91,1664,26,13,6,0,21,9,5,4,23,0,13,262,20,368,126,122,47,8,181,71,19,14,80,12,169,2820,90,3522,19,27,13,0,16,5,5,0,16,0,37,1014,37,1162,57,26,19,4,89,35,11,9,28,3,71,1190,49,1486,116,90,35,6,63,45,9,26,108,13,120,988,33,1455,282,269,116,28,154,131,19,39,270,32,301,2638,105,3902,4708,2371,1553,429,2322,1999,350,998,2753,511,3022,21743,1265,36073,346,156,120,50,157,153,35,79,192,49,135,1000,10289,12165,19198,15124,6282,1413,8911,7563,1545,3662,17734,1848,14326,107973,17794,188747,..,..,..,..
502,8641,6906,2943,528,4049,3735,817,1936,8321,958,6563,41895,3212,73150,415,329,158,24,209,220,32,84,337,51,313,2386,183,3982,2671,1106,884,181,1199,1271,264,650,1298,276,1449,6511,544,13628,316,106,131,30,161,166,21,83,123,35,181,958,54,1807,156,55,51,17,114,92,21,45,57,24,96,420,41,862,27,10,3,0,18,12,0,4,20,3,13,173,10,246,110,96,49,6,139,55,24,12,80,9,143,1975,95,2603,20,9,5,0,13,15,3,0,15,4,26,375,9,451,59,40,21,9,69,39,6,15,23,11,48,717,21,957,96,60,24,5,40,36,8,16,77,9,78,470,25,786,184,136,79,7,126,109,12,29,173,23,190,1729,61,2512,4053,1948,1405,286,2085,2011,400,939,2197,441,2530,15719,1044,27830,262,112,95,25,147,123,38,61,115,48,104,461,5606,6660,12953,8965,4440,837,6281,5872,1253,2935,10636,1444,9198,58075,9868,107641,..,..,..,..
503,6755,8705,3304,811,2516,3453,557,1237,10796,742,8382,70754,3497,107511,265,289,131,16,106,130,22,44,298,22,237,2155,103,3380,1508,1015,706,208,481,752,112,290,1275,171,1274,9256,436,14999,338,274,158,48,121,167,23,71,276,34,333,3790,107,5214,679,198,240,160,399,392,72,101,367,83,469,3077,152,5103,121,77,39,20,83,55,15,14,105,17,132,1554,43,2047,447,496,211,77,448,291,74,69,464,58,708,7353,209,9952,113,134,106,22,160,104,21,17,152,22,298,6593,89,7584,174,169,63,29,250,148,34,43,154,29,257,5992,101,7021,179,272,99,18,86,101,16,36,355,24,305,4133,94,5332,288,316,175,28,110,156,28,44,431,31,361,3484,133,5050,4095,3235,1923,623,2243,2297,415,733,3879,490,4376,47385,1465,65679,121,52,50,32,56,77,14,20,78,12,91,479,8244,9074,10972,11989,5278,1474,4809,5830,987,1989,14756,1244,12853,118622,13209,182267,..,..,..,..
504,11716,16420,4108,827,6430,5157,1178,2557,18754,1189,14124,109328,8419,173150,674,792,258,29,489,365,71,185,711,70,635,5621,415,8967,3310,1749,1171,325,1667,1506,287,834,2139,337,2198,10150,754,20277,552,286,211,78,285,321,53,131,369,75,432,2908,157,4849,1287,288,384,230,839,719,176,225,536,192,806,4040,261,7634,170,150,51,4,216,82,30,19,149,22,250,2445,181,3427,825,792,287,103,1283,420,139,115,529,144,1258,12703,570,17447,92,82,51,6,149,38,9,14,102,18,204,3392,107,4103,564,364,150,59,902,385,92,104,249,70,558,9646,319,12332,205,188,83,12,117,81,21,36,235,22,259,1792,97,2727,468,496,205,28,504,263,50,86,509,37,640,6310,255,8946,8153,5202,2854,883,6450,4177,934,1751,5525,983,7232,58997,3105,90707,257,118,77,40,153,130,35,67,152,50,131,847,11195,12721,20123,21734,7038,1755,13033,9461,2147,4374,24430,2215,21487,169170,22716,276573,..,..,..,..
505,22372,29425,8286,1852,10628,10086,2113,4528,31747,2216,25917,217567,12498,331349,1289,1414,495,68,697,626,106,285,1254,115,1160,10520,588,16231,8947,5171,3181,841,3920,3888,665,1830,6381,859,6461,41866,2553,71728,1355,703,554,178,565,695,125,241,918,152,1131,9228,427,13940,2898,748,964,489,1966,1525,309,435,1337,399,1863,10968,656,19279,478,337,142,40,520,258,71,72,360,65,578,5987,306,8268,1417,1229,532,176,1988,860,219,213,944,211,2136,20512,864,28373,222,182,121,25,399,153,46,24,209,36,492,7296,156,8947,791,488,234,95,1147,533,112,122,412,98,858,14472,387,18135,466,443,218,37,277,186,35,66,592,44,612,5946,210,8255,1495,1574,690,120,1181,800,180,227,1668,177,1987,20989,756,29158,19373,12283,7132,2062,12662,9526,1867,3520,14061,2156,17292,147783,6893,222304,537,228,168,214,272,266,73,128,298,83,245,1766,20365,23642,42271,41940,15586,4125,23563,19884,4053,8181,46109,4449,43455,367125,39755,577297,..,..,..,..
506,20729,26802,7358,1501,11568,9209,2141,4646,31029,2126,23742,188841,12557,295176,1200,1301,435,61,778,610,101,277,1158,141,1015,9908,661,15468,6964,3125,2356,640,3410,3346,630,1752,3894,791,4166,18437,1373,38364,1142,457,444,168,610,685,112,296,592,151,831,4786,252,8408,1167,293,381,179,806,682,135,185,533,162,725,4260,279,7629,368,305,120,34,457,206,64,48,364,43,543,5870,276,7879,1804,1981,739,190,3031,1205,314,226,1233,287,3167,34690,1083,46196,297,238,183,39,611,191,67,49,294,66,829,15951,303,18549,1126,1015,321,111,2461,862,172,178,736,139,1648,35745,952,43153,398,354,156,20,243,154,27,68,455,41,425,3738,145,5497,880,853,295,56,898,406,90,134,867,82,1156,12783,538,17483,15348,9933,5436,1503,13308,8342,1715,3215,10133,1902,14503,146159,5868,208626,476,246,154,137,310,274,80,146,315,92,272,1668,22568,25670,36557,36984,12943,3136,25180,17827,3936,8005,41476,4119,38523,336670,40993,529466,..,..,..,..
507,19739,24978,7077,1386,9524,8431,1917,4047,29721,1876,22824,177722,11823,278175,1108,1313,408,47,736,533,110,262,1152,135,999,10101,595,15396,6833,3430,2315,586,3111,3101,592,1595,4494,686,4637,24283,1652,45630,886,466,372,110,420,510,80,248,543,103,710,5330,217,8375,1988,499,641,331,1297,1003,236,290,918,271,1256,6531,424,11996,173,121,60,29,175,113,28,18,150,22,212,2266,87,3121,1001,948,406,91,1359,582,143,113,684,121,1606,17552,552,23385,168,135,102,27,269,124,34,28,189,33,502,6699,140,8124,465,274,146,43,760,340,71,63,267,42,520,7643,238,9978,442,377,184,27,242,184,40,63,487,40,496,4057,137,5977,732,700,330,56,560,329,61,111,792,52,898,8785,347,12515,13806,8258,4974,1351,8924,6826,1395,2797,9683,1495,11834,93261,4391,144499,426,186,127,108,247,202,57,111,237,65,208,1203,18414,20732,33968,33422,12168,2852,18697,15457,3373,6955,39642,3435,34864,272181,34634,443407,..,..,..,..
509,10971,9534,3621,711,5438,4685,914,2231,10303,1088,7978,59170,4335,100151,396,310,154,17,186,178,38,101,271,33,265,2170,236,3672,2148,807,666,182,978,911,164,480,1071,237,1174,4224,331,9716,362,124,110,44,186,193,35,82,170,45,204,1135,65,2159,180,38,55,22,111,110,18,35,70,30,98,508,44,975,5,6,10,0,10,9,0,0,11,0,13,90,89,219,110,90,25,7,146,60,18,16,71,8,149,2354,171,3047,13,10,9,0,0,6,0,0,8,0,22,386,30,466,45,29,14,8,67,34,3,7,24,11,43,577,102,840,99,51,32,8,47,47,6,14,79,11,81,448,29,800,182,130,65,10,109,87,15,29,166,16,145,1324,87,2077,3536,1602,1138,299,1838,1637,291,769,1936,400,2187,13216,1182,23971,403,188,127,85,198,201,39,93,201,53,167,1120,10932,13060,14908,11328,4886,1095,7472,6521,1246,3091,12442,1538,10335,73504,16444,137175,..,..,..,..
510,2010,3966,753,146,2386,1253,459,496,3361,235,3009,43783,3547,60535,172,246,76,6,134,88,11,45,153,14,135,2750,136,3719,177,169,58,9,113,77,17,43,187,21,145,1748,77,2578,47,40,18,0,30,18,3,13,40,9,40,861,31,1083,24,13,11,5,17,12,8,6,14,3,22,459,20,566,5,5,0,0,5,4,0,0,8,0,11,188,9,225,61,72,26,0,123,32,23,6,35,9,104,2408,90,2877,7,16,3,0,11,0,5,0,14,0,16,514,16,588,11,21,3,0,52,11,0,4,8,4,30,984,17,1116,21,25,11,0,14,9,0,5,35,7,40,516,15,660,48,55,24,6,45,22,5,0,68,0,83,1182,48,1523,574,663,222,26,551,280,75,118,564,65,622,11619,457,14932,44,66,17,8,71,45,23,14,50,14,37,594,13822,14660,2623,4691,998,176,3009,1575,561,622,3974,312,3668,55999,17824,90128,..,..,..,..
511,6881,7496,2426,558,4647,3373,986,1653,7383,692,5854,52884,4200,84169,343,381,134,17,260,185,39,99,294,48,246,3163,198,4767,824,373,269,93,424,390,83,215,463,87,498,2413,191,4752,167,68,57,19,87,76,8,44,81,18,93,851,43,1335,132,29,32,24,100,82,20,30,49,16,65,474,27,808,12,3,0,0,5,5,0,0,9,0,11,217,9,264,93,104,27,0,139,31,18,14,50,13,151,2397,112,2993,12,4,9,0,9,5,0,4,10,4,12,484,19,543,27,29,9,0,73,25,6,3,17,0,43,896,25,1103,44,42,19,4,37,20,6,11,55,4,65,567,20,794,108,114,58,8,113,53,8,13,163,12,155,1798,66,2474,1763,1157,612,163,1245,867,203,426,1183,200,1339,13268,705,19826,215,101,66,27,124,104,21,68,108,31,101,739,13466,14764,8857,8750,3105,745,6018,4346,1216,2157,8678,923,7289,66893,18370,118758,..,..,..,..
597,3,10,4,0,0,8,0,0,7,0,5,124,0,151,0,5,0,0,0,4,0,0,0,0,0,18,0,28,0,3,0,0,0,0,0,0,0,0,0,24,0,30,0,0,0,0,0,0,0,0,0,0,0,14,0,18,0,0,0,0,0,0,0,0,0,0,0,7,0,6,0,0,0,0,0,0,0,0,0,0,0,0,0,0,0,0,0,0,0,0,0,0,0,0,0,34,6,40,0,0,0,0,0,0,0,0,0,0,0,4,0,4,0,0,0,0,0,0,0,0,0,0,0,5,0,5,0,0,0,0,0,0,0,0,0,0,0,5,0,3,0,0,0,0,0,0,0,0,0,0,0,7,0,15,7,4,0,0,0,6,0,0,4,0,7,124,3,146,0,0,0,0,0,0,0,0,0,0,0,0,211,217,14,16,8,0,0,9,0,0,8,3,8,248,226,514,..,..,..,..
599,293,303,99,0,151,136,32,73,567,28,340,1899,1589,4775,27,19,4,0,8,17,0,3,24,0,16,141,61,271,48,21,19,0,21,12,3,10,34,7,35,238,53,431,10,6,5,0,3,4,0,0,9,0,6,117,19,166,3,0,0,0,3,5,0,0,3,0,0,64,25,95,3,0,0,0,0,0,0,0,6,0,0,26,13,41,0,3,3,0,4,0,0,0,8,0,8,74,8,106,0,0,0,0,0,0,0,0,6,0,0,27,5,40,5,0,0,0,0,0,0,0,5,0,0,47,8,63,7,5,0,0,3,3,0,6,9,0,3,72,16,116,6,5,0,0,5,0,0,0,4,0,13,61,11,97,99,66,33,9,49,41,4,20,108,10,85,864,211,1429,6,3,3,0,9,4,0,4,13,0,8,27,1795,1851,399,371,130,11,198,185,33,103,688,40,430,2794,3591,8055,..,..,..,..
601,22605,19272,6493,1553,8751,7855,1956,4002,25752,2150,18202,106222,7840,189218,336,250,108,20,145,114,29,49,308,34,247,1366,75,2491,2193,873,687,220,806,949,173,380,1071,214,1267,4213,271,9649,541,169,192,87,240,277,50,88,249,74,363,1543,84,3017,475,110,132,103,268,245,52,49,197,63,277,1184,75,2369,57,49,20,8,59,39,5,6,50,12,91,882,34,1189,168,149,50,20,163,67,13,20,130,22,226,3673,84,4498,68,94,36,11,86,42,23,7,111,15,177,6779,94,7410,96,120,32,4,250,64,15,11,107,9,221,9887,189,10812,198,187,74,24,95,74,18,25,279,19,246,1893,51,2800,174,124,54,15,84,68,17,22,164,11,216,1657,53,2378,4316,2128,1394,508,2202,1933,394,669,2662,472,3344,33082,1008,46613,552,248,142,51,261,237,71,160,338,75,209,1089,8869,11253,27472,21649,8028,2109,11213,10023,2421,4835,28751,2701,21752,140395,17721,247086,..,..,..,..
602,15871,13311,4257,859,6472,5610,1455,3612,15275,1583,11499,67188,4877,121279,253,167,76,10,119,121,32,65,202,26,195,992,48,1811,1658,613,496,116,635,658,151,366,731,182,832,2522,202,6283,378,124,122,53,167,198,49,94,162,51,242,829,61,1802,172,40,42,33,97,86,27,37,65,36,89,379,25,808,17,21,3,5,17,13,3,3,17,0,33,449,12,556,87,89,23,3,79,42,14,11,62,12,109,1681,52,2127,24,20,17,6,31,12,8,11,31,5,55,1195,19,1355,95,75,15,16,155,49,18,19,74,13,159,3792,80,4360,110,88,33,4,50,36,0,18,103,7,109,662,26,1046,74,59,38,9,50,36,9,13,70,10,90,762,21,1102,2856,1299,861,242,1395,1244,308,641,1521,354,1898,13262,544,21237,564,234,125,56,245,244,57,148,241,74,192,1018,6412,8677,19291,14846,5242,1156,8117,7100,1817,4396,17041,2007,13587,81474,11835,151195,..,..,..,..
603,4745,3116,1314,190,1739,1669,301,901,4167,389,3015,18409,1177,32864,110,53,29,12,43,39,11,22,68,10,64,293,24,594,511,182,133,44,199,235,32,115,253,59,325,1083,62,2371,125,30,39,4,44,62,9,15,62,6,73,367,23,684,38,6,11,3,18,16,0,7,25,3,33,142,4,253,8,0,0,0,3,0,0,0,3,0,3,24,6,41,19,17,6,0,12,9,0,0,9,0,18,196,12,284,4,12,3,0,8,4,0,0,6,6,8,198,0,237,11,5,0,0,3,0,0,0,6,0,9,264,5,299,53,38,22,4,18,26,0,6,40,0,37,264,12,424,29,16,18,4,7,9,4,3,26,0,22,120,4,237,911,360,271,63,360,400,54,173,505,97,593,2960,147,5408,212,92,60,9,96,94,25,46,103,22,81,378,2603,3459,5870,3566,1651,263,2196,2162,384,1123,4772,504,3691,21756,3925,41734,..,..,..,..
604,12899,10945,3415,676,5544,4763,1416,3024,11749,1321,8970,53198,3861,96464,216,152,73,8,102,78,22,46,157,22,134,921,58,1586,1124,400,362,93,535,488,123,284,519,121,595,1631,160,4348,239,80,82,23,125,137,22,73,95,50,151,576,41,1228,98,25,23,16,61,55,14,12,41,13,44,238,17,488,15,5,7,0,7,5,0,0,9,5,18,133,3,176,72,39,17,3,83,15,8,3,31,4,64,732,44,1021,9,18,4,5,9,3,3,0,22,0,15,577,5,642,26,28,3,0,41,18,4,4,16,0,21,1307,22,1435,64,45,20,6,40,30,6,12,66,11,69,335,17,590,50,35,17,4,42,33,7,15,54,4,48,357,13,567,1918,815,619,156,1049,871,215,461,1003,217,1163,6794,381,12086,497,227,123,32,228,226,65,155,244,74,180,943,5560,7611,15318,11990,4153,866,6818,5860,1688,3642,12998,1613,10315,60940,9804,116156,..,..,..,..
697,0,0,0,0,0,0,0,0,0,0,0,6,0,6,0,0,0,0,0,0,0,0,0,0,0,0,0,0,0,0,0,0,0,0,0,0,0,0,0,0,0,0,0,0,0,0,0,0,0,0,0,0,0,0,0,0,0,0,0,0,0,0,0,0,0,0,0,0,0,0,0,0,0,0,0,0,0,0,0,0,0,0,0,0,0,0,0,0,0,0,0,0,0,0,0,0,0,0,0,0,0,0,0,0,0,0,0,0,0,0,0,0,0,0,0,0,0,0,0,0,0,0,0,0,0,0,0,0,0,0,0,0,0,0,0,0,0,0,0,0,0,0,0,0,0,0,0,0,0,0,0,0,0,0,0,0,0,0,0,0,0,0,0,0,0,6,0,6,0,0,0,0,0,0,0,0,0,0,0,0,3,3,0,0,0,0,0,0,0,0,0,0,0,12,3,19,..,..,..,..
699,100,108,27,3,39,38,14,27,250,11,101,435,122,973,6,0,0,0,0,0,0,0,8,0,7,6,5,27,7,7,3,0,3,0,0,0,11,0,9,17,11,53,0,0,0,0,4,0,0,0,5,0,0,14,3,19,0,0,0,0,0,0,0,0,0,0,0,4,0,8,0,0,0,0,0,0,0,0,0,0,0,0,0,6,0,5,4,0,0,0,0,0,5,0,0,7,0,11,0,0,0,0,0,0,0,0,0,0,0,8,0,10,0,0,0,0,0,0,0,0,0,0,0,8,5,13,3,0,0,0,0,0,0,0,7,0,0,8,0,11,0,0,0,0,0,0,0,0,0,0,0,4,0,7,18,14,10,0,10,4,0,3,25,3,20,73,20,153,5,8,0,0,0,0,0,0,7,0,0,16,215,243,120,121,37,5,53,45,18,38,288,12,117,529,357,1377,..,..,..,..
701,5311,6878,1876,250,3065,2331,664,1276,6825,535,6672,60274,4246,89266,294,243,101,19,197,136,37,62,238,31,265,2127,109,3338,533,301,209,41,287,216,58,148,319,54,414,2646,131,4482,174,104,86,33,91,108,19,50,92,24,167,1346,76,2069,284,92,80,47,222,167,33,52,131,44,214,1526,83,2456,23,21,5,0,30,3,4,8,26,0,30,523,24,656,444,416,136,46,721,229,115,52,237,62,651,8423,316,11020,57,44,31,5,69,23,15,5,31,3,108,2237,34,2575,108,137,24,13,306,75,24,12,83,11,233,7816,133,8747,58,76,21,0,52,33,11,12,73,5,89,907,27,1254,50,83,31,3,60,20,9,9,71,5,117,1792,65,2217,2023,1513,727,221,2032,1017,330,410,1297,234,2298,29350,1000,38817,112,71,32,13,94,53,28,34,77,18,81,630,10831,11826,7445,8465,2638,491,5187,3405,1020,1719,8196,790,9047,90258,16079,139902,..,..,..,..
702,2235,3906,774,283,4148,3260,1069,819,3130,389,4175,48687,4118,70155,120,158,51,12,136,68,14,32,97,12,126,1479,68,2146,154,113,63,13,97,83,22,50,117,16,132,796,49,1370,52,34,25,7,34,34,8,8,43,13,43,469,19,687,20,19,12,3,32,20,7,8,21,10,33,251,12,379,6,8,0,0,19,3,0,0,7,0,16,287,16,359,52,69,13,3,80,29,15,7,25,3,77,1481,62,1828,7,7,3,0,6,0,0,0,6,0,20,515,8,566,14,26,3,0,65,11,6,0,14,0,57,1815,46,2032,39,37,13,0,24,8,0,0,38,0,62,862,22,1044,33,25,11,0,41,22,7,4,16,3,50,715,26,909,485,492,197,42,525,284,74,114,382,58,612,8667,324,11319,40,28,15,5,59,30,19,6,37,12,44,577,6834,7632,2762,4429,987,338,4734,3566,1160,942,3543,461,4831,57932,11272,89103,..,..,..,..
797,0,10,0,0,3,0,0,0,0,0,0,43,0,56,0,3,0,0,0,0,0,0,0,0,0,5,0,11,0,0,0,0,0,0,0,0,0,0,0,7,0,8,0,0,0,0,0,0,0,0,0,0,0,0,0,0,0,0,0,0,0,0,0,0,0,0,0,0,0,0,0,0,0,0,0,0,0,0,0,0,0,0,0,0,0,0,0,0,0,0,0,0,0,0,0,4,0,5,0,0,0,0,0,0,0,0,0,0,0,0,0,0,0,0,0,0,0,0,0,0,0,0,0,5,0,5,0,0,0,0,0,0,0,0,0,0,0,0,0,0,0,0,0,0,0,0,0,0,0,0,0,0,0,0,0,3,0,0,0,0,0,0,0,0,0,19,0,22,0,0,0,0,0,0,0,0,0,0,0,0,19,21,0,11,0,0,3,0,0,0,0,0,0,58,24,99,..,..,..,..
799,125,153,57,7,139,155,76,51,186,14,173,1197,152,2106,11,8,6,0,6,7,3,5,17,4,7,71,0,107,13,9,3,0,5,3,4,3,12,4,7,98,0,144,5,4,0,0,0,3,0,0,7,0,5,61,0,83,0,0,0,0,0,0,0,0,5,0,3,32,0,41,0,0,0,0,0,3,0,0,3,0,0,3,0,9,0,0,0,0,5,0,0,0,4,0,6,10,0,21,0,0,0,0,0,0,0,0,0,0,0,12,0,12,3,0,4,0,3,0,0,3,0,0,0,15,0,25,0,3,0,0,0,0,0,0,0,0,0,28,3,35,0,0,0,0,0,0,0,0,0,0,0,10,0,16,37,24,15,6,20,20,8,14,44,10,27,349,6,487,0,4,0,0,9,0,0,0,0,3,13,31,851,906,165,179,81,8,169,181,84,61,237,24,217,1580,1017,3500,..,..,..,..
801,24933,33743,8616,1485,9970,9169,2772,4317,37940,2020,32935,185274,9080,306525,712,760,266,57,506,341,95,100,708,70,831,4482,206,7612,2888,1525,1031,268,1064,1226,314,580,1779,286,2289,7561,390,15997,1068,482,384,136,462,534,140,216,551,162,870,3553,132,6677,1850,500,569,284,1045,850,230,290,733,249,1231,5197,288,10140,281,267,104,13,294,154,64,35,280,26,458,4037,154,5536,880,1071,328,75,998,438,186,104,761,118,1557,12957,369,17992,334,402,208,37,544,259,80,62,475,60,979,15410,255,18348,755,863,219,46,1811,565,145,84,623,92,1383,28173,643,33784,677,668,228,50,352,233,74,92,920,57,854,5327,138,8295,349,366,114,22,274,169,55,27,419,33,455,4170,120,5899,9800,6897,3443,993,7356,4756,1377,1583,7258,1138,10914,90863,2694,130274,338,142,110,156,156,155,40,92,211,65,229,806,15389,17087,35062,40783,12166,2627,17480,14081,4189,5990,45408,3231,44070,276945,27163,453890,..,..,..,..
897,0,0,0,0,0,0,0,0,0,0,0,0,0,0,0,0,0,0,0,0,0,0,0,0,0,0,0,0,0,0,0,0,0,0,0,0,0,0,0,0,0,0,0,0,0,0,0,0,0,0,0,0,0,0,0,0,0,0,0,0,0,0,0,0,0,0,0,0,0,0,0,0,0,0,0,0,0,0,0,0,0,0,0,0,0,0,0,0,0,0,0,0,0,0,0,0,0,0,0,0,0,0,0,0,0,0,0,0,0,0,0,0,0,0,0,0,0,0,0,0,0,0,0,0,0,0,0,0,0,0,0,0,0,0,0,0,0,0,0,0,0,0,0,0,0,0,0,0,0,0,0,0,0,0,0,0,0,0,0,0,0,0,0,0,0,0,0,0,0,0,0,0,0,0,0,0,0,0,0,0,0,0,0,0,0,0,0,0,0,0,0,0,0,0,0,0,..,..,..,..
899,26,42,5,0,13,15,0,3,93,6,50,184,26,384,7,5,0,0,0,0,0,0,0,0,3,8,3,24,6,0,0,0,0,0,0,0,0,0,4,0,0,13,0,0,0,0,0,0,0,0,0,0,0,9,0,9,0,0,0,0,0,0,0,0,4,0,0,0,0,4,0,0,0,0,0,0,0,0,4,0,0,4,0,5,0,0,0,0,0,0,0,0,0,0,0,8,0,13,0,0,0,0,0,0,0,0,0,0,0,9,0,13,0,0,0,0,0,0,0,0,0,0,0,13,0,18,0,4,0,0,0,0,0,0,0,0,0,8,0,13,4,0,0,0,0,0,0,0,0,0,0,4,0,5,11,11,6,0,3,5,0,4,19,3,10,66,11,117,0,0,0,0,0,0,0,0,0,0,0,4,102,114,42,53,18,0,17,18,0,10,108,6,62,253,138,605,..,..,..,..
901,171,200,59,20,114,102,26,39,146,20,175,1853,96,2673,33,32,19,0,20,27,6,10,19,10,35,256,39,432,18,8,11,0,10,10,0,3,7,3,6,69,5,122,5,0,0,0,0,5,0,0,0,0,0,21,4,35,0,0,0,0,0,0,4,0,0,0,7,9,4,20,0,0,0,0,0,0,0,0,0,0,0,0,67,67,15,20,5,0,31,10,3,0,9,5,28,362,36,503,0,0,4,0,4,0,0,0,0,0,6,12,5,26,0,0,0,0,0,0,0,0,0,0,4,15,36,53,0,5,3,0,6,3,6,0,0,0,3,35,8,55,0,0,0,0,3,3,0,0,0,0,9,22,35,67,74,71,37,5,76,60,17,14,38,13,84,803,238,1373,3,3,3,0,4,3,3,0,3,3,7,63,648,739,250,268,102,27,189,161,45,55,189,34,269,2717,978,4778,..,..,..,..
997,0,0,0,0,0,0,0,0,0,0,0,0,0,0,0,0,0,0,0,0,0,0,0,0,0,0,0,0,0,0,0,0,0,0,0,0,0,0,0,0,0,0,0,0,0,0,0,0,0,0,0,0,0,0,0,0,0,0,0,0,0,0,0,0,0,0,0,0,0,0,0,0,0,0,0,0,0,0,0,0,0,0,0,0,0,0,0,0,0,0,0,0,0,0,0,0,0,0,0,0,0,0,0,0,0,0,0,0,0,0,0,0,0,0,0,0,0,0,0,0,0,0,0,0,0,0,0,0,0,0,0,0,0,0,0,0,0,0,0,0,0,0,0,0,0,0,0,0,0,0,0,0,0,0,0,0,0,0,0,0,0,0,0,0,0,0,0,0,0,0,0,0,0,0,0,0,0,0,0,0,0,0,0,0,0,0,0,0,0,0,0,0,0,0,0,0,..,..,..,..
999,0,0,0,0,0,0,0,0,0,0,0,9,4,12,0,0,0,0,0,0,0,0,0,0,0,0,0,0,0,0,0,0,0,0,0,0,0,0,0,0,0,0,0,0,0,0,0,0,0,0,0,0,0,0,0,0,0,0,0,0,0,0,0,0,0,0,0,0,0,0,0,0,0,0,0,0,0,0,0,0,0,0,0,0,0,0,0,0,0,0,0,0,0,0,0,0,0,0,0,0,0,0,0,0,0,0,0,0,0,0,0,0,0,0,0,0,0,0,0,0,0,0,0,0,0,0,0,0,0,0,0,0,0,0,0,0,0,0,0,0,0,0,0,0,0,0,0,0,0,0,0,0,0,0,0,0,0,0,0,0,0,0,0,0,0,0,0,0,0,0,0,0,0,0,0,0,0,0,0,0,3,3,0,0,0,0,0,0,0,0,0,0,0,9,8,11,..,..,..,..
