SA4_CODE_2021,F_GrpH_Mem_0_14,F_GrpH_Mem_15_24,F_GrpH_Mem_25_34,F_GrpH_Mem_35_44,F_GrpH_Mem_45_54,F_GrpH_Mem_55_64,F_GrpH_Mem_65_74,F_GrpH_Mem_75_84,F_GrpH_Mem_85ov,F_GrpH_Mem_Tot,F_LonePsn_0_14,F_LonePsn_15_24,F_LonePsn_25_34,F_LonePsn_35_44,F_LonePsn_45_54,F_LonePsn_55_64,F_LonePsn_65_74,F_LonePsn_75_84,F_LonePsn_85ov,F_LonePsn_Tot,F_Vis_within_Aus_0_14,F_Vis_within_Aus_15_24,F_Vis_within_Aus_25_34,F_Vis_within_Aus_35_44,F_Vis_within_Aus_45_54,F_Vis_within_Aus_55_64,F_Vis_within_Aus_65_74,F_Vis_within_Aus_75_84,F_Vis_within_Aus_85ov,F_Vis_within_Aus_Tot,F_Tot_0_14,F_Tot_15_24,F_Tot_25_34,F_Tot_35_44,F_Tot_45_54,F_Tot_55_64,F_Tot_65_74,F_Tot_75_84,F_Tot_85ov,F_Tot_Tot,P_Ptn_in_RM_0_14,P_Ptn_in_RM_15_24,P_Ptn_in_RM_25_34,P_Ptn_in_RM_35_44,P_Ptn_in_RM_45_54,P_Ptn_in_RM_55_64,P_Ptn_in_RM_65_74,P_Ptn_in_RM_75_84,P_Ptn_in_RM_85ov,P_Ptn_in_RM_Tot,P_Ptn_in_DFM_0_14,P_Ptn_in_DFM_15_24,P_Ptn_in_DFM_25_34,P_Ptn_in_DFM_35_44,P_Ptn_in_DFM_45_54,P_Ptn_in_DFM_55_64,P_Ptn_in_DFM_65_74,P_Ptn_in_DFM_75_84,P_Ptn_in_DFM_85ov,P_Ptn_in_DFM_Tot,P_LonePnt_0_14,P_LonePnt_15_24,P_LonePnt_25_34,P_LonePnt_35_44,P_LonePnt_45_54,P_LonePnt_55_64,P_LonePnt_65_74,P_LonePnt_75_84,P_LonePnt_85ov,P_LonePnt_Tot,P_CU15_0_14,P_CU15_15_24,P_CU15_25_34,P_CU15_35_44,P_CU15_45_54,P_CU15_55_64,P_CU15_65_74,P_CU15_75_84,P_CU15_85ov,P_CU15_Tot,P_DpStu_0_14,P_DpStu_15_24,P_DpStu_25_34,P_DpStu_35_44,P_DpStu_45_54,P_DpStu_55_64,P_DpStu_65_74,P_DpStu_75_84,P_DpStu_85ov,P_DpStu_Tot,P_NDpChl_0_14,P_NDpChl_15_24,P_NDpChl_25_34,P_NDpChl_35_44,P_NDpChl_45_54,P_NDpChl_55_64,P_NDpChl_65_74,P_NDpChl_75_84,P_NDpChl_85ov,P_NDpChl_Tot,P_OthRI_0_14,P_OthRI_15_24,P_OthRI_25_34,P_OthRI_35_44,P_OthRI_45_54,P_OthRI_55_64,P_OthRI_65_74,P_OthRI_75_84,P_OthRI_85ov,P_OthRI_Tot,P_URI_in_FH_0_14,P_URI_in_FH_15_24,P_URI_in_FH_25_34,P_URI_in_FH_35_44,P_URI_in_FH_45_54,P_URI_in_FH_55_64,P_URI_in_FH_65_74,P_URI_in_FH_75_84,P_URI_in_FH_85ov,P_URI_in_FH_Tot,P_GrpH_Mem_0_14,P_GrpH_Mem_15_24,P_GrpH_Mem_25_34,P_GrpH_Mem_35_44,P_GrpH_Mem_45_54,P_GrpH_Mem_55_64,P_GrpH_Mem_65_74,P_GrpH_Mem_75_84,P_GrpH_Mem_85ov,P_GrpH_Mem_Tot,P_LonePsn_0_14,P_LonePsn_15_24,P_LonePsn_25_34,P_LonePsn_35_44,P_LonePsn_45_54,P_LonePsn_55_64,P_LonePsn_65_74,P_LonePsn_75_84,P_LonePsn_85ov,P_LonePsn_Tot,P_Vis_within_Aus_0_14,P_Vis_within_Aus_15_24,P_Vis_within_Aus_25_34,P_Vis_within_Aus_35_44,P_Vis_within_Aus_45_54,P_Vis_within_Aus_55_64,P_Vis_within_Aus_65_74,P_Vis_within_Aus_75_84,P_Vis_within_Aus_85ov,P_Vis_within_Aus_Tot,P_Tot_0_14,P_Tot_15_24,P_Tot_25_34,P_Tot_35_44,P_Tot_45_54,P_Tot_55_64,P_Tot_65_74,P_Tot_75_84,P_Tot_85ov,P_Tot_Tot
101,..,340,459,172,278,429,299,110,29,2127,..,351,910,833,1354,2823,3398,2676,1280,13622,256,380,289,165,205,398,311,156,70,2227,18625,10421,12419,12933,14940,16319,14117,7383,2365,109517,..,329,8138,14199,16550,18482,17204,8131,1487,84528,..,2098,6416,4186,4116,3482,1922,479,61,22756,..,268,1322,2099,2476,1428,745,552,365,9265,38118,..,..,..,..,..,..,..,..,38118,..,8305,..,..,..,..,..,..,..,8305,..,7023,3055,1108,881,546,111,5,0,12726,..,789,511,241,368,634,758,520,260,4083,..,621,735,244,222,197,112,30,13,2170,..,812,1260,464,585,899,661,251,59,4987,..,731,2084,1967,3244,5741,6125,4196,1812,25900,485,750,695,413,503,704,639,282,104,4579,38606,21720,24223,24919,28943,32110,28282,14443,4169,217416
102,..,619,714,269,503,738,562,249,60,3717,..,342,951,874,1715,3828,5585,4852,2663,20811,415,534,343,218,252,291,303,169,70,2609,28761,17987,18479,20435,21794,22487,20510,12539,4693,167699,..,440,10952,22306,23212,23892,22376,12574,2454,118204,..,3123,9746,6108,5235,3814,1987,753,91,30852,..,470,2408,4087,5090,2949,1428,1001,752,18198,58710,..,..,..,..,..,..,..,..,58710,..,14925,..,..,..,..,..,..,..,14925,..,12627,6128,2124,1574,1016,220,11,0,23703,..,1229,894,481,629,1309,1485,1049,592,7685,..,1175,1081,496,472,406,181,80,11,3907,..,1217,1810,721,1185,1557,1219,547,117,8359,..,678,2196,2383,4027,7049,8741,7157,3634,35862,879,996,748,560,546,566,532,258,104,5204,59596,36878,35961,39271,41974,42568,38173,23429,7762,325606
103,..,531,463,141,241,293,268,86,29,2048,..,462,836,636,1171,2383,2834,2714,1313,12354,279,387,275,149,171,224,197,133,55,1876,18610,10207,11634,11292,12345,12895,11212,6644,2350,97173,..,395,7717,12151,13613,14618,13594,6788,1302,70195,..,2512,6034,3405,2840,2270,1032,328,39,18466,..,384,1633,2246,2339,1225,660,533,416,9437,37864,..,..,..,..,..,..,..,..,37864,..,7391,..,..,..,..,..,..,..,7391,..,6313,2391,1005,805,557,110,0,0,11188,..,858,486,231,352,616,669,431,224,3863,..,562,438,203,192,157,82,29,15,1678,..,1090,1094,378,541,680,599,212,45,4631,..,934,2005,1741,2835,4841,5160,4214,1819,23550,558,771,625,418,410,433,375,211,89,3888,38427,21215,22426,21787,23917,25396,22291,12749,3946,192153
104,..,325,366,152,265,465,310,95,20,1998,..,162,389,386,802,1799,2283,2030,988,8833,180,290,142,107,132,240,192,88,34,1398,11450,6400,6949,7581,8838,10287,9627,5438,1916,68478,..,211,3956,7259,8607,10341,11120,5818,1184,48500,..,1292,3417,2454,2373,2235,1384,359,67,13580,..,200,1095,1715,1892,1012,567,431,328,7252,23041,..,..,..,..,..,..,..,..,23041,..,4766,..,..,..,..,..,..,..,4766,..,4073,1850,843,663,453,112,8,0,8003,..,618,372,191,263,531,587,353,258,3167,..,525,534,256,249,188,101,41,5,1904,..,615,815,377,572,895,688,203,49,4213,..,313,883,944,1703,3445,4067,3021,1374,15750,341,496,378,295,280,435,347,150,51,2784,23381,13104,13311,14327,16603,19548,18978,10378,3315,132948
105,..,263,321,89,151,186,130,57,15,1214,..,281,562,365,646,1285,1435,1363,680,6614,202,219,165,100,120,164,147,69,29,1205,9842,5259,6960,5755,6025,6804,5498,3343,1137,50625,..,165,4292,5771,5975,7217,6188,3263,632,33499,..,1371,3325,1732,1525,1247,556,165,24,9944,..,275,1178,1263,1235,725,434,270,184,5567,19771,..,..,..,..,..,..,..,..,19771,..,3262,..,..,..,..,..,..,..,3262,..,3053,1345,601,470,281,49,3,0,5798,..,693,366,140,262,406,416,236,108,2632,..,379,368,115,116,90,63,19,5,1156,..,512,768,209,300,374,303,119,39,2623,..,548,1284,933,1527,2726,2813,2122,920,12878,401,456,370,265,263,290,278,130,46,2502,20169,10717,13286,11032,11679,13360,11101,6323,1958,99620
106,..,420,466,225,353,464,341,118,22,2421,..,382,910,709,1332,2684,3489,2881,1448,13837,436,535,355,172,201,306,275,134,66,2482,26450,15371,17490,16914,17588,17849,15503,8315,2660,138143,..,493,11468,18305,19183,20727,19213,9413,1547,100355,..,3589,9408,5333,4481,3107,1548,471,52,27992,..,508,2568,3520,3684,1951,976,657,415,14280,53463,..,..,..,..,..,..,..,..,53463,..,11174,..,..,..,..,..,..,..,11174,..,10729,4337,1623,1216,618,121,0,0,18641,..,1236,758,334,546,1012,1037,691,338,5958,..,974,856,405,348,256,150,45,13,3050,..,907,1262,606,751,981,796,259,35,5597,..,795,2356,2185,3298,5314,6017,4335,1947,26245,887,985,773,500,508,587,479,233,81,5023,54352,31396,33803,32804,34003,34551,30337,16096,4432,271780
107,..,1877,1303,240,326,420,304,122,32,4624,..,430,1144,927,1471,2974,3841,3550,1959,16302,360,833,413,213,208,254,186,134,64,2659,26023,18791,19096,18881,19400,19358,15966,9745,3667,150929,..,406,11721,22024,22428,22729,19532,10350,2187,111375,..,2941,9864,5145,4113,2888,1335,429,74,26789,..,324,1653,3231,4084,2479,1052,906,642,14372,53050,..,..,..,..,..,..,..,..,53050,..,14386,..,..,..,..,..,..,..,14386,..,11714,5994,2029,1527,907,175,3,0,22345,..,1303,882,388,507,987,1020,778,448,6319,..,970,944,321,269,230,108,40,13,2891,..,3754,3413,655,724,911,634,264,59,10406,..,823,2538,2426,3482,5857,6249,5118,2658,29164,742,1478,874,517,475,484,380,203,103,5251,53792,38095,37879,36726,37617,37467,30492,18086,6196,296348
108,..,445,397,186,320,615,544,216,71,2791,..,252,597,461,1192,3009,4056,3786,2099,15455,305,392,263,167,208,333,306,169,76,2214,16443,9585,9415,10509,13135,17156,17504,10584,3751,108084,..,238,5123,9950,12722,17408,20922,11678,2317,80367,..,1865,4498,3372,3565,3470,2306,807,112,20004,..,346,1678,2443,2815,1677,940,731,516,11154,32886,..,..,..,..,..,..,..,..,32886,..,7210,..,..,..,..,..,..,..,7210,..,6327,2825,1418,1194,804,158,5,0,12743,..,932,483,212,388,849,976,647,395,4875,..,724,532,263,309,262,184,70,18,2361,..,799,901,454,710,1249,1134,473,123,5844,..,486,1290,1262,2657,5807,7343,5789,2934,27569,632,765,595,451,501,603,578,297,117,4540,33511,19703,17926,19824,24864,32133,34552,20501,6535,209557
109,..,387,277,93,140,209,157,66,10,1345,..,301,584,412,683,1446,1832,1669,865,7794,135,214,124,76,79,144,164,69,28,1033,10020,5928,6362,6496,7009,7918,7093,4234,1404,56465,..,148,4088,7002,7670,9010,8717,4541,859,42031,..,1351,3349,1888,1714,1483,775,235,26,10817,..,185,786,1250,1322,674,332,287,172,5005,20306,..,..,..,..,..,..,..,..,20306,..,4278,..,..,..,..,..,..,..,4278,..,3477,1299,481,401,251,49,0,0,5967,..,471,256,136,169,302,305,197,93,1934,..,333,247,100,92,53,43,21,10,907,..,743,776,238,324,392,376,138,20,3001,..,584,1317,1056,1642,2916,3297,2494,1216,14521,288,429,325,210,211,260,307,124,50,2205,20598,12000,12446,12370,13552,15341,14198,8034,2445,110971
110,..,554,458,164,216,336,230,77,24,2057,..,447,786,573,1055,2058,2460,2453,1171,11010,319,544,269,148,161,248,215,145,67,2109,15515,9206,10119,9447,10221,11327,9695,6156,2006,83689,..,331,6164,9763,10988,12535,11560,6338,1144,58828,..,2425,5025,2731,2386,1911,1001,257,29,15768,..,401,1635,2052,1831,1083,576,497,320,8399,31356,..,..,..,..,..,..,..,..,31356,..,5900,..,..,..,..,..,..,..,5900,..,4871,1952,862,741,449,89,4,0,8974,..,932,499,226,351,600,610,370,176,3766,..,585,549,225,177,135,70,22,5,1770,..,1156,1208,390,481,682,526,186,39,4673,..,928,1815,1523,2398,4214,4486,3634,1575,20570,670,967,570,392,384,427,415,246,97,4156,32021,18499,19423,18160,19730,22041,19343,11560,3381,164150
111,..,2670,2151,475,511,684,496,181,54,7218,..,605,1783,1404,1983,4152,5332,4737,2759,22755,533,1174,648,338,291,365,304,142,94,3896,31642,22450,24959,23708,23661,23343,20371,12430,4735,187305,..,513,14203,25899,25793,25626,23520,12839,2557,130944,..,4313,13676,7194,5444,3851,1818,595,78,36973,..,384,2239,4261,5312,2882,1431,1079,768,18356,64039,..,..,..,..,..,..,..,..,64039,..,16275,..,..,..,..,..,..,..,16275,..,12388,5941,2269,1688,1093,207,12,0,23591,..,1845,1283,461,644,1151,1242,888,469,7976,..,1495,1462,472,425,290,170,48,20,4377,..,5104,5083,1281,1232,1502,1043,385,87,15719,..,1249,3921,3517,4737,7765,8657,6756,3717,40327,1094,2075,1418,789,692,663,577,267,127,7689,65135,45635,49229,46139,45967,44819,38662,22871,7818,366274
112,..,701,1279,476,524,912,632,233,55,4808,..,222,658,725,1492,3422,4326,3417,1988,16246,245,400,316,211,246,375,335,128,79,2340,19186,11199,12316,14469,16024,18029,16512,9179,3671,120586,..,217,5899,13408,15090,17321,17758,9458,2154,81301,..,1705,6380,5293,4656,4032,2418,630,85,25201,..,244,1346,2845,3652,2003,1051,757,602,12498,39021,..,..,..,..,..,..,..,..,39021,..,8822,..,..,..,..,..,..,..,8822,..,7510,3302,1516,1178,857,190,5,0,14561,..,894,589,274,424,856,1080,598,423,5140,..,941,1176,581,442,436,238,78,13,3900,..,1254,2582,1053,1172,1804,1400,490,105,9862,..,489,1365,1779,3202,6336,7416,5099,2712,28399,508,773,641,486,552,686,625,219,116,4607,39527,22842,23291,27242,30369,34334,32167,17334,6208,233315
113,..,604,509,126,158,211,139,44,13,1815,..,380,744,519,857,1613,1930,1837,1103,8978,198,286,216,78,110,152,159,98,47,1346,14551,8663,9586,8911,9098,9509,7777,4709,1817,74619,..,353,6570,10173,10421,11371,9568,5046,1019,54524,..,2013,4592,2286,1904,1485,686,201,27,13203,..,334,1218,1633,1702,892,479,330,252,6849,29313,..,..,..,..,..,..,..,..,29313,..,5858,..,..,..,..,..,..,..,5858,..,5236,2022,746,539,355,68,0,0,8965,..,744,430,205,251,437,468,293,152,2980,..,472,454,183,154,135,42,13,3,1459,..,1110,1289,429,403,466,316,110,27,4156,..,774,1715,1352,2037,3198,3425,2725,1477,16704,397,545,505,248,249,309,286,165,67,2778,29711,17432,18800,17269,17656,18655,15338,8892,3029,146780
114,..,231,243,124,189,330,299,164,41,1618,..,131,357,346,767,1914,2836,2422,1160,9931,189,257,170,112,152,221,208,110,59,1472,11986,6751,7317,7828,9230,11379,12051,7069,2247,75848,..,171,4835,8539,9720,12535,14539,8117,1490,59937,..,1308,3693,2360,2360,2229,1462,454,65,13925,..,184,882,1449,1866,1074,563,480,341,6832,24096,..,..,..,..,..,..,..,..,24096,..,5457,..,..,..,..,..,..,..,5457,..,4657,2184,874,725,495,99,4,0,9035,..,556,357,151,229,490,560,443,279,3060,..,430,469,184,171,144,99,41,17,1549,..,442,644,310,388,660,625,315,78,3457,..,298,878,902,1825,3532,4661,3664,1666,17424,380,467,369,285,324,408,418,230,82,2963,24477,13970,14306,15056,17596,21566,23016,13732,4013,147735
115,..,288,314,115,114,177,131,71,21,1231,..,112,396,382,496,994,1705,1753,796,6641,159,267,184,93,99,132,132,73,34,1177,25422,15804,12793,19959,18908,15431,12094,6301,1944,128668,..,260,10334,30455,28814,23336,17525,7948,1375,120041,..,977,3536,2357,2264,1419,652,186,35,11428,..,84,474,1570,2489,1574,655,473,236,7548,52437,..,..,..,..,..,..,..,..,52437,..,19302,..,..,..,..,..,..,..,19302,..,9965,7334,1719,906,402,54,5,0,20383,..,766,672,312,347,878,1235,920,599,5727,..,483,633,273,243,209,134,53,12,2040,..,556,750,290,295,342,310,135,34,2712,..,236,878,921,1191,1807,2548,2335,1098,11009,321,506,375,236,217,256,224,119,48,2301,52755,33134,24985,38143,36756,30217,23342,12164,3429,254931
116,..,579,856,330,345,443,277,98,12,2940,..,314,905,806,1134,1878,2538,1823,698,10111,333,352,366,193,158,190,220,107,55,1977,42147,23222,29304,32350,22814,18674,13770,6119,1846,190252,..,1021,24802,47877,30660,23466,16291,6052,956,151135,..,2325,7260,4194,3203,1839,654,191,13,19675,..,587,2457,3886,4446,3051,1547,939,446,17360,85819,..,..,..,..,..,..,..,..,85819,..,22937,..,..,..,..,..,..,..,22937,..,14419,11381,3155,1684,708,127,8,0,31484,..,2655,2746,1028,1026,2013,2269,1259,538,13529,..,1343,1926,756,481,310,164,41,7,5033,..,1668,2685,1026,935,960,635,204,34,8145,..,662,2264,2289,2805,3791,4029,2651,994,19487,731,689,790,517,371,348,323,158,74,3992,86547,48303,56312,64734,45619,36490,26026,11511,3064,378604
117,..,5335,9079,1755,629,443,312,116,33,17713,..,1852,6413,4784,3259,3483,3268,2064,902,26027,251,1090,1216,513,304,261,230,101,57,4023,15027,18408,43277,25511,16383,12737,9344,5013,1765,147475,..,406,14604,21429,14169,10919,8081,4180,937,74729,..,4519,27679,12426,6053,3333,1377,339,33,55751,..,78,572,1810,2776,1847,865,615,346,8913,30464,..,..,..,..,..,..,..,..,30464,..,7773,..,..,..,..,..,..,..,7773,..,3474,3286,1303,1053,442,73,4,0,9636,..,2105,2297,693,453,705,746,499,297,7785,..,1625,3829,982,334,198,86,41,12,7107,..,10410,19671,4414,1755,1215,801,273,55,38607,..,3564,13209,10510,7718,7474,5875,3351,1279,52978,487,1812,2224,1042,669,557,397,172,72,7437,30951,35753,87369,54603,34982,26695,18302,9479,3045,301183
118,..,2138,5610,981,310,311,251,110,56,9774,..,528,2860,2548,2034,2511,3264,2865,1537,18149,242,706,729,353,232,200,172,94,56,2790,18615,12902,24620,19196,16529,12980,10552,6933,2783,125112,..,130,7324,19004,18514,14219,11058,6456,1603,78301,..,1377,15300,7386,3868,2249,1198,439,53,31864,..,50,347,1497,2936,1825,731,597,453,8433,37359,..,..,..,..,..,..,..,..,37359,..,12374,..,..,..,..,..,..,..,12374,..,4017,3527,1053,893,555,99,4,0,10140,..,829,1007,305,272,504,617,542,387,4465,..,468,1541,342,170,154,69,32,12,2783,..,3799,10520,1940,727,681,564,238,88,18552,..,1006,5169,4869,3954,4519,5040,3992,2062,30605,520,1220,1278,647,437,355,272,152,81,4955,37874,25264,46013,37038,31768,25056,19648,12446,4736,239841
119,..,1462,2518,842,731,921,607,192,45,7309,..,613,2470,2077,2406,4235,5144,4644,2782,24367,479,532,738,387,351,412,344,228,170,3633,49820,34599,44576,39886,36567,33641,24945,14826,6388,285254,..,2523,33771,50333,43996,40187,29593,15651,4108,220169,..,2244,11515,6379,4464,3109,1311,355,55,29435,..,289,2296,5052,7193,5428,2719,1988,1439,26398,102130,..,..,..,..,..,..,..,..,102130,..,34711,..,..,..,..,..,..,..,34711,..,19392,19130,5859,3931,1910,350,14,0,50586,..,3824,4134,1533,1648,3028,3018,2253,1387,20818,..,2772,4436,1698,1201,929,418,87,21,11569,..,4411,8438,2884,2041,2149,1367,441,98,21825,..,1330,5395,4947,5414,8063,8472,6650,3808,44073,954,990,1454,878,748,728,581,355,217,6912,103086,72478,90562,79560,70639,65523,47827,27809,11133,568624
120,..,2338,3603,836,478,435,334,121,39,8196,..,689,2726,2218,2199,2882,3332,2513,1388,17945,258,431,510,327,258,228,186,104,83,2381,21744,16610,27130,22443,19969,16913,12766,7163,2994,147735,..,790,15856,26196,22216,18579,13647,7017,1814,106115,..,2016,12274,6136,3924,2683,1389,333,38,28802,..,49,443,1904,3381,2418,1042,825,639,10700,43542,..,..,..,..,..,..,..,..,43542,..,14594,..,..,..,..,..,..,..,14594,..,5691,6015,1815,1427,807,147,3,0,15907,..,1887,1990,562,545,918,1088,836,564,8385,..,1664,2478,670,395,257,108,43,13,5636,..,5378,8496,2010,1094,951,714,280,79,19003,..,1298,5395,4413,4136,4933,5026,3531,1860,30595,532,699,972,601,467,439,300,145,100,4254,44072,34061,53913,44312,37581,31993,23455,13026,5102,287518
121,..,1033,2173,667,366,401,314,144,48,5147,..,627,3091,3012,2701,3517,4670,4452,2540,24618,378,586,610,379,302,272,258,128,91,3010,35867,21714,26274,33863,30806,24234,19673,12050,4749,209234,..,338,15769,43665,40595,31142,24173,13460,3199,172330,..,1801,12700,6551,4304,2962,1519,532,76,30439,..,46,487,2867,4777,3008,1156,757,660,13763,73024,..,..,..,..,..,..,..,..,73024,..,27727,..,..,..,..,..,..,..,27727,..,8146,6897,2068,1359,720,160,3,0,19358,..,1459,1424,515,496,1034,1306,976,606,7812,..,726,1290,498,305,251,133,46,18,3265,..,2109,4596,1412,854,854,667,301,90,10885,..,1244,5815,5738,5140,5938,6759,5960,3338,39933,793,1110,1051,684,578,517,438,198,127,5510,73821,44714,50029,63995,58397,46421,36311,22227,8120,404033
122,..,559,1358,349,261,300,242,107,42,3223,..,196,801,1014,1148,2076,2732,2910,1793,12668,238,332,288,183,178,204,165,95,48,1729,22891,13829,14140,17817,19871,15737,12080,8240,3218,127823,..,210,7336,21908,26174,20297,14866,9103,2025,101919,..,1061,8350,5439,4045,2616,1208,404,53,23170,..,41,327,1457,3154,1910,742,543,411,8584,46649,..,..,..,..,..,..,..,..,46649,..,16348,..,..,..,..,..,..,..,16348,..,7691,4521,1226,925,536,100,8,0,15006,..,691,647,240,299,549,780,710,414,4330,..,654,1164,461,348,317,170,43,9,3160,..,1145,2943,835,601,650,497,230,63,6968,..,418,1640,2112,2540,3757,4181,4033,2385,21056,489,608,581,391,355,384,289,157,63,3322,47137,28868,27511,34068,38436,31010,22834,15235,5420,250519
123,..,296,353,152,260,346,275,89,20,1776,..,241,732,650,942,1962,2530,1745,717,9528,403,357,319,164,136,158,164,83,53,1834,30921,17531,20523,21023,17785,16148,12182,5484,1614,143205,..,591,16000,27141,22323,19916,14860,5765,834,107431,..,2299,7403,4292,3342,2086,849,226,24,20527,..,472,2199,3511,3762,2308,1191,621,295,14358,62538,..,..,..,..,..,..,..,..,62538,..,15657,..,..,..,..,..,..,..,15657,..,12766,7815,2328,1119,482,80,3,0,24598,..,1611,1329,640,741,1329,1430,902,423,8407,..,795,890,437,355,240,119,49,6,2897,..,613,976,526,632,725,579,206,41,4290,..,539,1799,1849,2391,3541,3947,2550,961,17574,822,698,684,383,332,282,272,119,60,3658,63362,36047,39098,41106,34999,30906,23333,10444,2650,281940
124,..,495,684,296,383,484,371,122,33,2866,..,461,1208,1045,1621,3009,3789,2807,1104,15058,440,455,372,225,180,205,193,92,47,2200,30876,18787,22098,22073,20621,19311,15508,7531,2289,159098,..,656,15543,25854,23596,22123,17928,7417,1205,114320,..,3321,9891,5815,4459,2985,1318,361,42,28195,..,474,2499,3823,4409,2613,1402,795,446,16472,62784,..,..,..,..,..,..,..,..,62784,..,15816,..,..,..,..,..,..,..,15816,..,13155,7384,2362,1370,639,131,5,0,25061,..,1571,1259,593,739,1259,1442,883,446,8192,..,941,975,461,357,292,151,45,10,3241,..,1035,1660,764,910,1072,796,277,59,6584,..,875,2744,2840,3826,5594,6033,4046,1516,27478,858,842,799,518,426,402,314,147,64,4377,63642,38684,42760,43045,40099,36983,29519,13989,3786,312517
125,..,1807,2542,681,529,592,329,114,33,6631,..,706,2584,1953,1975,3055,3486,2749,1499,18014,322,430,545,275,249,285,283,173,108,2675,43492,27083,41503,35555,26235,23501,16898,9148,3505,226921,..,2272,35929,50305,32937,28206,20132,9822,2103,181697,..,2179,9141,4481,2786,1852,790,238,42,21511,..,252,1796,4007,4938,3830,1855,1241,809,18728,88525,..,..,..,..,..,..,..,..,88525,..,25810,..,..,..,..,..,..,..,25810,..,13297,13886,3945,2356,1071,218,6,0,34778,..,3230,3679,1334,1263,2219,2123,1390,796,16043,..,2588,4267,1528,960,672,244,67,15,10338,..,5419,10042,3152,1868,1560,853,264,69,23234,..,1430,5836,4969,4585,6077,5870,4049,2091,34914,675,869,1161,689,571,502,466,251,143,5321,89199,57349,85750,74401,52271,45992,32554,17335,6053,460899
126,..,807,1236,346,205,211,173,57,19,3063,..,419,1636,1217,965,1429,1812,1614,1113,10204,149,281,252,156,110,121,102,69,44,1278,16303,10637,15850,15757,12477,11496,8821,4897,2217,98451,..,269,11125,21377,16593,14748,11145,5284,1417,81957,..,1160,6061,2352,1513,933,479,162,22,12683,..,26,318,1341,1955,1456,636,450,368,6539,33053,..,..,..,..,..,..,..,..,33053,..,11640,..,..,..,..,..,..,..,11640,..,4209,4598,1273,769,455,95,3,0,11406,..,935,917,325,276,768,890,586,381,5073,..,560,1106,418,231,195,106,25,15,2657,..,1669,2970,846,468,469,363,127,34,6954,..,858,3233,2542,1992,2560,2731,2201,1475,17594,315,559,476,272,227,219,178,91,62,2401,33363,21891,30810,30743,24024,21808,16625,8921,3776,191967
127,..,357,607,261,375,489,309,124,27,2549,..,368,1064,891,1155,2326,2863,2223,982,11876,390,346,503,290,214,273,256,163,103,2538,45543,29992,32995,31923,29281,26474,18462,8869,3245,226767,..,1695,25331,39819,36534,33511,22615,9347,1834,170680,..,1832,6871,4408,3467,2202,797,182,36,19791,..,404,2731,5185,6291,4613,2487,1478,892,24084,93123,..,..,..,..,..,..,..,..,93123,..,31479,..,..,..,..,..,..,..,31479,..,19924,19820,5807,3069,1388,232,15,0,50254,..,2782,2630,1437,1896,3267,3193,1979,1104,18289,..,1021,1585,1044,927,824,364,104,40,5905,..,782,1579,881,989,1197,733,262,52,6478,..,752,2626,2633,3064,4742,4598,3267,1398,23068,874,711,1023,666,532,562,428,227,129,5156,93996,61375,64189,61877,56773,52304,35447,16869,5479,448306
128,..,316,580,167,176,215,173,76,15,1730,..,202,860,768,939,1928,2392,2358,1446,10893,206,279,215,148,114,145,147,78,62,1390,19948,12721,12959,15346,15946,14212,11415,6899,2757,112191,..,192,8246,19934,20845,18555,15086,7830,1810,92502,..,1209,6718,3741,2847,1854,842,259,37,17508,..,45,522,1601,2856,1713,686,557,404,8384,40798,..,..,..,..,..,..,..,..,40798,..,13404,..,..,..,..,..,..,..,13404,..,8890,5255,1302,937,500,114,6,0,17001,..,571,533,227,231,541,716,570,397,3788,..,303,452,164,173,122,74,33,8,1328,..,640,1308,438,413,479,341,160,33,3815,..,415,1782,1714,2202,3481,3713,3240,1956,18497,425,506,448,303,262,238,237,116,77,2616,41218,26174,25263,29431,30767,27489,21814,12761,4720,219634
197,..,0,0,0,0,0,0,0,0,0,..,0,0,0,0,0,0,0,0,0,0,0,0,0,0,0,0,0,0,0,0,0,0,0,0,0,0,0,0,0,..,0,0,0,0,0,0,0,0,0,..,0,0,0,0,0,0,0,0,0,..,0,0,0,0,0,0,0,0,0,0,..,..,..,..,..,..,..,..,0,..,0,..,..,..,..,..,..,..,0,..,0,0,0,0,0,0,0,0,0,..,0,0,0,0,0,0,0,0,0,..,0,0,0,0,0,0,0,0,0,..,0,0,0,0,0,0,0,0,0,..,0,0,0,0,0,0,0,0,0,0,0,0,0,0,0,0,0,0,0,0,0,0,0,0,0,0,0,0,0
199,..,0,0,0,0,0,0,0,0,0,..,0,0,0,0,0,0,0,0,0,201,263,361,219,210,192,132,34,4,1620,201,263,361,219,210,192,132,34,4,1620,..,0,0,0,0,0,0,0,0,0,..,0,0,0,0,0,0,0,0,0,..,0,0,0,0,0,0,0,0,0,0,..,..,..,..,..,..,..,..,0,..,0,..,..,..,..,..,..,..,0,..,0,0,0,0,0,0,0,0,0,..,0,0,0,0,0,0,0,0,0,..,0,0,0,0,0,0,0,0,0,..,0,0,0,0,0,0,0,0,0,..,0,0,0,0,0,0,0,0,0,441,527,812,576,498,423,308,89,14,3696,441,527,812,576,498,423,308,89,14,3696
201,..,747,607,152,226,293,234,79,19,2363,..,293,919,771,1179,2297,2858,2139,1113,11569,188,316,197,103,146,176,140,69,28,1359,14347,8800,9813,10080,10896,11099,9946,5248,1816,82047,..,221,5428,10387,11267,11819,11180,5452,973,56729,..,1753,5476,3225,2891,2142,1074,311,23,16896,..,217,1178,1856,2324,1227,618,372,283,8068,28982,..,..,..,..,..,..,..,..,28982,..,6942,..,..,..,..,..,..,..,6942,..,5139,2362,913,673,344,83,0,0,9514,..,618,455,175,269,467,507,282,149,2921,..,547,466,158,120,113,64,19,13,1498,..,1450,1503,413,516,594,499,186,35,5201,..,551,1982,1744,2575,4192,4783,3260,1501,20581,369,565,469,260,318,331,279,118,50,2761,29361,18006,19318,19137,20954,21229,19076,9995,3019,160093
202,..,620,518,148,219,281,236,89,10,2113,..,268,769,591,1056,2243,2639,1958,993,10517,178,310,197,114,117,167,180,62,23,1346,13823,8347,9386,9730,10351,10937,9700,5160,1729,79167,..,202,5267,10188,10789,11666,11102,5616,1094,55927,..,1483,5201,3191,2807,1996,1123,298,37,16129,..,168,1068,1768,2162,1201,576,365,270,7573,28163,..,..,..,..,..,..,..,..,28163,..,6890,..,..,..,..,..,..,..,6890,..,4877,2284,878,589,348,77,4,0,9054,..,672,459,176,242,444,497,310,164,2967,..,435,457,181,149,105,79,22,6,1437,..,1118,1221,372,473,554,485,190,32,4463,..,504,1604,1428,2344,4057,4478,2996,1379,18784,319,530,415,274,245,329,323,129,33,2602,28485,16882,17977,18454,19801,20712,18741,9924,3017,153997
203,..,1682,1643,339,283,425,278,95,17,4768,..,441,1679,1456,1807,3603,4590,3743,1936,19242,238,592,379,221,214,287,279,134,58,2413,27331,16877,20672,20782,20054,19618,17404,9548,3265,155552,..,342,12185,23401,22655,22128,21258,10381,2034,114388,..,2543,11305,6390,4672,3079,1541,466,38,30035,..,244,1513,3112,4155,2349,931,629,435,13369,55840,..,..,..,..,..,..,..,..,55840,..,14645,..,..,..,..,..,..,..,14645,..,9444,5085,1630,1101,599,119,4,0,17978,..,1144,1013,357,434,788,767,491,298,5292,..,930,1203,251,212,135,88,24,3,2847,..,3426,4204,923,688,849,614,186,40,10933,..,866,3312,3073,4050,6438,7118,5217,2640,32705,524,1111,882,489,478,535,514,249,91,4872,56369,34696,40703,39620,38442,36903,32948,17638,5593,302906
204,..,301,361,116,192,334,215,81,16,1620,..,252,706,630,1124,2280,2851,2324,1204,11369,164,262,178,130,156,214,220,94,36,1451,14452,8042,9031,9934,11318,12734,11274,6150,2033,84965,..,210,5405,10235,11825,14281,13828,6767,1229,63790,..,1652,5186,3396,3194,2458,1286,369,43,17591,..,193,1061,1776,2190,1158,604,481,302,7771,29066,..,..,..,..,..,..,..,..,29066,..,6747,..,..,..,..,..,..,..,6747,..,5153,2242,875,726,418,77,0,0,9490,..,562,377,154,238,513,529,349,202,2928,..,499,432,160,142,106,85,25,8,1458,..,703,928,334,421,657,492,176,36,3738,..,530,1608,1557,2549,4574,5166,3578,1657,21213,364,523,444,346,339,431,422,187,62,3116,29431,16773,17685,18835,21625,24590,22499,11934,3538,166903
205,..,508,592,216,345,525,415,155,34,2791,..,437,1169,1007,1794,3983,5085,3945,1876,19291,336,442,328,178,236,420,372,165,51,2533,23043,13341,15511,15438,17511,21033,19674,10461,3182,139196,..,314,8973,15781,17846,22984,23870,11870,1997,103629,..,2756,8775,5113,4736,3989,2282,612,75,28339,..,354,1955,3035,3489,1931,981,635,430,12804,46878,..,..,..,..,..,..,..,..,46878,..,10669,..,..,..,..,..,..,..,10669,..,8896,3995,1561,1129,589,122,0,0,16285,..,950,622,266,438,822,796,535,291,4716,..,721,645,277,229,183,115,43,10,2220,..,1021,1421,546,707,1073,882,345,70,6071,..,856,2668,2587,4099,7757,9156,5999,2687,35808,680,829,754,447,551,791,764,336,87,5241,47562,27359,29800,29599,33229,40116,38961,20382,5649,272663
206,..,10748,17366,2537,719,573,424,168,43,32572,..,4738,15687,11053,7294,7224,7025,4893,2528,60442,388,1534,2103,928,519,561,412,198,106,6753,31213,38020,79084,46785,34283,26892,19759,11151,4528,291717,..,728,22808,37669,31440,25021,18509,9871,2428,148478,..,7430,46345,19964,9563,5639,2560,649,67,92218,..,119,914,3445,5644,3574,1484,1142,912,17236,62566,..,..,..,..,..,..,..,..,62566,..,20161,..,..,..,..,..,..,..,20161,..,6836,6414,1999,1869,1087,181,6,0,18399,..,3932,4158,1013,716,985,980,715,466,12965,..,1615,3880,614,216,152,76,30,6,6595,..,19793,35148,6061,1908,1385,923,364,90,65667,..,8466,29547,21241,14373,13494,11511,7131,3388,109161,807,2506,3896,1834,1083,1014,699,319,149,12318,63375,71586,153113,93852,66816,52344,36930,20243,7519,565781
207,..,2057,2461,530,320,340,268,131,56,6169,..,764,2621,1871,1757,2958,4092,4552,2943,21555,231,533,454,253,194,258,223,143,79,2372,27890,23237,23258,24283,25899,22526,18116,12508,5337,183059,..,303,12503,30620,33556,29356,22824,13728,3587,146468,..,1964,9959,4304,3050,2134,1032,358,69,22886,..,47,524,2583,4715,2898,1142,935,758,13604,56614,..,..,..,..,..,..,..,..,56614,..,27542,..,..,..,..,..,..,..,27542,..,8041,8253,1997,1677,925,168,12,0,21066,..,1753,1616,497,475,1122,1215,913,642,8224,..,1121,1519,449,277,168,87,30,14,3667,..,4571,6187,1365,816,746,560,253,99,14598,..,1590,4905,3693,3535,4945,5838,6013,3883,34398,433,998,877,482,396,441,377,232,113,4345,57048,47929,46343,45985,48498,42727,33236,22465,9169,353399
208,..,1676,2222,467,369,458,356,161,33,5740,..,691,3061,2761,2714,4383,5855,5038,3209,27715,336,536,543,289,253,295,238,146,93,2744,34484,23466,25585,29333,31442,25302,20109,12178,5472,207384,..,296,13291,35728,39258,30640,22960,12070,3028,157272,..,1865,14016,7781,5830,3512,1833,514,104,35450,..,73,592,2824,5487,3432,1258,951,820,15440,70087,..,..,..,..,..,..,..,..,70087,..,28308,..,..,..,..,..,..,..,28308,..,9539,7471,1893,1551,876,211,9,0,21557,..,1317,1277,389,441,877,1057,816,563,6737,..,742,1151,303,187,145,65,37,11,2638,..,3345,5328,1165,854,945,744,364,79,12812,..,1334,5824,5247,5603,7533,8709,6840,4236,45333,668,939,972,552,538,507,417,226,132,4945,70758,47751,49915,55890,59743,48466,37257,21811,8976,400576
209,..,1540,2373,709,516,602,418,148,31,6336,..,552,2522,2357,2599,4151,4919,4215,2245,23543,428,669,620,344,302,373,245,182,109,3273,48435,29168,38602,40097,34786,29785,22644,12441,4516,260468,..,819,25999,50485,42391,35570,27823,13672,2867,199620,..,2509,16693,10198,6694,3809,1524,372,51,41865,..,233,1881,4770,6825,4556,2082,1413,875,22639,99081,..,..,..,..,..,..,..,..,99081,..,30182,..,..,..,..,..,..,..,30182,..,17033,13758,3986,2776,1341,189,9,0,39098,..,2463,2697,951,1046,1893,1887,1193,691,12826,..,1558,2196,714,441,329,156,44,12,5448,..,3558,6500,1866,1312,1352,863,283,64,15798,..,1047,5219,5227,5775,7443,7712,5883,3044,41345,918,1217,1272,794,683,670,431,276,145,6404,100000,60621,76215,78993,67944,56960,42656,23147,7749,514291
210,..,648,1064,355,289,414,272,72,12,3137,..,273,1500,1471,1684,2698,3341,3046,1755,15772,361,392,440,260,215,219,192,118,82,2280,40920,23765,31683,30355,25598,21619,15766,9200,3516,202426,..,1192,25253,40782,31759,26865,19060,9834,2201,156953,..,1842,11048,6095,4209,2490,886,242,20,26824,..,229,1826,3792,5223,3438,1574,1205,740,18025,83680,..,..,..,..,..,..,..,..,83680,..,24840,..,..,..,..,..,..,..,24840,..,14805,12511,3318,2219,1042,210,10,0,34115,..,1977,2401,889,953,1635,1611,1056,562,11084,..,1315,1652,534,329,256,102,38,16,4239,..,2125,3866,1092,808,887,575,187,32,9581,..,613,3528,3414,3843,5181,5201,4206,2392,28383,706,720,918,607,472,421,342,184,111,4482,84391,49659,62999,60539,49814,42219,29570,16949,6074,402204
211,..,718,1340,474,494,640,486,207,48,4404,..,310,1722,1783,2321,4298,6078,5294,2680,24487,447,758,577,305,293,341,322,199,87,3320,43331,28186,31060,35607,35607,32376,26154,14900,4916,252139,..,435,20699,45538,43873,40744,32255,16248,3081,202880,..,2694,14715,8323,7009,4366,1939,572,62,39683,..,201,1558,4234,6925,4372,1930,1278,708,21207,88678,..,..,..,..,..,..,..,..,88678,..,30543,..,..,..,..,..,..,..,30543,..,18368,12868,3442,2240,990,191,3,0,38103,..,1817,1723,751,794,1613,1799,1199,690,10393,..,1278,1539,584,480,364,171,59,19,4502,..,1601,3296,1220,1149,1347,1018,423,86,10137,..,646,3636,4042,5357,7814,9021,7269,3665,41462,916,1396,1136,679,642,598,540,311,114,6330,89595,58987,61170,68826,68471,62201,48863,27375,8429,493918
212,..,2547,3184,902,761,945,666,239,77,9325,..,767,2715,2194,2725,4801,6431,5848,3259,28737,648,1066,852,454,357,458,394,244,137,4611,79846,50679,62994,61365,51239,42806,32605,18768,6899,407202,..,2090,49032,83997,66319,54187,40014,20641,4483,320759,..,5130,21342,10765,7524,4769,1865,606,87,52092,..,708,3899,7700,10177,6520,2997,2007,1213,35236,163016,..,..,..,..,..,..,..,..,163016,..,51270,..,..,..,..,..,..,..,51270,..,27228,22828,5928,3678,1729,325,12,0,61732,..,5424,5726,1996,1990,3560,3735,2489,1335,26254,..,3528,5285,1813,1109,753,324,102,29,12956,..,6794,11369,3339,2272,2163,1437,511,121,28006,..,1671,6493,5761,6814,9180,10105,8312,4451,52783,1278,1966,1863,1093,838,830,683,401,179,9132,164294,105802,127844,122399,100729,83700,61487,35087,11895,813242
213,..,1859,3343,1012,776,858,531,162,39,8585,..,811,3748,3284,3729,5179,5968,4555,2101,29383,658,892,964,462,419,447,385,231,89,4551,85373,45669,68080,68133,49890,39434,28434,13357,4558,402922,..,1806,51145,91246,60084,46425,33628,13724,2487,300540,..,4485,23935,14680,9364,4958,1821,412,50,59705,..,659,4475,8859,10745,6524,3066,1761,976,37061,174150,..,..,..,..,..,..,..,..,174150,..,45802,..,..,..,..,..,..,..,45802,..,24662,21034,5946,3380,1408,240,11,0,56678,..,5683,6537,2233,2168,3803,3720,1940,961,27039,..,3104,4965,1540,994,795,350,80,21,11848,..,5338,11089,3254,2073,1968,1230,405,76,25438,..,1717,8348,8063,8622,9890,9812,6481,2910,55844,1337,1592,2020,1134,998,844,646,363,115,9046,175490,94840,133543,136954,98427,76617,54512,25167,7598,803156
214,..,411,630,236,342,474,391,163,34,2684,..,260,1092,1058,1753,3529,4792,4265,2103,18847,348,468,312,198,217,311,275,163,75,2359,24681,14563,16135,18515,20433,19595,17866,11095,3768,146644,..,179,8718,19670,21716,21357,20505,11822,2513,106489,..,1946,9683,6327,5296,3550,1796,631,104,29326,..,208,1462,3170,4646,2645,1128,750,504,14518,50037,..,..,..,..,..,..,..,..,50037,..,14241,..,..,..,..,..,..,..,14241,..,9886,5588,1785,1250,661,145,7,0,19316,..,940,808,349,534,912,949,590,384,5459,..,665,699,298,268,187,123,44,18,2300,..,841,1463,621,784,993,785,345,77,5905,..,518,2370,2568,4116,6379,7500,6054,2917,32429,684,876,693,495,483,629,514,285,105,4761,50725,30307,31480,35277,39090,37310,33431,20535,6624,284784
215,..,392,515,212,185,255,175,75,7,1827,..,309,760,495,908,1816,2159,2121,1327,9885,146,223,187,89,133,186,186,73,30,1250,12300,7025,8686,7944,8869,10072,8532,5228,2042,70691,..,235,5327,8369,9457,11838,10529,5572,1206,52542,..,1553,4273,2334,2028,1615,794,214,28,12845,..,204,1092,1526,1659,905,442,342,230,6402,24826,..,..,..,..,..,..,..,..,24826,..,5188,..,..,..,..,..,..,..,5188,..,4479,1954,673,593,340,57,0,0,8088,..,698,485,180,240,447,427,265,127,2870,..,434,582,264,174,110,56,14,5,1641,..,878,1309,577,509,574,407,164,21,4432,..,633,1735,1309,2144,3858,4092,3185,1837,18794,300,444,417,248,286,336,349,133,44,2555,25127,14760,17172,15467,17087,20031,17152,9893,3497,140179
216,..,268,438,127,160,244,183,68,12,1499,..,208,510,430,761,1480,1847,1703,913,7849,141,170,141,73,87,126,156,61,31,990,11243,6570,7468,7197,8066,8705,7694,4541,1547,63029,..,253,4611,7759,8939,10154,9354,5131,1018,47225,..,1266,3656,1969,1851,1498,817,267,48,11369,..,186,985,1409,1605,857,420,286,232,5978,22956,..,..,..,..,..,..,..,..,22956,..,5309,..,..,..,..,..,..,..,5309,..,4505,1915,712,527,295,62,0,0,8020,..,507,362,137,243,381,396,234,108,2366,..,358,450,167,142,89,47,14,7,1277,..,541,961,384,387,499,416,154,23,3364,..,430,1200,1095,1887,3051,3311,2664,1299,14932,273,364,359,211,232,253,297,131,44,2168,23231,13712,14499,13836,15813,17074,15127,8888,2777,124958
217,..,298,375,94,137,213,147,59,9,1330,..,204,505,424,791,1700,2015,1780,1045,8472,136,167,149,97,94,136,138,61,31,992,9923,5873,6510,6691,7845,8849,7713,4343,1621,59363,..,111,3713,7011,8544,10163,9592,4555,887,44568,..,1213,3713,2176,1963,1570,840,210,34,11716,..,118,669,1221,1447,809,355,309,191,5110,20201,..,..,..,..,..,..,..,..,20201,..,4744,..,..,..,..,..,..,..,4744,..,3913,1708,573,504,270,50,0,0,7012,..,435,276,135,176,309,344,181,135,1992,..,306,355,125,99,67,30,18,3,995,..,608,944,271,317,429,338,116,16,3051,..,469,1248,1127,1859,3294,3494,2684,1402,15581,276,317,312,218,217,267,248,126,47,2029,20472,12237,12936,12862,15125,17170,15279,8200,2712,116991
297,..,0,0,0,0,0,0,0,0,0,..,0,0,0,0,0,0,0,0,0,0,0,0,0,0,0,0,0,0,0,0,0,0,0,0,0,0,0,0,0,..,0,0,0,0,0,0,0,0,0,..,0,0,0,0,0,0,0,0,0,..,0,0,0,0,0,0,0,0,0,0,..,..,..,..,..,..,..,..,0,..,0,..,..,..,..,..,..,..,0,..,0,0,0,0,0,0,0,0,0,..,0,0,0,0,0,0,0,0,0,..,0,0,0,0,0,0,0,0,0,..,0,0,0,0,0,0,0,0,0,..,0,0,0,0,0,0,0,0,0,0,0,0,0,0,0,0,0,0,0,0,0,0,0,0,0,0,0,0,0
299,..,0,0,0,0,0,0,0,0,0,..,0,0,0,0,0,0,0,0,0,155,184,266,138,122,139,54,18,6,1091,155,184,266,138,122,139,54,18,6,1091,..,0,0,0,0,0,0,0,0,0,..,0,0,0,0,0,0,0,0,0,..,0,0,0,0,0,0,0,0,0,0,..,..,..,..,..,..,..,..,0,..,0,..,..,..,..,..,..,..,0,..,0,0,0,0,0,0,0,0,0,..,0,0,0,0,0,0,0,0,0,..,0,0,0,0,0,0,0,0,0,..,0,0,0,0,0,0,0,0,0,..,0,0,0,0,0,0,0,0,0,317,352,576,397,348,277,167,41,6,2477,317,352,576,397,348,277,167,41,6,2477
301,..,298,410,198,319,443,327,119,26,2140,..,163,539,561,1115,2233,3017,2542,1205,11366,197,342,235,141,145,208,208,83,40,1594,20924,12563,12488,15926,17093,15576,12953,7027,2240,116790,..,255,8426,18710,20358,18852,15645,7570,1353,91183,..,1948,6511,4619,3760,2513,1133,359,52,20901,..,204,1170,2551,3302,1702,825,577,350,10692,42751,..,..,..,..,..,..,..,..,42751,..,12439,..,..,..,..,..,..,..,12439,..,8270,3950,1406,951,505,113,5,0,15202,..,943,670,333,397,811,940,607,342,5040,..,748,633,313,316,227,135,56,20,2453,..,667,1069,508,690,893,662,256,55,4792,..,370,1195,1423,2378,3852,4732,3586,1654,19187,413,669,509,338,337,412,369,155,50,3251,43162,26524,24132,30211,32489,29768,24561,13169,3879,227893
302,..,1152,1311,288,290,375,232,89,13,3763,..,437,1436,1269,1558,2258,2752,2481,1466,13661,177,377,299,156,122,170,134,72,57,1570,18917,12635,17090,16780,14579,11926,9303,6043,2508,109784,..,324,10647,19762,16579,12872,9799,5505,1326,76812,..,2440,9179,4944,3080,1836,740,207,14,22449,..,147,966,2290,2852,1590,741,553,398,9534,38536,..,..,..,..,..,..,..,..,38536,..,10621,..,..,..,..,..,..,..,10621,..,5668,3342,1148,892,506,102,4,0,11654,..,1296,1300,459,423,787,862,539,280,5942,..,944,1063,322,223,147,84,25,4,2815,..,2260,3052,829,747,803,504,191,40,8435,..,818,2910,2713,3134,4040,4336,3379,1924,23259,379,647,613,380,267,300,223,129,79,3017,38916,25175,33072,32840,28204,22880,17386,10536,4064,213063
303,..,3194,3380,785,476,467,315,120,18,8750,..,687,2332,1797,1858,2700,3162,2645,1537,16725,297,639,535,233,209,253,212,128,48,2559,32244,23271,29982,28825,22822,18280,13593,7490,2907,179425,..,703,18710,35854,28084,21753,15876,7701,1575,130264,..,3743,13225,6540,3850,2145,839,244,28,30613,..,229,1304,3418,4302,2420,1137,732,552,14103,65538,..,..,..,..,..,..,..,..,65538,..,19533,..,..,..,..,..,..,..,19533,..,8888,6460,2085,1316,700,148,8,0,19606,..,2636,2384,771,665,1386,1415,878,438,10584,..,2177,3277,990,466,323,168,47,12,7462,..,6692,8351,2117,1240,1090,689,243,38,20467,..,1338,4655,3913,3968,4819,4944,3738,2041,29413,572,1187,1123,565,448,436,354,191,74,4949,66109,47124,59491,56260,44350,35067,25575,13782,4767,352533
304,..,1618,1000,194,145,165,138,80,13,3361,..,324,709,588,760,1331,1806,1614,866,8007,145,494,203,121,101,143,99,61,28,1395,17121,12099,10290,13775,13500,9896,8281,4648,1645,91254,..,177,6444,18178,18074,13082,10704,5438,987,73071,..,1364,4944,3014,2282,1260,572,143,20,13601,..,74,398,1526,2490,1113,482,284,254,6613,35311,..,..,..,..,..,..,..,..,35311,..,12308,..,..,..,..,..,..,..,12308,..,4485,2720,823,503,261,67,0,0,8870,..,964,681,227,212,358,500,411,257,3620,..,742,604,206,127,102,41,24,4,1847,..,3465,2335,508,351,344,286,141,21,7436,..,654,1476,1310,1558,2181,2600,2187,1155,13118,288,881,424,251,223,226,172,95,46,2605,35595,25104,20026,26037,25812,18932,15412,8720,2755,178402
305,..,5727,5821,944,409,350,208,60,28,13536,..,1912,4942,3459,2825,2974,2817,1790,892,21613,177,861,767,295,223,204,174,87,47,2845,18211,21631,30117,20866,17884,12816,8423,4143,1538,135622,..,422,10943,20671,19572,14087,8967,3950,741,79361,..,5370,18201,7283,4059,2216,922,205,33,38295,..,95,534,2059,3095,1520,510,308,251,8375,36398,..,..,..,..,..,..,..,..,36398,..,12478,..,..,..,..,..,..,..,12478,..,3978,2351,684,491,276,59,3,0,7834,..,2057,1776,421,299,425,424,336,179,5921,..,1265,1913,421,170,107,57,14,4,3952,..,10662,12429,2241,1026,750,442,139,49,27736,..,3457,9994,7543,5988,5637,4643,2693,1192,41144,397,1478,1514,617,492,376,316,124,57,5366,36796,41260,59664,41938,35188,25392,16346,7785,2501,266863
306,..,696,974,408,496,611,444,124,26,3770,..,437,1040,984,1692,2889,3073,2122,903,13148,401,529,359,217,289,387,318,127,44,2663,20903,11822,14053,15330,16390,15621,12122,5983,1754,113986,..,314,6989,13985,15841,15972,13586,6409,1139,74232,..,2472,7856,5468,4671,3499,1616,420,49,26057,..,360,1869,3171,3426,1712,867,539,296,12246,42219,..,..,..,..,..,..,..,..,42219,..,8856,..,..,..,..,..,..,..,8856,..,6944,2893,1161,829,471,90,0,0,12384,..,1404,866,395,596,949,873,583,289,5954,..,800,920,378,370,279,168,52,15,2983,..,1317,2212,965,1113,1323,1012,326,52,8326,..,840,2245,2394,3705,5706,5767,3430,1328,25417,808,972,741,513,606,683,581,206,75,5185,43025,24278,26594,28437,31158,30588,24554,11976,3246,223858
307,..,302,264,72,136,215,164,63,12,1235,..,298,460,320,641,1197,1513,1372,626,6426,171,260,175,87,156,223,147,99,37,1351,11145,5833,6432,6593,7530,7973,6718,3889,1143,57256,..,286,4299,7125,8497,9562,8588,4352,755,43463,..,1640,2987,1756,1705,1304,715,227,19,10359,..,237,1006,1279,1195,687,353,286,180,5222,22551,..,..,..,..,..,..,..,..,22551,..,3835,..,..,..,..,..,..,..,3835,..,3384,1305,588,484,250,55,0,0,6060,..,555,263,104,215,379,410,283,129,2333,..,412,306,146,150,111,74,35,7,1244,..,600,638,219,299,430,385,145,23,2737,..,658,1144,905,1626,2660,2960,2214,888,13062,353,564,408,243,352,429,305,189,52,2883,22896,12171,12357,12367,14520,15810,13849,7726,2059,113754
308,..,610,458,193,290,362,203,73,15,2209,..,599,973,707,1167,2046,2099,1791,783,10166,361,441,277,185,274,354,228,124,52,2293,21468,11768,13429,13636,13374,13127,9132,4958,1490,102373,..,494,8839,14685,14618,15204,11443,5178,858,71316,..,3331,6937,4013,3179,2360,885,260,40,21002,..,438,1995,2724,2487,1188,556,422,280,10085,43175,..,..,..,..,..,..,..,..,43175,..,7816,..,..,..,..,..,..,..,7816,..,6601,2258,967,695,389,71,3,0,10981,..,1192,587,282,420,718,660,432,202,4493,..,816,585,288,230,179,94,36,13,2244,..,1257,1238,562,651,768,512,162,31,5177,..,1181,2458,1984,2954,4503,4169,2791,1162,21203,727,879,736,452,577,664,448,224,70,4770,43908,24008,25624,25951,25803,25977,18841,9506,2652,202263
309,..,3599,4387,1161,1047,1462,1044,445,84,13231,..,1020,2701,2378,3218,5921,7647,6004,2732,31611,511,1127,851,424,456,608,551,257,113,4897,51855,35926,42021,42429,42141,37039,31344,17331,5488,305567,..,884,21953,44844,46082,40333,35300,18680,3225,211308,..,6427,23248,13845,10082,6479,3364,1127,179,64741,..,508,3318,7312,9146,4601,2142,1417,995,29429,105598,..,..,..,..,..,..,..,..,105598,..,28351,..,..,..,..,..,..,..,28351,..,19073,9343,3203,2305,1393,331,12,0,35666,..,2932,2404,1030,1162,2062,2490,1671,933,14682,..,2920,3534,1269,989,764,458,164,39,10127,..,6540,9298,2807,2503,3012,2281,1014,192,27647,..,1937,5560,5576,7252,10317,11791,8669,3830,54933,1038,1963,1781,1045,1016,1142,955,441,160,9533,106639,71538,80426,80936,80532,70104,59120,33187,9541,592030
310,..,952,811,352,524,631,403,136,30,3841,..,565,1429,1120,1757,2848,3011,2443,1062,14248,441,588,450,227,235,312,234,98,44,2628,37140,21969,25773,24447,22156,18910,13630,7123,2148,173294,..,906,17082,26802,23955,21377,15546,7180,1209,114069,..,4788,12396,6726,4894,2848,1110,289,33,33083,..,798,3711,5160,5062,2661,1287,793,413,19883,75832,..,..,..,..,..,..,..,..,75832,..,16725,..,..,..,..,..,..,..,16725,..,12898,6294,2204,1434,659,126,9,0,23621,..,2404,1675,817,992,1603,1627,952,394,10456,..,1574,1435,624,536,404,242,62,19,4896,..,1887,2139,1064,1200,1425,902,294,47,8963,..,1100,3260,3044,4078,5396,5117,3611,1499,27105,936,1183,1035,654,559,543,405,167,61,5541,76768,44264,49035,47092,42707,36916,26356,13362,3670,340166
311,..,698,697,320,505,650,402,140,22,3433,..,402,1111,949,1502,2453,3129,2206,812,12572,469,596,466,243,247,275,244,98,42,2684,36733,21640,24408,23381,21438,18575,14678,6883,1825,169566,..,1093,16368,25265,23445,20959,16904,7232,1022,112298,..,4609,11350,6607,4936,2954,1170,346,34,32001,..,844,3727,5063,4752,2613,1407,816,340,19559,74035,..,..,..,..,..,..,..,..,74035,..,16402,..,..,..,..,..,..,..,16402,..,13672,6788,2392,1466,635,93,5,0,25041,..,2495,1764,826,1042,1632,1708,1092,458,11015,..,1857,1600,788,617,462,226,76,10,5633,..,1513,2156,1064,1206,1333,897,311,52,8535,..,830,2660,2730,3671,4705,5119,3301,1134,24152,960,1102,1050,676,518,510,425,172,54,5460,74996,44416,47463,45410,41647,35808,27947,13342,3105,334132
312,..,454,567,165,240,250,169,59,9,1910,..,384,658,529,849,1478,1455,1247,573,7176,210,378,265,151,191,238,173,80,28,1704,15819,8642,10581,10721,10450,9907,6796,3370,1051,77336,..,293,6768,11516,11604,11822,8645,3586,622,54861,..,2439,5924,3495,2834,1948,754,219,26,17638,..,255,1206,1891,1737,812,395,272,185,6755,32260,..,..,..,..,..,..,..,..,32260,..,5745,..,..,..,..,..,..,..,5745,..,5158,1642,707,479,275,39,0,0,8301,..,799,440,203,301,487,479,325,128,3163,..,593,514,221,190,135,83,24,3,1767,..,938,1263,467,563,581,365,139,29,4343,..,803,1682,1597,2232,3309,2940,2008,800,15361,474,693,552,378,406,459,329,136,38,3461,32734,17709,19992,20486,20347,19825,14036,6710,1834,153663
313,..,434,627,260,442,583,489,192,41,3068,..,320,661,697,1408,2809,3823,3200,1236,14160,323,443,263,175,245,277,270,114,51,2164,22212,13837,14335,15324,16691,16681,16302,8820,2454,126663,..,469,8426,15067,17068,18049,18795,9543,1531,88957,..,2973,7105,4708,4040,2791,1697,548,53,23921,..,492,2365,3463,3641,1869,1014,711,400,13960,44805,..,..,..,..,..,..,..,..,44805,..,10358,..,..,..,..,..,..,..,10358,..,9152,4004,1622,1202,616,128,6,0,16735,..,1343,734,428,655,1021,1151,759,385,6469,..,1111,1109,447,443,346,189,56,18,3716,..,939,1482,712,970,1206,999,398,80,6787,..,587,1576,1824,3228,4929,6158,4670,1817,24778,655,890,607,465,487,512,518,202,72,4396,45457,28319,27426,28731,31736,31338,30639,16887,4357,244892
314,..,507,529,189,217,252,137,50,8,1896,..,257,740,621,918,1420,1763,1356,584,7657,220,353,255,135,125,140,123,52,19,1422,22043,13105,14542,16211,15121,11385,8475,4135,1142,106166,..,416,10265,19704,18880,14501,10803,4751,649,79969,..,2626,7553,4304,3132,1678,602,155,12,20058,..,255,1508,2782,3002,1325,655,353,168,10048,45587,..,..,..,..,..,..,..,..,45587,..,11830,..,..,..,..,..,..,..,11830,..,7527,3456,1112,715,267,39,0,0,13127,..,1099,855,346,402,651,739,499,238,4824,..,775,781,292,246,165,81,41,7,2401,..,994,1290,512,505,511,290,106,19,4228,..,475,1606,1596,1993,2437,2631,1870,781,13391,454,633,493,308,276,243,210,96,26,2734,46040,26628,27810,30960,29159,21781,16044,7872,1896,208190
315,..,204,240,47,67,111,56,18,6,749,..,243,391,288,432,676,559,372,160,3120,209,252,172,117,139,133,108,45,7,1176,7700,4187,5249,4396,4178,3937,2305,1070,291,33315,..,135,2329,3514,3625,3895,2351,989,152,16991,..,1398,3433,2155,1607,1018,390,75,6,10091,..,270,859,895,798,467,244,156,66,3761,15500,..,..,..,..,..,..,..,..,15500,..,1669,..,..,..,..,..,..,..,1669,..,2388,952,329,253,95,16,0,0,4034,..,889,411,206,304,417,294,154,44,2721,..,284,220,80,84,58,48,13,3,799,..,424,474,132,166,247,137,48,9,1632,..,517,976,786,1142,1626,1377,758,230,7415,437,502,363,254,276,271,211,82,9,2411,15933,8476,10019,8365,8261,8095,5071,2287,518,67028
316,..,1588,1764,482,639,1002,680,271,54,6487,..,374,1051,1090,2046,4263,5531,4911,2287,21549,378,704,462,253,337,569,495,198,64,3461,31425,19655,20387,24107,26863,27081,24219,13880,4400,192010,..,585,11941,25998,29748,29710,29246,15763,3146,146143,..,3128,10635,7483,6437,5158,2840,939,128,36742,..,265,1730,4166,5336,2639,1202,847,620,16799,63948,..,..,..,..,..,..,..,..,63948,..,16306,..,..,..,..,..,..,..,16306,..,11522,4832,1824,1366,847,198,4,0,20597,..,1335,933,459,577,1068,1324,957,567,7221,..,1631,1748,669,598,535,297,110,28,5605,..,2724,3694,1149,1393,1887,1424,580,96,12942,..,724,2230,2584,4159,7145,8477,6896,3173,35389,706,1224,963,614,722,1014,879,341,92,6552,64650,39439,38708,44950,50330,50004,45882,26440,7848,368245
317,..,756,666,175,176,233,151,53,13,2226,..,406,914,630,957,1701,2104,1952,1065,9726,218,394,201,124,143,181,178,86,38,1553,14812,9553,10444,9703,9580,9116,7947,4891,1732,77783,..,552,7417,10907,10776,10454,9396,5126,943,55566,..,2222,4426,2088,1658,1154,531,164,19,12263,..,269,1173,1973,1898,872,467,359,230,7242,29908,..,..,..,..,..,..,..,..,29908,..,6793,..,..,..,..,..,..,..,6793,..,4723,1898,681,566,310,50,0,0,8232,..,893,564,240,231,454,478,293,167,3309,..,674,574,196,152,87,41,26,3,1751,..,1426,1579,441,428,486,311,120,24,4811,..,809,1890,1496,1955,2948,3179,2665,1375,16326,392,685,462,283,277,326,318,138,58,2940,30302,19037,19978,18301,17942,17101,14769,8890,2822,149137
318,..,1321,822,231,341,420,257,90,20,3500,..,668,1234,890,1334,2301,2448,1948,892,11725,307,464,333,189,249,305,250,135,43,2270,19726,13661,14238,13856,14024,13264,10130,5332,1661,105900,..,452,8205,13539,14545,14505,11936,5526,863,69576,..,3932,8159,4353,3434,2305,1063,298,24,23574,..,424,1834,3006,2916,1381,688,484,306,11038,40313,..,..,..,..,..,..,..,..,40313,..,8820,..,..,..,..,..,..,..,8820,..,6523,2642,1117,778,447,93,3,0,11608,..,1458,728,375,480,787,734,440,247,5250,..,874,685,258,239,182,91,28,10,2369,..,2484,2029,622,728,890,568,210,44,7572,..,1391,2788,2206,3108,4649,4474,3006,1231,22857,643,871,686,435,490,532,459,214,62,4394,40954,27235,27756,25909,26723,25689,20100,10208,2793,207367
319,..,546,588,272,586,929,776,289,53,4042,..,408,763,719,1662,3633,4792,4090,1817,17880,389,522,348,221,355,575,486,222,80,3202,22401,13615,13441,14906,18147,22481,22317,12203,3439,142954,..,599,7875,14042,17944,23794,27207,14130,2261,107853,..,3155,6277,4276,4338,4201,2784,905,131,26066,..,563,2400,3575,3557,1914,1176,962,538,14688,45621,..,..,..,..,..,..,..,..,45621,..,9522,..,..,..,..,..,..,..,9522,..,8719,3580,1803,1567,921,132,4,0,16727,..,1300,725,331,621,1177,1228,918,445,6744,..,1185,927,432,478,423,260,75,21,3797,..,1073,1376,682,1204,1842,1691,654,97,8620,..,838,1831,1916,3739,7174,8836,6566,2594,33492,761,1037,800,558,740,1023,954,416,129,6411,46379,27987,25791,27614,34179,42462,44275,24624,6215,279537
397,..,0,0,0,0,0,0,0,0,0,..,0,0,0,0,0,0,0,0,0,0,0,0,0,0,0,0,0,0,0,0,0,0,0,0,0,0,0,0,4,..,0,0,0,0,0,0,0,0,0,..,0,0,0,0,0,0,0,0,6,..,0,0,0,0,0,0,0,0,0,0,..,..,..,..,..,..,..,..,0,..,0,..,..,..,..,..,..,..,0,..,0,0,0,0,0,0,0,0,0,..,0,0,0,0,0,0,0,0,0,..,0,0,0,0,0,0,0,0,0,..,0,0,0,0,0,0,0,0,0,..,0,0,0,0,0,0,0,0,0,0,0,3,0,0,0,0,0,0,9,0,0,3,0,3,0,0,0,0,8
399,..,0,0,0,0,0,0,0,0,0,..,0,0,0,0,0,0,0,0,0,279,336,400,232,260,279,208,47,11,2061,279,336,400,232,260,279,208,47,11,2061,..,0,0,0,0,0,0,0,0,0,..,0,0,0,0,0,0,0,0,0,..,0,0,0,0,0,0,0,0,0,0,..,..,..,..,..,..,..,..,0,..,0,..,..,..,..,..,..,..,0,..,0,0,0,0,0,0,0,0,0,..,0,0,0,0,0,0,0,0,0,..,0,0,0,0,0,0,0,0,0,..,0,0,0,0,0,0,0,0,0,..,0,0,0,0,0,0,0,0,0,577,622,862,586,530,573,490,131,21,4393,577,622,862,586,530,573,490,131,21,4393
401,..,2109,2086,367,227,322,273,112,31,5531,..,762,2019,1566,1824,3255,4538,4178,2472,20615,236,493,435,220,210,231,222,119,64,2242,23380,18015,19453,19942,19826,18706,16612,10048,3902,149872,..,399,11779,24186,24302,22343,19748,10583,2305,115648,..,2289,8629,4801,3760,2905,1765,485,61,24684,..,77,659,2416,3679,2151,806,612,483,10886,47487,..,..,..,..,..,..,..,..,47487,..,17415,..,..,..,..,..,..,..,17415,..,7361,5024,1300,1047,626,109,4,0,15465,..,1385,1131,265,318,666,709,465,293,5222,..,952,1210,266,135,123,54,17,9,2767,..,4254,4907,959,595,697,577,220,55,12268,..,1502,4193,3571,4109,5890,6947,5590,3226,35036,495,882,880,501,436,430,374,192,95,4296,47985,36522,38408,38271,38381,35829,31086,18175,6536,291181
402,..,1132,1320,464,537,653,414,129,30,4684,..,586,1866,1671,2394,4420,5078,4446,2151,22614,556,787,621,338,294,345,280,142,75,3437,41276,26098,32170,29950,26692,25601,20150,11638,3860,217442,..,1123,22632,34389,28793,27999,23240,12161,2355,152688,..,3878,12937,7228,5696,3837,1521,428,62,35587,..,666,3845,5974,6585,4003,1779,1041,592,24484,84035,..,..,..,..,..,..,..,..,84035,..,22347,..,..,..,..,..,..,..,22347,..,15904,9832,3109,1805,910,139,6,0,31710,..,2906,2404,956,1029,1700,1501,846,466,11800,..,1823,2014,738,497,333,172,30,9,5634,..,2973,4185,1662,1455,1530,894,265,67,13036,..,1253,4611,4652,6115,8561,8299,6295,3039,42826,1113,1529,1464,903,724,622,484,231,93,7159,85144,54410,63937,59614,52691,49488,38028,21307,6687,431301
403,..,1436,1528,399,432,567,390,111,26,4894,..,530,1635,1639,2111,4345,5776,4601,2768,23409,373,690,462,280,251,314,249,128,52,2797,29594,20388,22716,24399,23684,23700,21384,11653,4453,181972,..,477,13750,26903,26816,26498,25149,12673,2643,134905,..,2841,11567,7115,5280,3903,2027,570,79,33379,..,307,1710,4228,5220,3074,1357,780,563,17225,60055,..,..,..,..,..,..,..,..,60055,..,18240,..,..,..,..,..,..,..,18240,..,11695,6818,2027,1347,762,149,0,0,22810,..,1636,1210,451,447,908,955,649,365,6620,..,1326,1306,428,257,203,96,19,8,3642,..,2688,3516,1036,1011,1146,838,247,37,10518,..,999,3552,3903,5012,7738,8975,6477,3729,40387,835,1245,1001,621,579,561,457,208,74,5569,60889,41452,44433,46707,45961,44787,40016,21624,7491,353364
404,..,1344,1631,371,335,362,282,79,15,4417,..,482,1552,1366,1834,3094,3581,3101,1916,16923,228,355,401,204,188,218,185,96,64,1953,17425,13451,18224,15781,15221,15099,12097,7380,3292,117970,..,434,10938,17495,15796,15392,12610,6940,1859,81462,..,1755,8150,4294,3329,2514,1093,273,44,21455,..,157,930,2326,3235,2241,1051,739,594,11281,35191,..,..,..,..,..,..,..,..,35191,..,11084,..,..,..,..,..,..,..,11084,..,6829,5347,1567,1259,788,124,4,0,15923,..,1568,1381,403,489,894,839,432,330,6331,..,1022,1315,350,188,182,84,15,6,3167,..,2936,4199,1076,853,852,580,194,36,10712,..,897,3301,3097,4185,6057,5929,4329,2595,30393,446,710,829,487,404,428,298,147,91,3842,35638,27400,36386,31101,29736,29345,22613,13069,5555,230848
405,..,148,177,77,128,212,135,70,5,958,..,185,335,260,654,1384,1775,1617,814,7017,143,241,127,88,132,192,187,85,34,1228,8679,4711,4966,5686,6779,8246,7660,4272,1290,52288,..,164,3129,6055,7380,9613,9908,5007,791,42047,..,1007,2720,1735,1673,1592,845,224,28,9823,..,111,662,1104,1187,666,306,229,162,4420,17708,..,..,..,..,..,..,..,..,17708,..,3719,..,..,..,..,..,..,..,3719,..,3262,1332,501,389,244,46,0,0,5766,..,354,190,86,148,304,227,169,90,1567,..,236,165,74,60,61,32,8,3,648,..,289,377,194,281,440,315,120,24,2033,..,414,934,836,1701,3123,3414,2485,1194,14108,279,456,316,226,281,363,381,158,51,2518,17983,10004,9823,10806,13113,16396,15485,8408,2341,104357
406,..,170,221,60,78,108,75,30,9,755,..,270,449,293,564,955,1014,931,455,4934,144,173,134,91,130,141,122,68,12,1005,6994,3740,4794,4282,4768,4899,3862,2269,716,36326,..,185,2723,4067,4506,5210,4601,2389,461,24142,..,995,2693,1524,1452,1114,413,99,14,8303,..,189,712,893,922,481,234,155,69,3653,13906,..,..,..,..,..,..,..,..,13906,..,2301,..,..,..,..,..,..,..,2301,..,2114,841,343,275,119,16,0,0,3706,..,538,271,160,169,226,182,100,51,1702,..,169,134,53,73,46,15,5,6,497,..,381,486,193,197,256,166,67,17,1772,..,542,1103,884,1481,2321,2026,1467,645,10470,313,355,313,233,262,303,247,115,28,2169,14225,7763,9281,8343,9343,10083,7904,4391,1293,72623
407,..,291,334,131,232,342,251,91,17,1681,..,368,655,511,1130,2380,3077,2785,1438,12349,232,359,221,129,184,347,296,147,43,1968,14179,8223,8855,9350,11083,13299,13172,7582,2421,88165,..,314,5498,9765,11804,14933,16617,8928,1686,69548,..,1878,4759,2931,2894,2613,1568,420,60,17121,..,244,1138,1809,2168,1060,537,397,273,7633,28559,..,..,..,..,..,..,..,..,28559,..,6100,..,..,..,..,..,..,..,6100,..,5490,2123,857,631,373,85,4,0,9564,..,709,373,161,238,436,501,319,182,2914,..,438,402,176,155,145,78,11,4,1407,..,672,928,426,542,684,529,193,36,4005,..,759,1705,1567,2961,5094,5683,4232,2060,24050,474,708,518,382,428,645,594,278,79,4097,29029,17302,17446,18083,21822,25972,26177,14781,4375,174993
497,..,0,0,0,0,0,0,0,0,0,..,0,0,0,0,0,0,0,0,0,0,0,0,0,0,0,0,0,0,0,0,0,0,0,0,0,0,0,0,0,..,0,0,0,0,0,0,0,0,0,..,0,0,0,0,0,0,0,0,0,..,0,0,0,0,0,0,0,0,0,0,..,..,..,..,..,..,..,..,0,..,0,..,..,..,..,..,..,..,0,..,0,0,0,0,0,0,0,0,0,..,0,0,0,0,0,0,0,0,0,..,0,0,0,0,0,0,0,0,0,..,0,0,0,0,0,0,0,0,0,..,0,0,0,0,0,0,0,0,0,0,0,0,0,0,0,0,0,0,0,0,0,0,0,0,0,0,0,0,0
499,..,0,0,0,0,0,0,0,0,0,..,0,0,0,0,0,0,0,0,0,73,87,111,77,50,64,42,9,4,522,73,87,111,77,50,64,42,9,4,522,..,0,0,0,0,0,0,0,0,0,..,0,0,0,0,0,0,0,0,0,..,0,0,0,0,0,0,0,0,0,0,..,..,..,..,..,..,..,..,0,..,0,..,..,..,..,..,..,..,0,..,0,0,0,0,0,0,0,0,0,..,0,0,0,0,0,0,0,0,0,..,0,0,0,0,0,0,0,0,0,..,0,0,0,0,0,0,0,0,0,..,0,0,0,0,0,0,0,0,0,154,172,248,184,159,152,96,16,6,1189,154,172,248,184,159,152,96,16,6,1189
501,..,324,466,161,228,295,197,66,15,1766,..,268,529,563,1100,2002,2414,1957,1010,9841,247,354,273,191,208,336,304,129,57,2101,16284,8397,9353,11639,12062,11962,10151,5265,1705,86820,..,251,5687,12079,13072,13591,12615,5995,1081,64376,..,1802,5089,3549,3046,2423,1172,325,29,17433,..,195,1053,2208,2217,925,465,318,204,7593,33160,..,..,..,..,..,..,..,..,33160,..,6426,..,..,..,..,..,..,..,6426,..,5471,1752,724,507,299,69,0,0,8815,..,665,403,176,210,442,436,264,146,2736,..,538,529,241,160,120,66,24,4,1678,..,697,1117,444,528,631,421,137,36,4011,..,600,1413,1576,2477,3699,4175,2850,1375,18165,541,673,574,454,444,614,565,220,89,4189,33705,17314,17618,21468,22657,22738,19981,10136,2967,168577
502,..,156,145,83,130,179,131,59,11,896,..,162,304,287,583,1148,1640,1504,757,6387,137,194,112,75,112,157,176,103,36,1101,8911,5280,5330,5855,6374,6912,6929,4266,1336,51198,..,146,3000,5525,6511,7565,8284,5043,964,37044,..,1088,2730,1834,1478,1225,764,280,47,9449,..,164,871,1282,1342,714,333,206,143,5058,17669,..,..,..,..,..,..,..,..,17669,..,4057,..,..,..,..,..,..,..,4057,..,3249,1240,538,338,195,50,0,0,5611,..,500,244,139,169,278,293,177,117,1922,..,294,238,113,89,69,34,8,3,854,..,311,414,198,287,333,281,115,29,1967,..,313,799,788,1280,2107,2831,2268,1092,11473,266,358,255,183,236,275,300,176,44,2094,17937,10488,9793,10608,11736,12762,13177,8277,2434,97203
503,..,1582,2133,334,140,150,94,61,13,4507,..,735,2278,1514,1150,1838,2260,1804,1141,12719,128,285,309,167,119,157,119,49,35,1367,12720,10147,14050,12123,11103,9509,7539,4276,1863,83336,..,191,6636,14004,13837,11252,8870,4592,1138,60513,..,1414,7314,3329,2133,1658,808,250,43,16956,..,35,249,1023,1748,1046,378,226,205,4908,25905,..,..,..,..,..,..,..,..,25905,..,9599,..,..,..,..,..,..,..,9599,..,2673,1933,477,345,232,53,0,0,5713,..,816,697,173,121,252,293,193,156,2691,..,375,677,158,46,45,21,6,3,1330,..,2902,4622,856,356,359,242,123,29,9494,..,1331,4637,3579,2695,3485,3765,2608,1490,23598,277,507,621,345,268,258,207,89,43,2622,26187,19834,27380,23947,21559,18580,14647,8081,3113,163327
504,..,615,848,299,350,402,246,80,15,2852,..,446,1412,1127,1476,2383,2867,2050,1001,12766,320,433,343,205,188,231,183,114,54,2068,24791,14804,19603,19228,17399,15406,11445,5902,2020,130605,..,483,13205,22011,19532,17766,13214,6281,1200,93699,..,2406,9244,5574,3862,2493,1042,301,36,24960,..,260,1651,2922,3510,1990,909,542,353,12135,50860,..,..,..,..,..,..,..,..,50860,..,12799,..,..,..,..,..,..,..,12799,..,9256,4888,1510,903,476,108,6,0,17146,..,1541,1301,481,543,921,951,618,337,6695,..,794,959,369,277,172,119,37,9,2733,..,1343,2272,932,836,866,539,171,38,7005,..,845,3220,2972,3370,4584,4707,3048,1360,24104,644,809,714,508,396,399,325,161,66,4022,51499,30534,37449,37290,33222,29665,21912,11172,3407,256154
505,..,1362,2274,593,481,584,399,150,29,5872,..,747,2887,2518,2780,4866,6343,5266,2675,28078,532,785,685,366,341,397,402,207,99,3819,52505,32175,38675,41217,37837,32250,25499,13784,4845,278784,..,886,24374,48836,46863,39681,31289,14833,3059,209833,..,4073,18990,10936,6905,4180,1746,484,88,47406,..,408,2773,5848,7343,4214,1849,1049,630,24117,106861,..,..,..,..,..,..,..,..,106861,..,31104,..,..,..,..,..,..,..,31104,..,19150,10341,2972,1802,904,164,7,0,35339,..,2777,2230,855,868,1487,1641,1016,613,11488,..,1401,1798,636,406,312,122,48,14,4745,..,2938,5452,1709,1229,1200,842,324,67,13761,..,1559,6148,6039,6488,8682,9670,7194,3539,49315,1096,1453,1444,906,740,694,643,327,134,7435,107958,65749,73548,78742,72647,61357,47972,25289,8155,541408
506,..,2322,2252,704,594,592,404,139,20,7025,..,1047,2756,2165,2484,4266,5383,4313,2199,24615,547,829,686,335,342,390,359,186,85,3765,48163,30440,38023,38061,30797,27024,21730,11215,3956,249402,..,1202,26628,47426,37525,31610,25745,11728,2379,184240,..,4616,15412,8482,5939,3789,1714,430,56,40441,..,526,2818,5203,5608,3454,1632,947,586,20782,98003,..,..,..,..,..,..,..,..,98003,..,25763,..,..,..,..,..,..,..,25763,..,15464,9299,2731,1641,827,145,3,0,30114,..,3845,3022,1034,989,1723,1855,1028,515,14019,..,2007,2667,941,561,332,159,58,7,6744,..,5323,6671,2146,1630,1471,918,318,49,18530,..,2080,6344,5736,5938,8190,8711,6227,2981,46214,1105,1496,1398,863,712,685,589,309,124,7281,99103,62327,74265,74570,60544,52078,41477,21057,6708,492134
507,..,1346,1573,478,436,480,364,125,38,4838,..,788,2188,1751,2205,3996,4893,3943,2148,21915,496,731,531,342,284,382,298,160,75,3298,40665,24774,28814,30966,28504,24805,19285,10268,3863,211944,..,546,17370,35278,33681,29206,22916,11189,2357,152543,..,4006,14905,8500,5893,3835,1704,461,72,39377,..,410,2535,4883,5530,3072,1279,807,568,19081,82546,..,..,..,..,..,..,..,..,82546,..,21855,..,..,..,..,..,..,..,21855,..,14178,7147,2119,1378,729,184,3,0,25739,..,2197,1575,577,629,1141,1165,723,446,8459,..,1175,1293,535,332,244,117,30,10,3732,..,2629,3768,1269,1047,1043,782,273,63,10863,..,1511,4876,4460,5149,7254,7649,5613,2963,39464,983,1327,1105,774,596,665,507,269,114,6339,83521,49828,54575,58398,54239,47181,36306,19355,6594,409995
509,..,196,214,72,138,230,146,73,8,1083,..,251,423,342,761,1514,1761,1492,748,7292,188,222,179,129,187,331,271,140,46,1690,10549,5153,5975,6932,8044,9238,7785,4162,1348,59192,..,240,3932,7329,8749,10627,9851,4789,954,46473,..,1323,3119,2200,2106,1866,936,247,28,11823,..,128,664,1188,1296,680,340,249,164,4707,21243,..,..,..,..,..,..,..,..,21243,..,3485,..,..,..,..,..,..,..,3485,..,3380,1368,593,435,235,49,0,0,6062,..,516,255,127,183,327,394,232,148,2169,..,296,270,127,117,101,58,17,7,998,..,424,534,243,310,480,332,148,11,2489,..,643,1084,959,1901,3302,3553,2414,1091,14948,396,479,394,326,436,604,565,260,80,3544,21643,10910,11621,13088,15546,18227,16074,8354,2484,117953
510,..,157,340,107,108,73,44,9,3,835,..,226,562,347,409,532,295,106,12,2482,218,171,236,150,129,121,62,11,3,1092,8697,3823,6358,5852,4223,2949,1201,339,61,33510,..,243,3393,5779,4178,2880,1070,240,13,17806,..,1140,3993,2618,1654,950,256,48,0,10662,..,186,674,910,707,364,193,67,26,3122,17492,..,..,..,..,..,..,..,..,17492,..,1784,..,..,..,..,..,..,..,1784,..,2156,660,286,109,36,5,0,0,3249,..,882,437,289,297,341,208,85,33,2571,..,207,279,108,82,62,20,4,0,763,..,292,692,284,251,214,119,19,0,1874,..,445,1264,1004,1146,1272,664,218,23,6042,426,334,438,323,287,264,102,19,9,2200,17919,7681,11826,11603,8710,6378,2633,704,111,67575
511,..,254,303,105,113,167,95,33,0,1072,..,325,532,342,702,1064,1140,819,381,5306,207,240,189,131,189,238,193,78,25,1483,9889,5315,6494,6494,6714,6418,4615,2328,690,48948,..,218,3785,6515,6915,7062,5280,2441,442,32649,..,1619,3796,2320,2022,1528,629,163,28,12113,..,187,760,1185,1116,625,313,218,98,4519,19897,..,..,..,..,..,..,..,..,19897,..,2951,..,..,..,..,..,..,..,2951,..,3157,1009,440,371,156,26,0,0,5152,..,725,344,216,249,343,313,191,75,2455,..,333,273,114,84,76,48,23,4,956,..,558,743,301,290,350,206,81,16,2550,..,668,1330,1120,1839,2567,2381,1400,565,11866,408,471,409,299,385,435,395,151,41,2993,20309,10897,12442,12505,13277,13151,9593,4662,1267,98095
597,..,0,0,0,0,0,0,0,0,0,..,0,0,0,0,0,0,0,0,0,0,0,0,0,0,0,0,0,0,0,0,0,0,0,0,0,0,0,0,3,..,0,0,0,0,0,0,0,0,0,..,0,0,0,0,0,0,0,0,0,..,0,0,0,0,0,0,0,0,0,0,..,..,..,..,..,..,..,..,0,..,0,..,..,..,..,..,..,..,0,..,0,0,0,0,0,0,0,0,0,..,0,0,0,0,0,0,0,0,0,..,0,0,0,0,0,0,0,0,0,..,0,0,0,0,0,0,0,0,3,..,0,0,0,0,0,0,0,0,0,0,0,0,0,0,0,0,0,0,0,0,0,0,0,0,4,0,0,0,3
599,..,0,0,0,0,0,0,0,0,0,..,0,0,0,0,0,0,0,0,0,121,119,168,141,96,101,60,11,3,825,121,119,168,141,96,101,60,11,3,825,..,0,0,0,0,0,0,0,0,0,..,0,0,0,0,0,0,0,0,0,..,0,0,0,0,0,0,0,0,0,0,..,..,..,..,..,..,..,..,0,..,0,..,..,..,..,..,..,..,0,..,0,0,0,0,0,0,0,0,0,..,0,0,0,0,0,0,0,0,0,..,0,0,0,0,0,0,0,0,0,..,0,0,0,0,0,0,0,0,0,..,0,0,0,0,0,0,0,0,0,218,270,367,321,228,208,122,30,6,1775,218,270,367,321,228,208,122,30,6,1775
601,..,1087,2037,363,277,377,262,106,31,4541,..,366,1185,1107,1513,2932,3707,3070,1518,15405,286,486,401,197,203,267,235,102,54,2221,19343,12728,18692,15416,14657,14736,12775,7243,2513,118094,..,468,10658,15359,14778,15407,14166,7068,1399,79320,..,2197,9037,5376,4038,2886,1423,426,49,25427,..,332,1691,3007,3304,1887,842,556,327,11945,39205,..,..,..,..,..,..,..,..,39205,..,9948,..,..,..,..,..,..,..,9948,..,6955,3656,1295,904,468,87,0,0,13358,..,1142,986,312,380,701,701,412,231,4869,..,1204,2876,558,193,143,96,35,13,5109,..,2188,4832,946,633,756,523,199,54,10140,..,665,2562,2451,3233,5270,5765,4253,2064,26264,542,899,922,463,431,476,439,178,78,4425,39747,25994,37223,29774,27901,27996,24042,13127,4212,230008
602,..,506,532,131,170,240,206,76,13,1875,..,263,708,531,993,1900,2541,2072,991,10001,165,310,204,119,132,195,190,90,31,1437,11580,7532,8924,8276,9329,10034,8835,5037,1576,71122,..,303,5555,8243,9633,11041,10296,5289,908,51277,..,1637,4464,2793,2373,1935,984,241,24,14455,..,244,1114,1723,1893,1008,470,364,177,6999,23537,..,..,..,..,..,..,..,..,23537,..,5477,..,..,..,..,..,..,..,5477,..,4476,2006,699,600,295,49,0,0,8128,..,573,438,153,191,380,379,260,131,2520,..,537,713,158,91,82,48,15,9,1656,..,989,1501,380,393,502,417,170,43,4395,..,547,1617,1366,2239,3690,4288,3025,1389,18158,327,587,452,292,306,400,319,162,41,2879,23866,15368,17867,15801,17717,19336,17253,9533,2730,139476
603,..,23,39,33,47,70,67,27,3,319,..,31,86,116,217,478,600,391,154,2067,52,100,49,43,52,99,90,26,13,522,2947,1584,1829,2199,2498,3247,2777,1150,287,18522,..,59,1039,2058,2573,3604,3489,1418,199,14450,..,319,1082,1020,986,900,486,102,15,4906,..,49,233,350,395,263,128,98,38,1560,5903,..,..,..,..,..,..,..,..,5903,..,1254,..,..,..,..,..,..,..,1254,..,1232,578,235,170,70,12,0,0,2294,..,128,56,56,67,136,120,77,40,674,..,104,103,45,51,39,17,12,7,367,..,69,114,84,108,146,159,55,4,734,..,74,254,294,572,1135,1253,726,237,4541,97,206,124,133,115,191,166,65,10,1111,5999,3484,3579,4269,5029,6486,5837,2547,546,37783
604,..,181,224,85,120,193,167,53,9,1030,..,220,488,354,839,1633,1920,1647,779,7874,183,226,173,99,125,195,169,81,24,1273,8998,5544,6274,6062,7211,8142,7160,4041,1248,54680,..,263,3692,5817,7122,8867,8441,4400,760,39357,..,1276,3467,2017,2019,1599,745,198,15,11337,..,207,932,1427,1425,712,359,265,161,5490,18031,..,..,..,..,..,..,..,..,18031,..,3934,..,..,..,..,..,..,..,3934,..,3567,1379,514,467,231,53,0,0,6210,..,456,215,108,195,340,260,184,73,1827,..,337,378,114,77,67,36,18,4,1037,..,361,697,199,274,391,334,125,23,2411,..,441,1087,1028,1898,3106,3342,2420,1076,14404,361,443,402,236,256,334,332,140,31,2534,18388,11280,12255,11461,13724,15654,13902,7764,2143,106567
697,..,0,0,0,0,0,0,0,0,0,..,0,0,0,0,0,0,0,0,0,0,0,0,0,0,0,0,0,0,0,0,0,0,0,0,0,0,0,0,0,..,0,0,0,0,0,0,0,0,0,..,0,0,0,0,0,0,0,0,0,..,0,0,0,0,0,0,0,0,0,0,..,..,..,..,..,..,..,..,0,..,0,..,..,..,..,..,..,..,0,..,0,0,0,0,0,0,0,0,0,..,0,0,0,0,0,0,0,0,0,..,0,0,0,0,0,0,0,0,0,..,0,0,0,0,0,0,0,0,0,..,0,0,0,0,0,0,0,0,0,0,0,0,0,0,0,0,0,0,0,0,0,0,0,0,0,0,0,0,0
699,..,0,0,0,0,0,0,0,0,0,..,0,0,0,0,0,0,0,0,0,30,51,35,43,21,33,9,6,0,220,30,51,35,43,21,33,9,6,0,220,..,0,0,0,0,0,0,0,0,0,..,0,0,0,0,0,0,0,0,0,..,0,0,0,0,0,0,0,0,0,0,..,..,..,..,..,..,..,..,0,..,0,..,..,..,..,..,..,..,0,..,0,0,0,0,0,0,0,0,0,..,0,0,0,0,0,0,0,0,0,..,0,0,0,0,0,0,0,0,0,..,0,0,0,0,0,0,0,0,0,..,0,0,0,0,0,0,0,0,0,69,109,98,89,75,63,25,17,0,530,69,109,98,89,75,63,25,17,0,530
701,..,511,1178,311,226,237,130,41,9,2637,..,275,838,675,790,1067,1029,569,143,5384,177,228,250,146,140,153,95,39,7,1243,12726,6915,11651,10151,8156,6427,4085,1591,347,62052,..,373,7278,10609,8606,6643,4243,1508,182,39443,..,1671,5447,3407,2403,1524,597,123,8,15182,..,189,873,1522,1491,838,409,194,88,5611,25638,..,..,..,..,..,..,..,..,25638,..,4655,..,..,..,..,..,..,..,4655,..,3667,1685,630,322,135,13,0,0,6458,..,823,738,234,330,525,537,277,109,3577,..,626,1181,327,209,179,83,19,4,2634,..,1132,2528,737,583,553,340,102,13,5989,..,601,1808,1481,1819,2214,1987,925,220,11056,378,411,508,321,291,283,176,62,12,2436,26012,14148,22050,19272,16057,12899,8387,3219,639,122688
702,..,165,399,132,120,124,52,25,7,1024,..,139,503,317,466,641,408,156,51,2680,193,187,262,150,154,143,69,12,6,1176,8938,5517,7290,5807,4924,3829,1961,606,134,39011,..,1235,4657,5378,4164,3330,1712,465,47,20985,..,837,2695,1821,1428,810,281,51,8,7929,..,333,976,1109,950,594,332,130,31,4461,18310,..,..,..,..,..,..,..,..,18310,..,1955,..,..,..,..,..,..,..,1955,..,3704,1550,557,274,64,9,0,0,6148,..,1902,1086,826,838,816,521,179,50,6209,..,261,368,130,101,81,26,18,0,985,..,323,781,298,275,259,124,45,4,2115,..,308,1062,785,1043,1285,889,302,77,5753,419,405,485,300,275,237,142,31,5,2300,18731,11267,13663,11191,9345,7473,4039,1223,226,77155
797,..,0,0,0,0,0,0,0,0,0,..,0,0,0,0,0,0,0,0,0,0,0,0,0,0,0,0,0,0,0,0,0,0,0,0,0,0,0,0,0,..,0,0,0,0,0,0,0,0,0,..,0,0,0,0,0,0,0,0,0,..,0,0,0,0,0,0,0,0,0,0,..,..,..,..,..,..,..,..,0,..,0,..,..,..,..,..,..,..,0,..,0,0,0,0,0,0,0,0,0,..,0,0,0,0,0,0,0,0,0,..,0,0,0,0,0,0,0,0,0,..,0,3,0,0,0,0,0,0,3,..,0,0,0,0,0,0,0,0,0,0,0,0,0,0,0,0,0,0,0,0,0,3,0,0,0,0,0,0,7
799,..,0,0,0,0,0,0,0,0,0,..,0,0,0,0,0,0,0,0,0,15,32,50,28,35,26,10,0,0,201,15,32,50,28,35,26,10,0,0,201,..,0,0,0,0,0,0,0,0,0,..,0,0,0,0,0,0,0,0,0,..,0,0,0,0,0,0,0,0,0,0,..,..,..,..,..,..,..,..,0,..,0,..,..,..,..,..,..,..,0,..,0,0,0,0,0,0,0,0,0,..,0,0,0,0,0,0,0,0,0,..,0,0,0,0,0,0,0,0,0,..,0,0,0,0,0,0,0,0,0,..,0,0,0,0,0,0,0,0,0,57,65,99,65,63,52,31,11,0,441,57,65,99,65,63,52,31,11,0,441
801,..,3498,3394,582,361,455,271,90,40,8686,..,1029,3756,2785,2854,4106,4795,3686,1762,24789,403,831,746,362,290,352,314,182,52,3544,38723,25940,36909,33546,27222,22275,17749,9600,3172,215130,..,955,24038,41139,32867,25887,20776,10148,2046,157859,..,4670,17587,8720,5822,3443,1569,421,57,42290,..,233,1772,4246,5254,2852,1146,707,438,16650,79173,..,..,..,..,..,..,..,..,79173,..,20586,..,..,..,..,..,..,..,20586,..,11304,6220,1881,1167,538,113,4,0,21235,..,2221,2278,679,594,1036,1108,756,354,9034,..,2102,3527,755,349,235,86,26,11,7085,..,6658,8273,1747,1013,993,558,180,65,19485,..,1923,7720,6041,5912,7104,7201,5043,2390,43339,813,1535,1521,856,664,656,545,278,85,6954,79979,52189,72935,66074,53635,42741,33103,17572,5459,423689
897,..,0,0,0,0,0,0,0,0,0,..,0,0,0,0,0,0,0,0,0,0,0,0,0,0,0,0,0,0,0,0,0,0,0,0,0,0,0,0,0,..,0,0,0,0,0,0,0,0,0,..,0,0,0,0,0,0,0,0,0,..,0,0,0,0,0,0,0,0,0,0,..,..,..,..,..,..,..,..,0,..,0,..,..,..,..,..,..,..,0,..,0,0,0,0,0,0,0,0,0,..,0,0,0,0,0,0,0,0,0,..,0,0,0,0,0,0,0,0,0,..,0,0,0,0,0,0,0,0,0,..,0,0,0,0,0,0,0,0,0,0,0,0,0,0,0,0,0,0,0,0,0,0,0,0,0,0,0,0,0
899,..,0,0,0,0,0,0,0,0,0,..,0,0,0,0,0,0,0,0,0,14,38,24,17,10,20,3,7,0,132,14,38,24,17,10,20,3,7,0,132,..,0,0,0,0,0,0,0,0,0,..,0,0,0,0,0,0,0,0,0,..,0,0,0,0,0,0,0,0,0,0,..,..,..,..,..,..,..,..,0,..,0,..,..,..,..,..,..,..,0,..,0,0,0,0,0,0,0,0,0,..,0,0,0,0,0,0,0,0,0,..,0,0,0,0,0,0,0,0,0,..,0,0,0,0,0,0,0,0,0,..,0,0,0,0,0,0,0,0,0,18,59,57,41,32,23,19,3,0,263,18,59,57,41,32,23,19,3,0,263
901,..,7,5,4,5,10,0,0,0,32,..,6,13,18,21,69,64,43,17,256,8,17,3,9,3,17,9,4,0,73,324,165,171,253,260,322,224,115,28,1859,..,15,127,266,255,333,266,111,18,1390,..,26,83,66,83,79,32,9,0,383,..,4,11,32,51,21,13,9,6,135,696,..,..,..,..,..,..,..,..,696,..,93,..,..,..,..,..,..,..,93,..,106,38,24,11,7,0,0,0,179,..,16,8,9,8,17,15,13,11,111,..,4,8,0,0,0,0,0,0,18,..,7,9,7,10,14,9,0,0,58,..,21,43,39,62,134,113,66,23,497,18,13,6,20,9,32,32,10,6,141,713,310,332,464,488,638,477,217,55,3686
997,..,0,0,0,0,0,0,0,0,0,..,0,0,0,0,0,0,0,0,0,0,0,0,0,0,0,0,0,0,0,0,0,0,0,0,0,0,0,0,0,..,0,0,0,0,0,0,0,0,0,..,0,0,0,0,0,0,0,0,0,..,0,0,0,0,0,0,0,0,0,0,..,..,..,..,..,..,..,..,0,..,0,..,..,..,..,..,..,..,0,..,0,0,0,0,0,0,0,0,0,..,0,0,0,0,0,0,0,0,0,..,0,0,0,0,0,0,0,0,0,..,0,0,0,0,0,0,0,0,0,..,0,0,0,0,0,0,0,0,0,0,0,0,0,0,0,0,0,0,0,0,0,0,0,0,0,0,0,0,0
999,..,0,0,0,0,0,0,0,0,0,..,0,0,0,0,0,0,0,0,0,0,0,0,0,0,0,0,0,0,0,0,0,0,0,0,0,0,0,0,0,..,0,0,0,0,0,0,0,0,0,..,0,0,0,0,0,0,0,0,0,..,0,0,0,0,0,0,0,0,0,0,..,..,..,..,..,..,..,..,0,..,0,..,..,..,..,..,..,..,0,..,0,0,0,0,0,0,0,0,0,..,0,0,0,0,0,0,0,0,0,..,0,0,0,0,0,0,0,0,0,..,0,0,0,0,0,0,0,0,0,..,0,0,0,0,0,0,0,0,0,0,0,0,0,0,0,0,0,0,0,0,0,0,0,0,0,0,0,0,0
