GCCSA_CODE_2021,P_Germany_0_4,P_Germany_5_14,P_Germany_15_24,P_Germany_25_44,P_Germany_45_54,P_Germany_55_64,P_Germany_65_74,P_Germany_75_84,P_Germany_85ov,P_Germany_Tot,P_Greece_0_4,P_Greece_5_14,P_Greece_15_24,P_Greece_25_44,P_Greece_45_54,P_Greece_55_64,P_Greece_65_74,P_Greece_75_84,P_Greece_85ov,P_Greece_Tot,P_Hong_Kong_SAR_Ch_0_4,P_Hong_Kong_SAR_Ch_5_14,P_Hong_Kong_SAR_Ch_15_24,P_Hong_Kong_SAR_Ch_25_44,P_Hong_Kong_SAR_Ch_45_54,P_Hong_Kong_SAR_Ch_55_64,P_Hong_Kong_SAR_Ch_65_74,P_Hong_Kong_SAR_Ch_75_84,P_Hong_Kong_SAR_Ch_85ov,P_Hong_Kong_SAR_Ch_Tot,P_India_0_4,P_India_5_14,P_India_15_24,P_India_25_44,P_India_45_54,P_India_55_64,P_India_65_74,P_India_75_84,P_India_85ov,P_India_Tot,P_Indonesia_0_4,P_Indonesia_5_14,P_Indonesia_15_24,P_Indonesia_25_44,P_Indonesia_45_54,P_Indonesia_55_64,P_Indonesia_65_74,P_Indonesia_75_84,P_Indonesia_85ov,P_Indonesia_Tot,P_Iran_0_4,P_Iran_5_14,P_Iran_15_24,P_Iran_25_44,P_Iran_45_54,P_Iran_55_64,P_Iran_65_74,P_Iran_75_84,P_Iran_85ov,P_Iran_Tot,P_Iraq_0_4,P_Iraq_5_14,P_Iraq_15_24,P_Iraq_25_44,P_Iraq_45_54,P_Iraq_55_64,P_Iraq_65_74,P_Iraq_75_84,P_Iraq_85ov,P_Iraq_Tot,P_Ireland_0_4,P_Ireland_5_14,P_Ireland_15_24,P_Ireland_25_44,P_Ireland_45_54,P_Ireland_55_64,P_Ireland_65_74,P_Ireland_75_84,P_Ireland_85ov,P_Ireland_Tot,P_Italy_0_4,P_Italy_5_14,P_Italy_15_24,P_Italy_25_44,P_Italy_45_54,P_Italy_55_64,P_Italy_65_74,P_Italy_75_84,P_Italy_85ov,P_Italy_Tot,P_Japan_0_4,P_Japan_5_14,P_Japan_15_24,P_Japan_25_44,P_Japan_45_54,P_Japan_55_64,P_Japan_65_74,P_Japan_75_84,P_Japan_85ov,P_Japan_Tot,P_Korea_South_0_4,P_Korea_South_5_14,P_Korea_South_15_24,P_Korea_South_25_44,P_Korea_South_45_54,P_Korea_South_55_64,P_Korea_South_65_74,P_Korea_South_75_84,P_Korea_South_85ov,P_Korea_South_Tot,P_Lebanon_0_4,P_Lebanon_5_14,P_Lebanon_15_24,P_Lebanon_25_44,P_Lebanon_45_54,P_Lebanon_55_64,P_Lebanon_65_74,P_Lebanon_75_84,P_Lebanon_85ov,P_Lebanon_Tot,P_Malaysia_0_4,P_Malaysia_5_14,P_Malaysia_15_24,P_Malaysia_25_44,P_Malaysia_45_54,P_Malaysia_55_64,P_Malaysia_65_74,P_Malaysia_75_84,P_Malaysia_85ov,P_Malaysia_Tot,P_Malta_0_4,P_Malta_5_14,P_Malta_15_24,P_Malta_25_44,P_Malta_45_54,P_Malta_55_64,P_Malta_65_74,P_Malta_75_84,P_Malta_85ov,P_Malta_Tot,P_Mauritius_0_4,P_Mauritius_5_14,P_Mauritius_15_24,P_Mauritius_25_44,P_Mauritius_45_54,P_Mauritius_55_64,P_Mauritius_65_74,P_Mauritius_75_84,P_Mauritius_85ov,P_Mauritius_Tot,P_Myanmar_0_4,P_Myanmar_5_14,P_Myanmar_15_24,P_Myanmar_25_44,P_Myanmar_45_54,P_Myanmar_55_64,P_Myanmar_65_74,P_Myanmar_75_84,P_Myanmar_85ov,P_Myanmar_Tot,P_Nepal_0_4,P_Nepal_5_14,P_Nepal_15_24,P_Nepal_25_44,P_Nepal_45_54,P_Nepal_55_64,P_Nepal_65_74,P_Nepal_75_84,P_Nepal_85ov,P_Nepal_Tot,P_Netherlands_0_4,P_Netherlands_5_14,P_Netherlands_15_24,P_Netherlands_25_44,P_Netherlands_45_54,P_Netherlands_55_64,P_Netherlands_65_74,P_Netherlands_75_84,P_Netherlands_85ov,P_Netherlands_Tot,P_New_Zealand_0_4,P_New_Zealand_5_14,P_New_Zealand_15_24,P_New_Zealand_25_44,P_New_Zealand_45_54,P_New_Zealand_55_64,P_New_Zealand_65_74,P_New_Zealand_75_84,P_New_Zealand_85ov,P_New_Zealand_Tot,P_North_Macedonia_0_4,P_North_Macedonia_5_14,P_North_Macedonia_15_24,P_North_Macedonia_25_44,P_North_Macedonia_45_54,P_North_Macedonia_55_64,P_North_Macedonia_65_74,P_North_Macedonia_75_84,P_North_Macedonia_85ov,P_North_Macedonia_Tot
1GSYD,86,383,704,4516,2412,2039,3458,3149,1116,17857,29,269,522,1462,1324,3257,6496,9434,4195,26986,350,2273,3528,14795,6163,9397,7644,1523,497,46182,2313,14201,14933,112001,20649,11531,7562,3481,1143,187810,115,680,4340,16458,5561,3497,3146,1277,344,35413,68,953,1601,13332,3652,3119,2120,882,313,26044,83,3724,5989,19462,9226,7436,4227,1855,605,52604,64,677,761,11181,3452,2554,1946,1318,440,22399,46,266,549,5984,2453,5206,9078,9369,5819,38762,154,758,961,5103,3114,1665,754,328,108,12945,198,1658,3872,21831,10236,6737,3731,1898,549,50702,278,1050,1869,14250,12745,14372,10508,5115,1429,61620,126,941,2819,13417,5386,4820,5009,2030,451,35002,0,15,37,345,426,1610,4390,3421,1085,11336,5,33,194,1269,677,1183,1071,554,238,5230,13,91,484,2550,1178,973,696,298,118,6400,97,672,17995,37065,2118,719,317,67,0,59055,44,261,320,1582,1021,1053,1947,1675,800,8698,584,4546,9537,28851,16058,13661,8163,3239,861,85493,7,78,175,1889,1680,2706,3123,1579,506,11743
1RNSW,21,120,201,1269,878,1601,3572,2511,856,11034,3,21,36,92,115,354,684,711,384,2401,16,144,204,595,244,362,266,63,23,1910,252,1243,1678,13102,1978,1222,893,507,193,21078,29,131,224,1038,404,239,250,95,51,2459,7,79,81,802,210,141,76,35,12,1440,55,633,550,893,268,187,107,31,4,2737,5,268,191,1205,728,670,753,564,182,4568,13,85,95,767,400,1071,2398,2095,1480,8396,37,149,158,805,385,183,164,41,21,1928,18,85,206,1411,329,178,70,29,8,2325,3,28,47,390,341,376,291,139,38,1645,58,241,379,1634,783,762,430,151,47,4489,3,3,12,53,65,312,936,585,174,2143,0,6,25,132,59,132,140,56,21,565,0,55,152,728,182,99,70,34,18,1342,21,165,742,4720,139,55,22,10,0,5873,15,59,109,546,449,762,2493,1968,641,7038,144,1076,1772,7708,6227,6874,5859,2572,608,32840,4,16,41,483,718,1309,1736,949,299,5553
19499,0,0,3,14,0,3,4,3,0,30,0,0,0,3,0,0,0,3,0,10,0,3,6,19,3,8,0,0,0,32,0,0,7,55,4,7,0,0,0,78,0,0,3,28,5,3,0,0,0,32,0,0,7,11,7,5,0,0,0,28,0,0,3,8,0,0,0,0,0,10,0,0,0,17,7,5,0,4,0,29,0,0,0,17,0,6,9,0,0,31,3,0,4,8,0,0,0,0,0,14,0,0,3,11,3,0,0,0,0,21,0,0,0,5,4,3,5,0,0,20,0,0,11,37,8,6,3,0,0,67,0,0,0,0,0,0,0,0,0,6,0,0,0,0,0,0,0,0,0,3,0,0,0,0,0,0,0,0,0,0,0,0,4,18,0,0,0,0,0,17,0,0,0,13,0,8,8,5,0,37,0,7,10,60,38,48,34,3,0,194,0,0,0,0,3,0,0,0,0,4
19799,0,0,0,0,0,0,0,0,0,0,0,0,0,0,0,0,0,0,0,0,0,0,0,0,0,0,0,0,0,0,0,0,0,0,0,0,0,0,0,0,0,0,0,0,0,0,0,0,0,0,0,0,0,0,0,0,0,0,0,0,0,0,0,0,0,0,0,0,0,0,0,0,0,0,0,0,0,0,0,0,0,0,0,0,0,0,0,0,0,0,0,0,0,0,0,0,0,0,0,0,0,0,0,0,0,0,0,0,0,0,0,0,0,0,0,0,0,0,0,0,0,0,0,0,0,0,0,0,0,0,0,0,0,0,0,0,0,0,0,0,0,0,0,0,0,0,0,0,0,0,0,0,0,0,0,0,0,0,0,0,0,0,0,0,0,0,0,0,0,0,0,0,0,0,0,0,0,0,0,0,0,0,0,0,0,0,0,0,0,0,0,0,0,0,0,0,0,0,0,0
2GMEL,71,294,697,3757,2157,2077,4526,3941,1601,19125,28,431,888,2201,2539,6437,10793,15357,6281,44956,221,1592,2327,9624,3150,3723,2933,648,199,24428,2134,14036,24795,154543,21133,12396,8799,3652,1147,242635,98,590,3008,9725,2736,1217,1309,477,129,19294,87,1431,2191,11619,2794,1528,832,345,99,20922,61,2244,2959,9766,4478,3091,1593,670,176,25041,57,562,575,6819,1884,1702,1573,1071,508,14742,26,357,630,4734,2471,8101,16035,15956,9767,58081,118,566,830,3827,1846,652,444,133,63,8476,97,668,1566,8311,2507,979,410,172,34,14730,105,380,717,4906,3944,4014,2784,1177,304,18333,271,2706,6605,24338,7547,6999,6217,2177,492,57345,0,30,79,508,679,2327,5920,4230,1352,15128,12,124,720,4045,1452,2250,1825,883,393,11700,26,440,1930,6365,1845,944,528,220,96,12392,45,330,4951,12135,629,261,131,27,0,18510,28,220,346,1324,996,1187,3352,2800,1296,11558,945,7419,10529,32413,13204,10228,5523,2092,572,82939,11,112,274,3099,2771,3981,4881,2230,680,18028
2RVIC,18,63,93,664,442,708,2258,1423,552,6209,5,17,18,69,92,259,519,483,207,1664,13,82,116,366,90,110,94,14,3,884,127,829,1763,10238,1095,609,499,232,67,15463,13,73,119,615,245,88,116,45,17,1332,6,114,159,457,112,76,32,17,4,978,0,101,110,451,199,115,40,14,8,1036,4,133,119,750,371,403,462,308,137,2689,5,29,51,352,231,829,2189,1891,1131,6700,7,53,54,325,172,80,50,14,15,766,10,45,65,461,60,39,13,8,3,696,4,10,16,96,58,84,46,25,11,351,20,265,534,2787,753,536,248,73,16,5243,0,4,11,48,61,299,760,426,103,1712,0,11,59,228,89,109,95,32,9,642,4,32,168,959,307,175,113,44,13,1823,9,53,265,1248,49,11,6,0,0,1632,9,42,63,353,347,692,2705,2044,655,6901,82,739,1088,4277,3118,3342,2473,944,190,16247,0,3,0,97,107,223,320,169,64,986
29499,0,0,0,9,0,11,3,0,0,33,0,0,0,5,0,0,0,0,0,10,0,3,5,0,0,0,5,0,0,9,0,4,9,71,4,0,0,0,0,90,0,0,0,11,3,0,0,0,0,15,0,3,0,12,5,0,0,0,0,24,0,4,0,0,0,0,0,0,0,11,0,0,0,17,0,0,0,0,0,27,0,0,0,3,0,0,5,0,0,13,0,0,0,7,0,0,0,0,0,6,0,0,0,6,0,0,0,0,0,10,0,4,0,6,5,0,0,0,0,14,0,0,12,43,13,6,0,0,0,74,0,0,0,0,4,0,0,0,0,5,0,0,3,0,0,0,0,0,0,3,0,0,0,0,0,0,0,0,0,4,0,0,0,8,0,0,0,0,0,8,0,0,0,0,0,3,8,3,0,22,0,0,17,64,27,23,14,6,0,157,0,0,0,4,0,0,0,0,0,3
29799,0,0,0,0,0,0,0,0,0,0,0,0,0,0,0,0,0,0,0,0,0,0,0,0,0,0,0,0,0,0,0,0,0,0,0,0,0,0,0,0,0,0,0,0,0,0,0,0,0,0,0,0,0,0,0,0,0,0,0,0,0,0,0,0,0,0,0,0,0,0,0,0,0,0,0,0,0,0,0,0,0,0,0,0,0,0,0,0,0,0,0,0,0,0,0,0,0,0,0,0,0,0,0,0,0,0,0,0,0,0,0,0,0,0,0,0,0,0,0,0,0,0,0,0,0,0,0,0,0,0,0,0,0,0,0,0,0,0,0,0,0,0,0,0,0,0,0,0,0,0,0,0,0,0,0,0,0,0,0,0,0,0,0,0,0,0,0,0,0,0,0,0,0,0,0,0,0,0,0,0,0,0,0,0,0,0,0,0,0,0,0,0,0,0,0,0,0,0,0,0
3GBRI,44,174,375,2181,1339,1244,2182,1493,453,9477,0,43,71,182,146,251,539,656,370,2261,107,647,1418,3720,1073,1449,1056,235,93,9799,425,3163,5073,32282,5258,2566,1763,844,274,51650,45,263,587,2136,870,453,524,290,96,5261,22,411,634,3535,905,399,256,107,27,6288,6,304,384,1021,488,268,139,41,5,2673,40,450,411,3177,1201,838,767,553,221,7654,14,125,197,1376,525,679,1361,1339,910,6540,77,372,644,2501,1263,415,237,92,45,5646,81,795,1368,7597,2217,774,322,128,23,13305,10,38,56,309,233,238,168,83,25,1158,68,560,1304,4418,1862,1694,1260,550,116,11826,0,13,16,44,50,155,328,250,70,932,0,4,52,274,128,168,183,94,27,934,3,111,427,1670,491,328,231,101,35,3410,14,143,1573,4354,210,119,34,9,0,6459,23,137,177,740,689,831,1913,1414,488,6402,841,7693,13638,37278,20682,16293,10334,4010,885,111649,0,4,14,178,129,161,131,64,22,709
3RQLD,30,130,339,2043,1189,1803,2744,2366,751,11402,0,21,24,106,85,181,276,262,135,1094,38,263,368,1099,339,478,323,77,19,3019,193,1101,2114,12607,1887,968,648,466,146,20124,38,189,339,1257,609,311,431,151,88,3403,12,69,120,846,240,189,165,64,17,1724,85,727,579,729,268,131,83,33,14,2649,13,300,267,1553,762,642,670,514,183,4901,10,106,161,1295,405,712,1534,1432,968,6624,58,423,643,2906,2057,856,423,141,47,7568,46,408,545,3642,972,464,164,64,12,6325,0,13,8,99,103,128,74,57,19,498,22,159,381,1596,821,997,551,176,54,4767,3,4,4,46,57,226,563,494,137,1539,0,15,48,258,92,177,161,79,33,866,0,17,55,503,134,90,49,32,15,883,22,197,913,3028,107,53,23,0,0,4341,10,70,161,713,667,980,2349,1706,613,7273,498,4127,8025,25586,18305,17997,14226,6172,1414,96351,0,0,11,106,67,104,82,35,15,429
39499,0,0,14,46,11,11,12,5,0,101,0,0,0,0,0,0,0,0,0,3,0,0,0,10,0,0,3,0,0,14,0,0,8,31,5,0,3,0,0,48,0,0,0,23,0,0,4,0,0,34,0,0,0,3,0,0,0,0,0,10,0,0,0,3,0,0,0,0,0,4,0,0,5,31,5,12,3,3,0,51,0,0,5,31,0,3,4,3,0,54,0,0,7,13,0,0,0,0,0,21,0,0,0,27,0,0,0,0,0,29,0,0,0,0,0,6,0,0,0,3,0,0,3,21,0,0,0,0,0,29,0,0,0,0,0,0,4,0,0,9,0,0,0,0,0,0,0,0,0,0,0,0,0,0,0,0,0,0,0,3,0,0,0,6,0,0,0,0,0,8,0,3,3,11,4,14,26,7,0,72,3,6,29,149,94,117,145,17,0,565,0,0,0,0,0,0,0,0,0,0
39799,0,0,0,0,0,0,0,0,0,0,0,0,0,0,0,0,0,0,0,0,0,0,0,0,0,0,0,0,0,0,0,0,0,0,0,0,0,0,0,0,0,0,0,0,0,0,0,0,0,0,0,0,0,0,0,0,0,0,0,0,0,0,0,0,0,0,0,0,0,0,0,0,0,0,0,0,0,0,0,0,0,0,0,0,0,0,0,0,0,3,0,0,0,0,0,0,0,0,0,0,0,0,0,0,0,0,0,0,0,0,0,0,0,0,0,0,0,0,0,0,0,0,0,0,0,0,0,0,0,0,0,0,0,0,0,0,0,0,0,0,0,0,0,0,0,0,0,0,0,0,0,0,0,0,0,0,0,0,0,0,0,0,0,0,0,0,0,0,0,0,0,0,0,0,0,0,0,0,0,0,0,0,0,0,0,0,0,0,0,0,0,0,0,0,0,0,0,0,0,0
4GADE,22,83,135,849,650,953,2324,1767,887,7680,5,42,102,279,268,930,2042,2499,1420,7590,51,230,941,1700,340,392,365,78,24,4116,376,3138,5932,26403,3838,1490,1033,526,200,42933,19,137,255,975,290,151,160,63,36,2088,30,401,723,2430,694,444,269,118,42,5147,0,94,190,662,319,203,82,32,3,1586,3,162,135,660,426,467,458,364,230,2908,8,92,141,783,566,1809,4600,4629,3030,15667,13,107,156,631,378,105,77,40,17,1527,20,230,599,1904,677,201,45,18,3,3699,9,70,90,429,300,358,303,170,57,1787,57,603,1249,3294,1124,832,877,392,77,8509,0,0,0,34,51,152,480,342,132,1195,0,8,30,105,47,40,18,15,4,263,5,114,407,1084,277,115,60,23,8,2102,23,419,1543,4798,165,68,33,8,0,7055,4,42,91,307,307,535,1699,1162,417,4564,67,484,780,2837,1988,1916,1458,570,136,10238,0,0,4,54,43,67,78,63,29,345
4RSAU,4,6,15,134,99,281,642,436,171,1790,0,0,5,16,19,71,156,203,90,556,3,11,7,53,22,12,11,4,0,117,32,104,194,1132,162,128,93,54,24,1924,0,14,21,138,51,17,22,9,10,284,0,0,4,27,18,11,4,0,0,67,4,9,5,20,9,5,0,0,0,42,0,16,11,87,40,60,73,75,17,386,0,11,7,53,33,124,255,325,180,973,3,3,7,41,25,14,17,0,0,106,0,4,21,87,9,3,4,3,0,135,0,0,0,7,8,7,3,3,4,35,5,23,51,309,86,55,39,9,0,584,0,0,0,0,4,22,65,24,10,126,0,0,0,3,8,5,9,0,0,18,0,5,23,129,49,22,12,8,0,246,0,4,29,140,9,0,0,0,0,183,0,12,6,58,76,176,731,398,107,1579,23,113,195,724,614,727,519,211,38,3166,0,0,0,0,4,3,15,3,6,30
49499,0,0,0,7,0,0,8,0,0,19,0,0,0,0,0,0,0,0,0,0,0,0,0,8,0,0,3,0,0,12,0,0,8,14,0,0,3,0,4,32,0,0,0,6,0,0,0,0,0,11,0,0,0,4,0,0,0,0,0,9,0,0,0,0,0,0,0,0,0,0,0,0,0,0,0,0,3,0,0,8,0,0,0,4,0,0,4,0,0,12,0,0,0,0,0,0,0,0,0,0,0,0,0,0,0,0,0,0,0,3,0,0,0,0,0,0,0,0,0,0,0,0,0,5,0,0,0,0,0,5,0,0,0,0,0,0,0,0,0,0,0,0,0,0,0,0,0,0,0,0,0,0,0,5,0,0,0,0,0,5,0,0,5,3,0,0,0,0,0,6,0,0,0,3,5,0,5,0,0,15,0,0,3,14,14,10,10,0,0,53,0,0,0,0,0,0,0,0,0,0
49799,0,0,0,0,0,0,0,0,0,0,0,0,0,0,0,0,0,0,0,0,0,0,0,0,0,0,0,0,0,0,0,0,0,0,0,0,0,0,0,0,0,0,0,0,0,0,0,0,0,0,0,0,0,0,0,0,0,0,0,0,0,0,0,0,0,0,0,0,0,0,0,0,0,0,0,0,0,0,0,0,0,0,0,0,0,0,0,0,0,0,0,0,0,0,0,0,0,0,0,0,0,0,0,0,0,0,0,0,0,0,0,0,0,0,0,0,0,0,0,0,0,0,0,0,0,0,0,0,0,0,0,0,0,0,0,0,0,0,0,0,0,0,0,0,0,0,0,0,0,0,0,0,0,0,0,0,0,0,0,0,0,0,0,0,0,0,0,0,0,0,0,0,0,0,0,0,0,0,0,0,0,0,0,0,0,0,0,0,0,0,0,0,0,0,0,0,0,0,0,0
5GPER,21,178,368,2336,1337,1205,1935,1332,338,9053,3,26,57,143,122,254,474,575,366,2019,64,348,761,2656,767,775,650,176,67,6271,469,3454,5133,32307,6256,4268,3509,2118,718,58229,134,691,1384,5727,2281,1185,1120,401,105,13031,22,323,526,3143,949,646,392,158,62,6224,15,250,377,1521,711,421,168,58,13,3536,61,870,916,7910,1932,1774,1591,999,361,16412,15,202,330,2437,980,1803,4408,3880,2468,16536,98,308,348,1835,1050,396,230,91,33,4379,54,348,435,3673,881,417,169,53,13,6041,3,45,63,316,240,226,179,65,12,1159,121,1308,3120,11143,4639,4296,4412,1786,436,31268,0,6,12,56,53,142,283,174,52,773,6,140,500,2170,570,680,549,246,108,4978,13,147,559,2842,1482,1570,1382,586,302,8885,14,113,728,3049,195,72,30,4,0,4212,31,144,247,894,745,752,1983,1605,682,7083,404,3700,5614,20289,10758,10467,6030,1850,350,59459,6,34,75,800,538,650,721,359,154,3328
5RWAU,7,15,89,578,266,297,590,341,73,2267,0,9,4,16,14,22,30,27,18,123,6,13,15,137,31,34,26,0,0,256,32,203,124,1655,306,194,140,127,40,2825,10,109,85,473,186,62,58,17,9,1007,0,10,11,134,30,7,4,4,0,207,0,7,4,50,16,7,3,0,0,94,4,61,82,800,206,188,204,126,33,1703,0,16,24,318,68,148,417,370,241,1596,3,19,18,166,70,23,21,4,3,332,3,19,30,286,25,9,3,0,0,379,0,0,0,27,13,16,14,10,0,90,6,23,66,417,162,164,102,52,3,995,0,0,0,4,3,29,34,33,5,106,0,5,19,91,30,43,23,11,3,224,0,11,25,187,91,65,51,13,12,455,0,16,20,185,7,3,0,0,0,232,0,23,36,220,165,225,592,372,97,1733,100,714,1136,4877,3070,3449,1920,497,81,15849,0,0,0,13,10,23,23,14,10,98
59499,0,0,4,21,3,6,12,3,0,46,0,0,0,0,0,0,0,0,0,0,0,0,0,5,0,0,0,0,0,4,0,0,0,14,0,0,3,3,0,30,0,0,0,12,3,3,0,0,0,15,0,0,0,6,4,4,0,0,0,9,0,0,0,0,0,0,0,0,0,6,0,0,4,13,0,5,3,7,0,31,0,0,3,21,4,0,5,3,0,41,0,0,0,0,0,0,0,0,0,0,0,0,0,3,0,0,0,0,0,4,0,0,0,0,0,0,0,0,0,0,0,0,0,10,3,3,0,0,0,13,0,0,0,0,0,0,0,0,0,0,0,0,0,3,0,0,0,0,0,4,0,0,3,6,0,5,0,0,0,12,0,0,0,3,0,0,0,0,0,0,0,0,0,8,4,0,3,0,0,21,3,7,18,88,45,57,30,9,0,257,0,0,0,0,0,0,0,0,0,0
59799,0,0,0,0,0,0,0,0,0,0,0,0,0,0,0,0,0,0,0,0,0,0,0,0,0,0,0,0,0,0,0,0,0,0,0,0,0,0,0,4,0,0,0,6,0,3,0,0,0,7,0,0,0,0,0,0,0,0,0,0,0,0,0,0,0,0,0,0,0,0,0,0,0,4,0,0,0,0,0,4,0,0,0,0,0,0,0,0,0,0,0,0,0,0,0,0,0,0,0,0,0,0,0,0,0,0,0,0,0,0,0,0,0,0,0,0,0,0,0,0,0,0,0,0,0,0,0,0,0,0,0,0,0,0,0,0,0,0,0,0,0,0,0,0,0,0,0,0,0,0,0,0,0,0,0,0,0,0,0,0,0,0,0,0,0,0,0,0,0,0,0,0,0,0,0,0,0,0,0,3,0,0,0,19,5,6,0,0,0,27,0,0,0,0,0,0,0,0,0,0
6GHOB,6,12,19,173,96,152,234,231,110,1037,0,6,9,20,16,55,83,135,58,377,8,40,83,336,50,42,40,10,4,617,36,185,402,3060,159,84,64,51,28,4074,0,10,53,183,42,18,27,17,5,363,0,35,41,139,26,14,10,8,4,273,0,10,12,24,10,10,3,0,0,71,0,15,25,80,53,66,78,49,12,374,0,8,3,77,29,52,114,137,83,505,4,16,38,125,61,25,25,3,8,306,4,42,34,323,57,48,13,8,0,533,0,0,3,24,17,11,9,3,0,71,0,24,155,408,89,89,80,24,12,878,0,0,0,0,7,11,13,11,5,43,0,0,10,29,6,4,5,3,0,49,0,4,15,55,17,16,14,6,4,125,11,131,500,3412,31,13,7,0,0,4107,0,10,12,73,56,81,257,209,78,778,15,80,117,573,398,411,343,132,35,2108,0,0,0,4,0,3,0,0,0,17
6RTAS,3,7,25,126,91,210,304,219,67,1044,3,0,3,8,6,11,26,26,5,86,0,19,23,127,11,30,21,4,0,238,20,90,195,1450,103,91,52,45,13,2063,0,11,30,98,31,19,30,13,5,240,0,94,65,80,18,20,8,0,0,282,0,9,3,26,6,3,4,0,0,48,0,11,12,70,52,60,83,58,24,371,0,10,6,52,17,49,105,77,64,372,0,18,7,64,33,10,8,3,0,152,3,17,21,151,24,18,4,0,4,243,0,5,0,9,4,15,5,0,0,37,10,36,93,220,71,69,51,12,4,568,0,0,0,4,7,16,26,19,9,77,0,0,3,7,7,6,4,3,0,37,4,24,54,90,42,10,5,0,0,222,7,119,310,1630,25,10,0,0,6,2109,0,10,15,87,99,148,457,426,114,1355,14,93,140,649,683,819,641,263,45,3349,0,0,0,3,0,5,0,6,0,18
69499,0,0,0,3,0,0,0,0,0,5,0,0,0,0,0,0,0,0,0,0,0,0,0,4,0,0,0,0,0,4,0,0,0,0,0,0,0,0,0,0,0,0,0,0,0,0,0,0,0,3,0,0,0,0,0,0,0,0,0,0,0,0,0,0,0,0,0,0,0,0,0,0,0,0,0,0,0,0,0,3,0,0,0,0,0,0,0,0,0,0,0,0,0,0,0,0,0,0,0,0,0,0,0,0,0,0,0,0,0,0,0,0,0,0,0,0,0,0,0,0,0,0,0,0,0,0,0,0,0,3,0,0,0,0,0,0,0,0,0,0,0,0,0,0,0,0,0,0,0,0,0,0,0,0,0,0,0,0,0,0,0,0,0,3,0,0,0,0,0,6,0,0,0,0,0,0,3,0,0,4,0,0,0,3,4,10,0,0,0,25,0,0,0,0,0,0,0,0,0,0
69799,0,0,0,0,0,0,0,0,0,0,0,0,0,0,0,0,0,0,0,0,0,0,0,0,0,0,0,0,0,0,0,0,0,0,0,0,0,0,0,0,0,0,0,0,0,0,0,0,0,0,0,0,0,0,0,0,0,0,0,0,0,0,0,0,0,0,0,0,0,0,0,0,0,0,0,0,0,0,0,0,0,0,0,0,0,0,0,0,0,0,0,0,0,0,0,0,0,0,0,0,0,0,0,0,0,0,0,0,0,0,0,0,0,0,0,0,0,0,0,0,0,0,0,0,0,0,0,0,0,0,0,0,0,0,0,0,0,0,0,0,0,0,0,0,0,0,0,0,0,0,0,0,0,0,0,0,0,0,0,0,0,0,0,0,0,0,0,0,0,0,0,0,0,0,0,0,0,0,0,0,0,0,0,0,3,0,0,0,0,0,0,0,0,0,0,0,0,0,0,0
7GDAR,7,14,20,179,83,74,98,89,28,590,3,54,98,267,133,170,239,152,24,1146,0,16,13,136,29,39,43,8,4,273,45,280,335,2442,355,190,120,35,9,3820,18,87,124,574,230,126,96,27,7,1292,0,3,7,64,12,6,0,4,0,87,0,0,5,4,8,0,0,0,0,15,3,35,35,398,39,27,43,27,3,609,0,9,8,128,35,38,68,57,25,365,4,13,7,77,37,16,3,5,0,169,9,20,20,211,30,10,5,0,0,301,0,0,0,27,4,4,0,0,0,41,3,29,38,229,101,98,92,52,8,653,0,0,0,4,6,3,14,0,4,32,0,5,0,48,7,7,4,0,5,67,0,4,13,75,43,18,13,8,0,174,0,69,402,1998,42,27,11,0,0,2540,0,3,0,51,24,30,72,49,9,244,10,108,148,702,498,545,330,99,8,2437,0,0,0,7,3,0,0,0,0,7
7RNTE,0,0,7,77,29,44,33,13,7,215,0,0,0,16,0,6,6,4,0,30,0,5,3,32,3,4,0,0,0,52,23,86,61,863,83,61,35,3,0,1216,0,10,7,86,19,13,9,0,0,138,0,0,0,10,0,3,0,0,0,15,0,0,0,9,7,5,0,0,0,18,0,4,4,77,13,19,14,5,0,142,0,3,4,43,9,14,19,23,3,122,0,3,0,32,9,4,0,0,0,50,0,4,0,51,9,0,0,0,0,70,0,0,0,0,4,4,0,0,0,10,3,0,0,48,16,19,10,0,0,99,0,0,0,0,0,0,4,0,0,9,0,0,0,18,0,9,0,0,0,31,0,0,0,12,3,4,0,0,0,24,5,16,40,371,10,4,3,0,0,443,0,0,0,26,8,13,19,13,9,94,16,103,115,517,246,312,176,40,3,1521,0,0,0,0,0,0,0,0,0,4
79499,0,0,0,12,5,3,3,0,0,24,0,0,0,0,0,0,0,0,0,3,0,0,0,0,0,0,0,0,0,5,0,0,0,10,0,0,0,0,0,14,0,0,0,4,0,0,0,0,0,4,0,0,0,0,0,0,0,0,0,0,0,0,0,0,0,0,0,0,0,0,0,0,0,5,0,0,0,0,0,5,0,0,5,15,0,0,0,0,0,19,0,0,0,0,0,0,0,0,0,0,0,0,0,0,0,0,0,0,0,0,0,0,0,0,0,0,0,0,0,0,0,0,0,0,0,0,0,0,0,3,0,0,0,0,0,0,0,0,0,0,0,0,0,0,0,0,0,0,0,0,0,0,0,0,0,0,0,0,0,0,0,0,0,0,0,0,0,0,0,0,0,0,0,3,0,0,4,0,0,13,0,3,0,21,11,17,11,3,0,77,0,0,0,0,0,0,0,0,0,0
79799,0,0,0,0,0,0,0,0,0,0,0,0,0,0,0,0,0,0,0,0,0,0,0,0,0,0,0,0,0,0,0,0,0,0,0,0,0,0,0,0,0,0,0,0,0,0,0,0,0,5,0,0,0,0,0,0,0,0,0,0,0,0,0,0,0,0,0,0,0,0,0,0,0,0,0,0,0,0,0,0,0,0,0,0,0,0,0,0,0,0,0,0,0,0,0,0,0,0,0,0,0,0,0,0,0,0,0,0,0,0,0,0,0,0,0,0,0,0,0,0,0,0,0,0,0,0,0,0,0,0,0,0,0,0,0,0,0,0,0,0,0,0,0,0,0,0,0,0,0,0,0,0,0,0,0,0,0,0,0,0,0,0,0,0,0,0,0,0,0,0,0,0,0,0,0,0,0,0,0,0,0,0,0,0,0,0,0,0,0,7,0,0,0,0,0,0,0,0,0,0
8ACTE,11,46,103,379,248,266,542,448,168,2212,0,13,27,71,61,121,234,330,148,1000,9,90,245,766,219,293,210,45,17,1897,122,1014,1531,10976,1811,833,585,247,79,17188,13,109,137,587,188,119,104,47,20,1325,0,44,102,603,154,111,65,25,10,1109,0,54,91,306,121,91,49,17,6,727,3,72,53,277,114,118,122,102,38,904,4,26,34,246,148,283,501,444,223,1909,12,74,111,307,180,76,66,15,6,850,24,106,252,1560,348,156,66,32,4,2553,0,14,29,136,94,71,78,29,6,464,13,112,310,1037,455,439,313,129,43,2851,0,5,3,20,12,37,102,60,18,254,0,13,40,174,53,45,30,5,0,367,0,7,59,252,155,81,58,41,14,660,11,78,991,4427,102,42,30,13,0,5686,8,32,45,114,96,105,272,216,103,1001,42,295,545,1608,916,838,525,256,63,5096,0,5,17,135,64,98,115,33,9,475
89499,0,0,0,0,0,0,0,0,0,0,0,0,0,0,0,0,0,0,0,0,0,0,0,0,0,0,0,0,0,4,0,0,5,10,0,0,0,0,0,12,0,0,0,0,0,0,0,0,0,0,0,0,0,0,0,0,0,0,0,4,0,0,0,0,0,0,0,0,0,6,0,0,0,0,0,0,0,0,0,0,0,0,0,0,0,0,0,0,0,0,0,0,0,0,0,0,0,0,0,0,0,0,0,0,0,0,0,0,0,0,0,0,0,0,0,0,0,0,0,0,0,0,0,0,0,0,0,0,0,0,0,0,0,0,0,0,0,0,0,0,0,0,0,0,0,0,0,0,0,0,0,0,0,0,0,0,0,0,0,0,0,0,0,4,0,0,0,0,0,4,0,0,0,0,0,0,0,0,0,0,0,3,5,7,0,0,5,0,0,24,0,0,0,0,0,0,0,0,0,0
89799,0,0,0,0,0,0,0,0,0,0,0,0,0,0,0,0,0,0,0,0,0,0,0,0,0,0,0,0,0,0,0,0,0,0,0,0,0,0,0,0,0,0,0,0,0,0,0,0,0,0,0,0,0,0,0,0,0,0,0,0,0,0,0,0,0,0,0,0,0,0,0,0,0,0,0,0,0,0,0,0,0,0,0,0,0,0,0,0,0,0,0,0,0,0,0,0,0,0,0,0,0,0,0,0,0,0,0,0,0,0,0,0,0,0,0,0,0,0,0,0,0,0,0,0,0,0,0,0,0,0,0,0,0,0,0,0,0,0,0,0,0,0,0,0,0,0,0,0,0,0,0,0,0,0,0,0,0,0,0,0,0,0,0,0,0,0,0,0,0,0,0,0,0,0,0,0,0,0,0,0,0,0,0,0,0,0,0,0,0,0,0,0,0,0,0,0,0,0,0,0
9OTER,0,0,0,0,0,3,0,0,0,13,0,0,0,0,0,0,0,0,0,0,0,0,0,3,0,0,0,0,0,3,0,0,0,24,0,0,0,0,0,26,3,3,0,8,0,0,0,0,0,17,0,0,3,12,0,0,0,0,0,11,0,0,0,13,4,0,0,0,0,12,0,0,0,3,0,0,0,0,0,3,0,0,0,0,0,0,0,0,0,3,0,0,0,0,0,0,0,0,0,6,0,0,0,5,0,0,0,0,0,0,0,0,0,3,0,0,0,0,0,8,0,12,5,77,67,53,86,22,4,339,0,0,0,0,0,0,0,0,0,0,0,0,0,0,0,0,0,0,0,0,0,0,0,3,5,0,0,0,0,4,0,0,0,0,0,0,0,0,0,0,0,0,0,0,0,0,5,0,0,9,4,18,8,61,54,102,62,38,3,350,0,0,0,0,0,0,0,0,0,0
99499,0,0,0,0,0,0,0,0,0,0,0,0,0,0,0,0,0,0,0,0,0,0,0,0,0,0,0,0,0,0,0,0,0,0,0,0,0,0,0,0,0,0,0,0,0,0,0,0,0,0,0,0,0,0,0,0,0,0,0,0,0,0,0,0,0,0,0,0,0,0,0,0,0,0,0,0,0,0,0,0,0,0,0,0,0,0,0,0,0,0,0,0,0,0,0,0,0,0,0,0,0,0,0,0,0,0,0,0,0,0,0,0,0,0,0,0,0,0,0,0,0,0,0,0,0,0,0,0,0,0,0,0,0,0,0,0,0,0,0,0,0,0,0,0,0,0,0,0,0,0,0,0,0,0,0,0,0,0,0,0,0,0,0,0,0,0,0,0,0,0,0,0,0,0,0,0,0,0,0,0,0,0,0,0,0,0,0,0,0,0,0,0,0,0,0,0,0,0,0,0
99799,0,0,0,0,0,0,0,0,0,0,0,0,0,0,0,0,0,0,0,0,0,0,0,0,0,0,0,0,0,0,0,0,0,0,0,0,0,0,0,0,0,0,0,0,0,0,0,0,0,0,0,0,0,0,0,0,0,0,0,0,0,0,0,0,0,0,0,0,0,0,0,0,0,0,0,0,0,0,0,0,0,0,0,0,0,0,0,0,0,0,0,0,0,0,0,0,0,0,0,0,0,0,0,0,0,0,0,0,0,0,0,0,0,0,0,0,0,0,0,0,0,0,0,0,0,0,0,0,0,0,0,0,0,0,0,0,0,0,0,0,0,0,0,0,0,0,0,0,0,0,0,0,0,0,0,0,0,0,0,0,0,0,0,0,0,0,0,0,0,0,0,0,0,0,0,0,0,0,0,0,0,0,0,0,0,0,0,0,0,0,0,0,0,0,0,0,0,0,0,0
