SED_CODE_2021,POL_Tamil_UOLSE_NWorNAA,POL_Tamil_UOLSE_Tot,POL_Tamil_NS,POL_Tamil_Tot,POL_Thai_SEO,POL_Thai_UOLSE_VWorW,POL_Thai_UOLSE_NWorNAA,POL_Thai_UOLSE_Tot,POL_Thai_NS,POL_Thai_Tot,POL_Turkish_SEO,POL_Turkish_UOLSE_VWorW,POL_Turkish_UOLSE_NWorNAA,POL_Turkish_UOLSE_Tot,POL_Turkish_NS,POL_Turkish_Tot,POL_Vietnamese_SEO,POL_Vietnamese_UOLSE_VWorW,POL_Vietnamese_UOLSE_NWorNAA,POL_Vietnamese_UOLSE_Tot,POL_Vietnamese_NS,POL_Vietnamese_Tot,POL_Oth_SEO,POL_Oth_UOLSE_VWorW,POL_Oth_UOLSE_NWorNAA,POL_Oth_UOLSE_Tot,POL_Oth_NS,POL_Oth_Tot,POL_Tot_SEO,POL_Tot_UOLSE_VWorW,POL_Tot_UOLSE_NWorNAA,POL_Tot_UOLSE_Tot,POL_Tot_NS,POL_Tot_Tot,P_LUatH_NS_SEO,P_LUatH_NS_UOLSE_VWorW,P_LUatH_NS_UOLSE_NWorNAA,P_LUatH_NS_UOLSE_Tot,P_LUatH_NS_NS,P_LUatH_NS_Tot,P_Tot_SEO,P_Tot_UOLSE_VWorW,P_Tot_UOLSE_NWorNAA,P_Tot_UOLSE_Tot,P_Tot_NS,P_Tot_Tot
SED10001,0,57,0,58,..,100,16,109,0,109,..,4,4,5,0,5,..,73,16,87,0,94,..,801,168,970,28,999,..,4582,828,5406,85,5488,..,204,36,245,5246,5496,74011,4784,866,5651,5332,84989
SED10002,215,1867,17,1883,..,297,137,437,5,436,..,3278,1168,4443,23,4474,..,1771,667,2438,13,2453,..,5449,1760,7212,155,7364,..,60953,21614,82565,696,83260,..,947,367,1314,8797,10110,24451,61899,21985,83881,9492,117822
SED10003,4,13,0,13,..,179,29,205,0,205,..,15,0,15,6,21,..,57,16,76,0,79,..,999,78,1079,19,1105,..,5216,370,5588,72,5663,..,260,13,273,5931,6206,70544,5479,384,5856,6009,82405
SED10004,5,102,3,103,..,537,174,712,4,717,..,202,30,232,0,232,..,570,190,762,8,768,..,1448,134,1582,45,1623,..,15010,2230,17238,179,17417,..,288,41,325,3919,4248,61602,15299,2272,17565,4102,83273
SED10005,9,109,0,109,..,160,43,206,0,208,..,383,108,490,3,493,..,9100,5067,14160,95,14260,..,3196,701,3904,101,4006,..,47097,14167,61264,556,61824,..,494,152,644,7788,8438,24415,47590,14318,61908,8346,94669
SED10006,4,21,0,21,..,34,5,38,0,41,..,9,0,7,0,7,..,32,7,39,0,39,..,476,42,516,10,527,..,2047,217,2266,30,2289,..,189,10,206,9130,9342,62320,2241,229,2468,9161,73947
SED10007,7,92,4,91,..,86,44,127,0,127,..,8,0,9,0,9,..,94,21,116,0,116,..,601,54,663,19,676,..,3283,402,3692,54,3746,..,174,13,190,6043,6229,70515,3461,415,3880,6095,80490
SED10008,49,1758,14,1774,..,156,30,184,0,183,..,243,33,287,0,283,..,376,55,427,4,436,..,2081,204,2283,73,2362,..,33637,5118,38752,340,39091,..,344,65,412,1907,2315,47203,33979,5188,39162,2248,88614
SED10009,0,7,0,7,..,89,20,108,0,111,..,18,0,20,0,20,..,66,16,82,0,79,..,504,49,558,11,567,..,2511,266,2769,45,2817,..,182,10,193,5252,5437,68271,2688,272,2957,5296,76529
SED10010,190,1802,14,1813,..,159,43,197,3,202,..,578,190,767,0,765,..,240,73,317,0,317,..,4784,952,5738,125,5864,..,39344,5912,45254,413,45664,..,595,159,756,5289,6043,40552,39937,6070,46012,5696,92258
SED10011,0,18,0,18,..,132,25,154,0,156,..,16,0,21,0,21,..,118,19,137,3,146,..,903,101,1001,34,1035,..,4315,357,4666,70,4737,..,207,14,219,2341,2563,64968,4519,370,4889,2409,72271
SED10012,3,51,0,55,..,395,264,657,5,662,..,232,72,301,6,305,..,14215,9919,24128,147,24279,..,6611,2347,8955,84,9042,..,39693,20375,60077,421,60493,..,662,333,990,4456,5450,18486,40357,20709,61068,4880,84426
SED10013,16,321,4,320,..,245,55,302,7,305,..,315,44,362,0,364,..,614,187,801,15,816,..,4386,584,4970,90,5059,..,27134,3237,30372,357,30723,..,608,106,714,4365,5079,95460,27743,3344,31084,4718,131265
SED10014,9,201,3,205,..,272,92,360,6,367,..,53,16,64,0,64,..,524,167,692,12,705,..,2653,557,3210,52,3259,..,19441,2934,22371,223,22592,..,516,100,619,5104,5720,55566,19954,3037,22988,5325,83881
SED10015,9,123,0,123,..,448,158,600,12,613,..,338,78,418,0,426,..,2328,1020,3351,20,3370,..,2092,403,2494,73,2568,..,41009,13361,54374,478,54853,..,549,181,725,5394,6118,33092,41556,13542,55100,5875,94065
SED10016,42,1164,9,1170,..,171,33,204,0,208,..,214,22,236,0,236,..,318,50,366,0,369,..,2858,238,3100,80,3177,..,34241,4377,38612,354,38968,..,455,63,520,2214,2725,62212,34689,4438,39128,2563,103905
SED10017,0,75,0,75,..,130,44,169,0,169,..,14,4,15,0,16,..,64,57,121,0,122,..,497,97,598,20,618,..,3098,435,3530,56,3584,..,231,30,258,5178,5441,78727,3324,466,3785,5231,87750
SED10018,3,55,0,55,..,87,35,123,4,123,..,9,3,12,0,12,..,95,24,115,0,121,..,649,79,725,26,761,..,4172,546,4718,71,4785,..,238,19,255,2430,2685,68523,4404,564,4967,2500,75991
SED10019,0,3,0,3,..,61,16,74,6,76,..,7,0,7,0,7,..,26,4,30,0,33,..,545,45,594,15,604,..,1831,190,2015,36,2049,..,211,27,238,6632,6871,68764,2039,214,2251,6672,77685
SED10020,0,21,0,21,..,98,17,119,0,119,..,9,0,9,0,14,..,65,20,86,3,89,..,1612,699,2311,55,2364,..,5661,1456,7116,119,7229,..,270,43,316,4425,4740,66787,5931,1497,7429,4538,78759
SED10021,0,49,0,56,..,176,48,221,0,219,..,107,10,111,0,116,..,208,27,234,0,234,..,1772,115,1890,37,1927,..,14448,1305,15753,145,15896,..,261,21,283,4351,4632,62126,14711,1318,16030,4494,82648
SED10022,0,10,0,10,..,31,9,37,0,37,..,14,0,10,0,10,..,43,20,57,0,57,..,507,77,580,17,597,..,2168,463,2639,42,2681,..,185,10,188,5856,6048,63705,2357,473,2832,5897,72435
SED10023,0,8,0,8,..,139,16,162,0,163,..,46,0,48,0,48,..,130,20,146,0,146,..,779,82,862,28,891,..,6697,731,7429,91,7517,..,189,11,196,2407,2603,68263,6886,747,7627,2500,78388
SED10024,4,176,0,176,..,177,37,223,0,223,..,62,4,68,0,68,..,188,21,211,0,211,..,1997,153,2149,34,2185,..,20711,3397,24105,189,24297,..,218,37,248,1719,1968,54806,20927,3432,24360,1906,81071
SED10025,3,263,4,269,..,222,45,263,4,267,..,392,49,436,4,442,..,590,90,678,4,682,..,1259,219,1481,61,1538,..,25984,4667,30650,270,30923,..,297,64,360,3013,3376,47544,26279,4730,31015,3281,81835
SED10026,8,85,4,85,..,72,15,83,0,83,..,4,0,4,0,4,..,58,13,78,0,82,..,759,85,840,23,860,..,4467,466,4931,74,5005,..,259,20,272,7589,7865,69659,4728,480,5204,7659,82525
SED10027,4,73,0,73,..,175,44,220,5,227,..,162,22,183,0,182,..,4109,1817,5927,47,5976,..,1419,249,1668,43,1711,..,30068,6500,36574,304,36877,..,344,85,426,3870,4296,41845,30419,6585,37006,4174,83017
SED10028,55,1651,19,1673,..,167,31,200,0,200,..,112,9,119,0,119,..,471,58,531,5,535,..,1965,190,2158,53,2213,..,38497,6908,45409,356,45767,..,341,66,401,2399,2804,39875,38840,6966,45808,2759,88444
SED10029,7,55,0,55,..,280,143,421,4,426,..,415,99,508,4,518,..,10837,6726,17563,102,17666,..,10312,5630,15943,146,16087,..,44072,21671,65745,476,66216,..,886,501,1383,6047,7431,19759,44956,22171,67128,6517,93405
SED10030,0,85,6,88,..,223,58,283,0,283,..,55,4,55,0,55,..,107,29,136,0,136,..,1087,115,1198,42,1243,..,7249,1035,8285,108,8394,..,248,43,293,3997,4291,65852,7500,1074,8579,4106,78537
SED10031,3,25,0,25,..,97,25,123,0,125,..,30,3,35,0,35,..,61,20,78,0,76,..,616,77,689,14,702,..,3754,477,4234,51,4284,..,207,25,233,5413,5650,71838,3961,509,4469,5468,81771
SED10032,194,2562,27,2591,..,206,100,300,0,300,..,1556,468,2024,20,2043,..,934,372,1305,12,1318,..,9054,2040,11097,187,11284,..,53747,11709,65454,599,66056,..,910,332,1237,7911,9144,28867,54652,12038,66687,8510,104062
SED10033,0,39,0,38,..,89,11,99,3,106,..,32,0,36,0,36,..,58,17,77,0,77,..,1201,130,1335,19,1353,..,5382,686,6066,52,6124,..,220,18,241,3153,3395,68511,5603,712,6315,3205,78025
SED10034,10,65,0,65,..,149,29,180,0,180,..,48,5,50,0,50,..,149,23,165,0,169,..,747,101,848,22,869,..,6743,805,7551,83,7630,..,207,12,226,2178,2403,67660,6953,821,7773,2264,77692
SED10035,11,339,3,348,..,866,212,1076,8,1088,..,669,161,824,4,827,..,1139,236,1375,10,1381,..,2978,607,3587,89,3670,..,42431,6181,48609,435,49044,..,570,158,726,5978,6698,61618,43002,6333,49339,6406,117359
SED10036,20,498,6,504,..,157,24,185,3,187,..,740,162,909,6,909,..,2344,924,3267,23,3292,..,3079,566,3653,66,3715,..,34546,6359,40903,327,41227,..,462,104,570,4759,5329,43737,35009,6467,41472,5084,90295
SED10037,10,448,7,452,..,270,63,340,0,336,..,53,4,55,0,55,..,280,67,345,4,354,..,1709,180,1893,59,1945,..,21359,3422,24782,255,25035,..,320,44,364,1845,2211,56366,21678,3467,25140,2104,83609
SED10038,0,97,0,97,..,195,40,230,0,235,..,210,53,261,0,268,..,273,63,341,5,340,..,1047,160,1207,28,1231,..,9037,1223,10261,91,10347,..,269,32,305,2961,3260,68661,9311,1254,10567,3049,82275
SED10039,0,23,0,26,..,90,13,101,0,101,..,49,0,51,0,51,..,58,18,76,0,76,..,606,79,685,20,699,..,3489,368,3858,46,3906,..,202,16,216,4222,4439,70713,3695,378,4074,4268,79058
SED10040,10,217,3,220,..,465,130,600,5,605,..,107,15,125,0,125,..,680,157,829,4,833,..,1420,312,1728,79,1804,..,47910,12223,60133,497,60635,..,636,130,768,4176,4942,28145,48551,12352,60904,4682,93723
SED10041,9,511,0,511,..,181,36,222,0,222,..,77,3,75,0,80,..,293,47,337,0,336,..,1383,149,1531,57,1586,..,26809,4327,31129,285,31411,..,332,67,401,2147,2546,52862,27141,4394,31538,2425,86822
SED10042,0,26,0,26,..,113,50,162,0,161,..,20,0,20,0,20,..,66,13,84,0,83,..,682,90,775,30,808,..,3243,390,3638,53,3690,..,230,25,256,3178,3437,72588,3476,416,3887,3231,79707
SED10043,37,331,6,338,..,181,45,224,0,226,..,179,45,227,0,227,..,2697,1651,4344,21,4365,..,2974,869,3841,108,3942,..,51578,13193,64770,558,65325,..,763,238,1007,6767,7773,22912,52342,13433,65772,7330,96008
SED10044,7,275,0,277,..,387,80,471,0,470,..,193,8,203,0,203,..,364,47,409,4,415,..,2073,211,2286,64,2348,..,23770,3196,26963,313,27272,..,296,54,354,3394,3739,58178,24064,3247,27310,3699,89194
SED10045,0,14,0,14,..,101,12,116,0,116,..,5,0,5,0,5,..,62,21,81,3,86,..,701,79,785,24,809,..,3205,306,3511,60,3568,..,218,8,224,6194,6414,66769,3420,310,3734,6250,76751
SED10046,32,307,3,314,..,213,76,294,0,294,..,467,93,561,3,563,..,4734,2620,7356,53,7405,..,6871,1808,8677,89,8766,..,44763,12614,57375,476,57851,..,848,274,1128,6343,7473,31659,45609,12888,58503,6824,96982
SED10047,76,1048,18,1065,..,197,50,249,0,251,..,343,82,418,5,428,..,266,87,352,3,354,..,5336,780,6116,118,6233,..,31847,3854,35699,414,36115,..,598,124,720,8881,9605,74835,32445,3973,36416,9297,120554
SED10048,46,850,5,849,..,347,103,449,3,450,..,336,70,411,0,409,..,1088,384,1480,20,1500,..,4848,782,5625,122,5747,..,45562,5791,51358,526,51884,..,971,131,1097,5467,6567,53956,46531,5923,52455,5996,112411
SED10049,4,58,0,58,..,109,26,128,0,128,..,15,4,20,0,20,..,94,44,139,0,139,..,836,135,974,38,1013,..,4256,643,4897,69,4969,..,221,12,227,3312,3535,81723,4475,655,5129,3373,90226
SED10050,0,20,0,20,..,183,42,220,0,220,..,61,9,72,0,72,..,131,25,156,0,157,..,1912,152,2064,54,2116,..,11529,1034,12558,162,12718,..,298,29,327,2535,2863,67626,11826,1060,12885,2697,83208
SED10051,5,83,0,83,..,240,42,283,0,290,..,238,52,288,0,291,..,313,63,379,8,384,..,2374,295,2666,55,2722,..,23931,3517,27447,232,27685,..,462,65,529,5349,5880,54014,24392,3585,27978,5580,87573
SED10052,0,46,0,46,..,228,30,257,0,257,..,108,12,117,0,117,..,235,46,286,9,292,..,1057,150,1205,36,1246,..,14321,2054,16381,153,16533,..,262,31,290,2703,2994,60509,14586,2089,16674,2858,80039
SED10053,0,88,0,87,..,145,16,160,0,161,..,49,7,47,0,47,..,92,24,117,0,117,..,1190,125,1312,28,1342,..,8875,902,9778,104,9881,..,259,36,299,4647,4946,70142,9135,936,10077,4751,84972
SED10054,79,745,9,753,..,114,32,143,0,149,..,593,169,758,6,768,..,372,189,567,4,568,..,5901,1179,7084,120,7198,..,37878,5264,43138,404,43544,..,735,189,920,6181,7102,43833,38612,5446,44060,6586,94476
SED10055,7,206,0,206,..,112,43,160,4,164,..,423,67,492,9,497,..,1028,326,1355,3,1361,..,5533,835,6367,64,6436,..,23330,3214,26553,193,26742,..,498,101,602,2915,3518,57367,23834,3319,27150,3108,87629
SED10056,5,71,0,70,..,79,31,113,0,113,..,67,46,116,0,112,..,39,16,48,0,52,..,1212,201,1415,36,1448,..,7400,1815,9216,115,9328,..,261,47,306,7457,7768,68829,7656,1868,9521,7568,85919
SED10057,0,12,0,12,..,78,18,96,0,96,..,10,0,10,0,10,..,53,16,76,0,77,..,413,53,458,15,481,..,2303,247,2550,42,2595,..,226,24,250,4972,5224,67767,2528,273,2801,5012,75579
SED10058,0,44,0,45,..,115,27,138,0,138,..,27,3,32,0,28,..,173,76,247,3,256,..,898,125,1030,22,1047,..,5566,776,6345,78,6421,..,245,31,274,3627,3904,69343,5811,807,6616,3704,79670
SED10059,0,136,3,138,..,600,220,821,5,832,..,171,33,197,3,202,..,678,220,901,9,910,..,1416,118,1533,33,1566,..,16674,2827,19497,156,19658,..,281,47,327,4758,5081,55576,16956,2875,19831,4912,80313
SED10060,6,165,0,165,..,310,65,372,0,375,..,124,16,134,0,134,..,229,24,255,0,259,..,1454,112,1565,36,1599,..,15864,1574,17430,186,17621,..,257,16,272,3117,3395,57878,16118,1588,17707,3309,78893
SED10061,0,34,0,37,..,82,12,93,0,95,..,15,0,13,0,13,..,118,32,145,0,145,..,1046,312,1363,19,1380,..,3908,579,4490,56,4544,..,241,50,291,8745,9038,65953,4150,628,4779,8801,79541
SED10062,0,85,0,85,..,242,59,297,0,298,..,108,18,124,4,122,..,502,108,610,6,611,..,1071,160,1237,52,1282,..,27505,5616,33128,250,33371,..,346,55,397,3039,3440,42299,27848,5678,33523,3284,79109
SED10063,3,68,0,68,..,66,34,101,0,98,..,19,4,28,0,28,..,52,18,72,4,76,..,638,79,715,25,745,..,3585,461,4049,71,4116,..,189,21,213,5032,5247,71592,3779,482,4263,5100,80956
SED10064,0,0,0,0,..,71,8,85,0,88,..,0,0,0,0,0,..,17,6,26,0,27,..,583,59,636,26,664,..,2027,255,2279,50,2325,..,218,18,233,6192,6422,68855,2237,268,2510,6241,77605
SED10065,128,2278,29,2309,..,306,80,387,0,389,..,421,97,512,0,512,..,644,114,760,4,759,..,5441,777,6221,159,6378,..,53644,11030,64675,649,65323,..,563,185,750,5668,6425,40323,54207,11219,65424,6316,112070
SED10066,15,199,9,201,..,195,65,263,9,269,..,91,17,112,0,112,..,145,25,174,0,176,..,1656,198,1853,43,1901,..,9872,1337,11206,154,11365,..,295,47,337,4801,5134,68073,10167,1377,11550,4956,84578
SED10067,0,7,0,7,..,105,22,127,4,131,..,36,0,41,0,41,..,100,8,108,0,108,..,1016,82,1093,13,1109,..,6123,493,6615,79,6692,..,232,21,257,2775,3026,65550,6358,508,6869,2853,75271
SED10068,12,49,3,51,..,102,15,116,0,116,..,31,6,34,0,34,..,77,17,94,0,94,..,638,70,709,19,725,..,3002,301,3304,32,3342,..,190,12,204,3563,3765,73647,3191,314,3505,3595,80749
SED10069,0,15,0,13,..,105,30,138,0,138,..,17,3,24,0,24,..,56,23,81,0,81,..,536,75,614,8,618,..,2695,333,3024,31,3053,..,185,14,202,3811,4012,69358,2882,348,3228,3836,76424
SED10070,451,4327,41,4364,..,118,28,144,0,145,..,731,191,921,13,932,..,1516,750,2264,9,2273,..,9326,2634,11963,120,12077,..,41061,8620,49679,378,50058,..,717,288,1001,4131,5134,33413,41776,8902,50683,4511,88607
SED10071,141,2737,33,2771,..,207,45,253,9,264,..,269,52,322,0,322,..,237,55,292,4,291,..,6362,729,7089,178,7272,..,52746,5007,57753,588,58343,..,624,131,759,5048,5801,58185,53372,5141,58515,5635,122335
SED10072,4,118,0,116,..,631,185,819,8,824,..,444,59,499,3,503,..,1102,215,1323,11,1335,..,2315,683,2998,74,3070,..,41945,7199,49143,396,49540,..,624,190,819,5340,6161,38269,42570,7387,49959,5738,93963
SED10073,28,850,12,862,..,437,102,536,6,542,..,165,16,177,0,183,..,812,86,890,9,905,..,3733,570,4304,119,4421,..,44873,9484,54358,520,54881,..,429,120,547,3685,4236,40907,45301,9601,54907,4203,100021
SED10074,346,3640,38,3685,..,166,36,199,0,200,..,456,118,570,10,581,..,298,63,362,11,373,..,3789,490,4279,106,4390,..,31257,4461,35726,360,36086,..,409,97,501,3584,4084,46260,31672,4553,36229,3942,86432
SED10075,3,29,0,29,..,128,41,162,0,165,..,302,63,371,0,368,..,173,60,234,0,234,..,959,129,1092,28,1123,..,7914,1199,9112,103,9219,..,301,26,334,3653,3987,75300,8215,1230,9442,3762,88503
SED10076,0,29,0,32,..,112,33,139,0,139,..,13,4,13,0,13,..,64,19,82,0,89,..,650,74,726,14,746,..,3473,439,3908,61,3972,..,203,15,218,4610,4834,67856,3671,457,4125,4679,76660
SED10077,173,2624,23,2649,..,510,225,739,5,742,..,263,43,305,0,309,..,1946,327,2273,16,2287,..,3500,389,3881,94,3978,..,50518,11847,62360,478,62834,..,589,157,749,4825,5569,33821,51103,12000,63105,5295,102224
SED10078,12,216,0,217,..,485,203,690,7,698,..,296,84,380,4,384,..,1699,914,2613,16,2624,..,1408,184,1585,56,1644,..,22359,5927,28280,252,28532,..,346,87,433,3231,3665,48829,22702,6014,28715,3483,81026
SED10079,0,16,0,16,..,107,10,121,0,122,..,14,5,21,0,18,..,32,14,44,0,44,..,482,68,541,18,560,..,2195,267,2459,37,2502,..,180,13,188,2985,3175,68448,2376,274,2654,3017,74124
SED10080,3,146,5,145,..,2934,1477,4408,15,4422,..,199,23,222,0,225,..,868,107,980,0,982,..,1615,151,1770,34,1806,..,26676,4958,31637,199,31835,..,404,119,524,6563,7087,54481,27079,5082,32158,6759,93401
SED10081,4,36,0,36,..,49,19,64,0,70,..,12,0,12,0,6,..,213,147,357,0,358,..,771,104,878,27,904,..,3394,674,4069,74,4138,..,224,21,252,5763,6009,70710,3623,699,4317,5831,80856
SED10082,0,39,0,39,..,103,18,121,0,121,..,34,4,36,0,36,..,78,13,92,0,93,..,680,72,752,26,774,..,4166,445,4607,57,4664,..,241,24,264,3081,3345,69605,4407,467,4873,3140,77613
SED10083,0,16,0,16,..,113,22,136,4,143,..,24,0,24,0,23,..,78,14,87,3,92,..,713,106,815,27,840,..,4171,580,4748,69,4820,..,229,24,253,3633,3889,67297,4400,602,5000,3706,76009
SED10084,0,18,0,22,..,172,23,191,0,191,..,25,0,25,0,25,..,72,3,73,0,73,..,546,74,619,12,632,..,3714,359,4072,51,4122,..,255,26,276,4837,5109,71915,3966,382,4347,4890,81148
SED10085,11,37,0,37,..,85,19,106,0,107,..,8,0,11,0,11,..,51,15,69,0,66,..,437,65,498,7,510,..,2121,326,2447,27,2470,..,207,10,219,5314,5532,70820,2326,337,2669,5339,78827
SED10086,0,28,0,33,..,110,18,126,0,132,..,115,8,124,0,132,..,127,15,143,0,143,..,2442,120,2567,34,2602,..,14031,1104,15136,144,15281,..,302,20,319,4015,4336,60420,14331,1123,15454,4159,80036
SED10087,11,133,0,134,..,99,32,127,0,127,..,0,0,0,0,0,..,102,14,120,0,120,..,1735,625,2359,35,2394,..,5614,1078,6694,80,6778,..,247,34,278,4599,4872,70677,5859,1111,6972,4679,82326
SED10088,0,63,0,63,..,268,57,320,0,320,..,69,8,78,0,83,..,190,55,251,0,248,..,2391,419,2812,47,2859,..,15606,2144,17745,172,17917,..,351,51,402,2395,2801,62606,15953,2197,18150,2569,83325
SED10089,4,204,0,204,..,122,26,143,0,143,..,40,7,44,0,44,..,315,94,408,5,413,..,1536,272,1810,50,1857,..,9302,1541,10845,126,10970,..,289,52,340,3867,4202,71937,9595,1589,11182,3994,87111
SED10090,4,200,0,199,..,429,133,561,0,555,..,68,3,72,0,72,..,356,40,400,3,400,..,1629,215,1847,65,1904,..,25793,4962,30754,265,31022,..,290,60,351,2582,2932,52899,26078,5023,31099,2847,86851
SED10091,3,17,0,17,..,89,21,113,0,113,..,62,4,65,0,66,..,75,17,88,0,90,..,831,111,942,20,958,..,4783,512,5292,63,5356,..,221,18,243,3677,3917,73888,5005,529,5535,3739,83158
SED10092,0,78,0,76,..,221,71,291,5,294,..,472,136,609,0,608,..,493,179,668,4,671,..,1819,439,2262,37,2297,..,15926,3630,19560,144,19707,..,325,78,408,4217,4625,60971,16252,3712,19964,4364,85299
SED10093,4,51,0,51,..,147,33,186,0,183,..,39,3,37,0,37,..,106,31,141,0,141,..,997,116,1118,27,1146,..,5051,699,5749,80,5824,..,263,19,287,4418,4706,72005,5318,718,6031,4495,82534
SED19494,0,13,0,14,..,10,3,14,0,16,..,12,4,11,0,11,..,25,16,39,0,39,..,171,32,203,4,205,..,966,159,1125,25,1150,..,35,6,40,3764,3803,6417,1003,162,1166,3781,11371
SED19797,0,0,0,0,..,0,0,0,0,0,..,0,0,0,0,0,..,0,0,0,0,0,..,0,0,0,0,0,..,0,0,0,0,0,..,0,0,0,0,0,0,0,0,0,0,0
SED20106,11,283,7,281,..,287,51,335,0,335,..,232,35,267,0,268,..,584,86,666,3,676,..,1893,202,2089,48,2138,..,20602,2245,22842,201,23045,..,288,35,329,4597,4922,52980,20889,2281,23174,4797,80946
SED20207,47,1320,19,1339,..,247,50,296,0,300,..,187,29,212,3,211,..,1281,441,1720,18,1741,..,6051,798,6857,148,7002,..,40676,5706,46380,563,46944,..,519,80,603,4528,5133,56453,41197,5789,46985,5094,108534
SED20302,89,989,14,1000,..,163,30,194,3,197,..,133,23,156,0,158,..,248,72,323,4,325,..,4058,796,4850,93,4941,..,24950,3022,27976,355,28337,..,576,96,673,5651,6324,81160,25527,3119,28653,6011,115817
SED20401,20,284,4,289,..,174,17,186,0,186,..,31,9,37,0,37,..,393,134,524,6,532,..,1217,322,1546,60,1604,..,11416,2261,13678,209,13888,..,245,28,274,2453,2724,48066,11660,2295,13956,2658,64685
SED20508,0,11,0,11,..,59,4,60,0,60,..,41,0,45,0,45,..,61,14,73,0,77,..,642,49,690,22,710,..,3006,307,3313,62,3374,..,138,8,146,3305,3451,64516,3146,313,3462,3364,71339
SED20604,4,18,0,18,..,50,10,62,0,62,..,6,0,6,0,6,..,124,92,215,0,216,..,736,198,938,19,957,..,3142,557,3701,59,3761,..,192,39,227,3798,4028,62617,3335,594,3930,3862,70404
SED20704,0,53,0,53,..,52,13,67,0,67,..,15,3,20,0,20,..,62,14,74,5,72,..,1109,470,1578,36,1614,..,3871,767,4636,74,4705,..,156,31,183,3431,3623,63791,4027,793,4823,3504,72117
SED20804,3,37,0,38,..,41,7,50,0,50,..,16,0,16,0,16,..,77,29,107,0,108,..,812,467,1282,19,1297,..,2845,706,3550,50,3598,..,188,32,220,4403,4624,55534,3037,736,3769,4450,63757
SED20906,4,303,4,307,..,127,19,147,0,147,..,102,16,118,5,122,..,475,75,552,0,555,..,2240,175,2420,53,2469,..,18225,2749,20968,184,21157,..,261,40,301,1857,2152,43466,18487,2782,21269,2039,66780
SED21001,7,285,7,287,..,167,39,204,0,204,..,46,5,55,0,55,..,674,155,825,3,827,..,1041,132,1177,41,1216,..,22172,6645,28819,254,29076,..,186,38,221,2661,2883,41485,22357,6682,29038,2912,73444
SED21106,3,67,0,66,..,83,8,91,0,88,..,130,9,132,0,138,..,165,18,191,0,191,..,1181,85,1267,25,1293,..,9049,1061,10109,97,10209,..,200,24,222,2416,2639,49358,9250,1091,10336,2512,62206
SED21203,30,313,3,309,..,108,48,157,0,157,..,5793,2056,7854,52,7911,..,974,521,1498,6,1500,..,5137,1938,7078,85,7162,..,36197,9240,45440,428,45865,..,725,274,1001,5409,6409,22106,36925,9513,46438,5835,74380
SED21303,7,123,0,126,..,112,15,125,0,126,..,465,122,583,7,587,..,514,137,646,8,655,..,1306,188,1496,36,1532,..,16265,2985,19254,168,19423,..,264,39,296,2243,2544,52337,16529,3022,19547,2411,74300
SED21401,11,250,0,250,..,102,15,117,0,117,..,176,21,204,0,204,..,469,76,549,7,556,..,1156,155,1314,39,1354,..,27885,5818,33700,266,33971,..,268,52,320,1818,2134,31010,28155,5868,34022,2084,67111
SED21503,33,517,4,522,..,113,27,136,4,141,..,120,16,138,0,138,..,805,182,990,3,993,..,1409,182,1591,43,1639,..,16583,3273,19856,193,20047,..,237,41,274,2047,2328,38561,16827,3313,20134,2241,60935
SED21608,4,58,0,59,..,47,10,57,0,59,..,18,3,22,0,22,..,65,9,75,3,76,..,702,69,769,16,791,..,3512,335,3851,57,3911,..,180,14,196,3532,3724,59790,3691,352,4042,3592,67425
SED21706,18,374,3,377,..,150,20,173,0,173,..,67,9,79,0,80,..,738,137,877,3,887,..,1340,144,1488,31,1520,..,19312,3568,22882,186,23070,..,258,41,299,2219,2520,43269,19573,3611,23181,2408,68864
SED21805,22,299,0,303,..,187,42,227,0,226,..,161,30,192,0,195,..,231,52,288,4,293,..,1377,201,1580,30,1616,..,8736,1168,9899,126,10024,..,245,20,270,2729,2998,57818,8980,1186,10166,2857,70841
SED21906,8,208,9,218,..,114,22,135,0,135,..,69,13,81,0,80,..,276,32,310,5,318,..,3954,278,4230,71,4301,..,15611,1801,17415,174,17591,..,278,36,312,2634,2942,47252,15888,1843,17727,2808,67787
SED22005,30,768,3,776,..,214,112,322,5,324,..,192,67,252,3,261,..,3466,1901,5366,35,5403,..,3152,673,3823,60,3884,..,33127,9366,42493,407,42901,..,406,153,561,2999,3561,29505,33534,9522,43054,3405,75965
SED22105,168,2261,35,2298,..,248,66,311,0,312,..,472,81,551,5,560,..,525,191,714,3,716,..,10063,2389,12457,198,12648,..,46593,6755,53353,632,53982,..,983,253,1236,5401,6640,67267,47579,7011,54587,6036,127892
SED22201,7,125,4,127,..,111,20,132,0,131,..,23,3,32,0,32,..,163,36,199,0,201,..,1980,937,2915,49,2962,..,8598,2056,10657,114,10770,..,221,71,294,1691,1988,49078,8821,2130,10946,1810,61836
SED22305,392,2400,32,2427,..,104,32,137,0,140,..,505,138,643,4,645,..,1591,803,2389,17,2405,..,11019,3743,14757,154,14915,..,35915,9356,45269,429,45695,..,872,381,1258,5007,6262,24380,36787,9736,46529,5432,76335
SED22404,3,9,0,9,..,53,8,58,0,58,..,19,0,17,0,17,..,43,9,54,3,55,..,442,48,487,16,500,..,2104,206,2313,32,2341,..,135,6,142,4244,4387,55644,2236,211,2453,4271,62365
SED22501,3,75,0,77,..,67,7,78,0,78,..,93,18,107,0,109,..,104,11,118,0,118,..,638,88,722,27,747,..,6414,637,7051,89,7139,..,162,11,167,1324,1490,51184,6574,647,7223,1410,59815
SED22607,7,152,4,153,..,130,23,159,0,161,..,535,78,616,3,617,..,992,325,1315,12,1326,..,2246,394,2639,48,2688,..,15154,2413,17570,184,17757,..,268,33,299,2705,3009,49243,15424,2451,17871,2889,70008
SED22704,0,25,0,25,..,92,36,126,0,126,..,44,6,55,0,55,..,28,17,51,0,51,..,497,61,558,16,569,..,2723,405,3129,47,3173,..,180,6,187,5471,5660,59555,2904,412,3316,5516,68383
SED22802,4,49,0,45,..,75,8,85,0,85,..,20,0,23,0,23,..,80,9,92,0,90,..,1027,313,1343,21,1366,..,5015,836,5854,55,5904,..,162,27,188,1576,1759,53185,5178,863,6038,1633,60851
SED22901,20,607,0,607,..,114,14,121,0,122,..,57,9,63,0,63,..,319,106,417,5,423,..,1043,166,1207,38,1251,..,16435,2972,19407,207,19613,..,215,36,254,1669,1920,38568,16651,3010,19663,1875,60096
SED23007,47,305,3,307,..,220,36,256,0,256,..,544,153,698,7,702,..,9232,4129,13363,106,13466,..,5127,992,6120,93,6207,..,31703,8903,40603,404,41006,..,434,126,556,4584,5143,37635,32134,9028,41159,4991,83789
SED23101,30,678,3,680,..,130,25,155,0,155,..,50,6,57,0,57,..,711,203,916,0,914,..,1037,137,1173,35,1210,..,22521,4976,27493,260,27751,..,209,40,250,1579,1829,31821,22726,5013,27741,1840,61409
SED23205,4,53,0,49,..,129,20,141,0,147,..,38,5,45,0,45,..,102,20,121,0,121,..,1013,161,1178,25,1205,..,5992,939,6936,80,7015,..,250,22,263,3799,4064,51918,6240,961,7202,3876,62994
SED23308,10,121,5,123,..,84,21,104,0,104,..,39,4,51,0,51,..,132,36,172,0,171,..,929,125,1054,34,1085,..,6168,708,6869,92,6963,..,150,15,169,2892,3055,57040,6315,721,7038,2984,67063
SED23402,36,494,7,496,..,104,22,125,3,128,..,70,10,78,0,78,..,132,28,159,3,165,..,2273,306,2580,66,2638,..,13277,1484,14759,175,14937,..,301,41,351,3542,3889,65481,13579,1525,15104,3722,84305
SED23502,3,41,0,40,..,42,43,84,0,86,..,14,0,14,0,14,..,88,51,133,0,133,..,350,50,392,10,410,..,2040,298,2335,30,2364,..,147,18,168,4566,4732,56804,2191,318,2501,4599,63901
SED23602,4,60,0,54,..,41,11,48,0,48,..,5,0,5,0,5,..,69,38,103,3,109,..,418,44,462,11,476,..,2241,292,2535,35,2566,..,138,14,150,4730,4877,52772,2377,306,2684,4766,60218
SED23702,0,5,0,5,..,113,18,131,3,134,..,20,0,22,0,22,..,48,14,61,0,61,..,585,99,679,15,695,..,2942,365,3309,37,3344,..,173,17,194,3002,3192,65601,3118,385,3499,3039,72135
SED23806,6,267,3,267,..,176,20,192,0,192,..,63,4,66,0,66,..,578,88,665,7,673,..,857,71,925,19,938,..,13072,1633,14706,102,14806,..,161,13,177,1948,2125,47489,13231,1648,14882,2047,64418
SED23901,16,368,0,371,..,153,18,168,0,170,..,89,9,99,3,100,..,506,111,624,6,627,..,1847,219,2071,54,2121,..,14825,2174,17000,162,17162,..,262,26,287,2116,2406,48073,15088,2206,17287,2279,67639
SED24006,3,302,0,302,..,98,14,105,0,105,..,85,8,96,3,97,..,905,143,1048,5,1049,..,723,71,795,28,822,..,19536,3628,23165,162,23325,..,198,30,224,1635,1855,38846,19738,3650,23388,1798,64029
SED24105,36,715,0,717,..,238,132,367,0,369,..,755,183,938,4,943,..,6790,3666,10455,67,10520,..,3276,740,4015,64,4077,..,32613,11429,44047,332,44378,..,615,261,871,2433,3299,28264,33228,11689,44915,2762,75941
SED24207,74,816,6,820,..,215,42,252,0,256,..,890,201,1090,3,1099,..,8748,4402,13148,116,13267,..,8909,2010,10921,134,11060,..,46717,10482,57201,523,57721,..,700,230,927,6853,7790,36267,47416,10710,58132,7377,101777
SED24308,26,206,0,207,..,132,39,181,6,183,..,156,46,195,0,195,..,287,159,447,0,453,..,2550,1001,3552,47,3598,..,10704,2570,13273,137,13413,..,275,69,337,4953,5291,51803,10974,2637,13609,5089,70504
SED24408,4,18,0,17,..,49,7,54,3,53,..,13,3,19,0,21,..,44,5,48,0,50,..,445,208,650,13,669,..,1925,316,2248,41,2287,..,119,20,142,3538,3678,52500,2048,340,2382,3579,58458
SED24504,0,7,0,7,..,52,3,55,0,55,..,53,0,52,0,52,..,47,16,56,0,56,..,602,63,665,11,669,..,2805,282,3089,40,3127,..,126,6,132,3447,3583,58334,2936,285,3222,3483,65038
SED24606,5,148,0,154,..,109,22,124,5,130,..,65,3,71,0,71,..,312,48,363,7,362,..,984,74,1062,32,1089,..,11504,1457,12957,134,13092,..,144,13,156,2106,2263,44798,11650,1468,13115,2237,60148
SED24703,44,916,9,923,..,1352,362,1713,5,1718,..,315,52,369,7,370,..,2375,422,2794,15,2811,..,4104,467,4570,88,4657,..,49129,6556,55685,322,56005,..,439,80,522,9058,9579,58624,49570,6635,56203,9379,124206
SED24808,48,394,4,404,..,137,23,156,0,156,..,296,43,334,5,338,..,527,256,785,8,787,..,5125,1152,6282,116,6399,..,21585,3274,24858,344,25206,..,551,143,697,5597,6291,66185,22134,3416,25555,5946,97680
SED24904,21,108,3,109,..,130,160,285,8,294,..,282,153,434,0,440,..,272,355,625,18,640,..,1365,476,1841,34,1871,..,6195,2607,8801,129,8932,..,248,61,308,5087,5395,52451,6446,2670,9108,5213,66771
SED25003,73,899,8,904,..,88,15,105,0,105,..,273,53,322,0,322,..,679,259,939,12,951,..,2332,364,2696,47,2742,..,25878,3807,29688,300,29993,..,447,98,549,2899,3448,37981,26329,3907,30234,3202,71427
SED25102,0,29,0,32,..,70,19,86,0,86,..,20,0,20,0,20,..,53,3,57,0,59,..,908,151,1064,29,1089,..,3533,425,3953,61,4011,..,194,28,220,1653,1876,52502,3724,452,4174,1709,58387
SED25205,16,228,4,232,..,97,16,112,0,113,..,240,35,275,4,279,..,236,40,284,3,286,..,1090,107,1193,29,1222,..,9562,1245,10807,120,10931,..,200,12,212,1854,2066,52807,9762,1259,11026,1972,65798
SED25302,0,25,0,25,..,66,5,72,0,72,..,22,0,26,0,26,..,52,13,62,0,62,..,534,59,592,12,599,..,3263,287,3554,40,3593,..,171,12,179,2311,2495,59176,3432,301,3734,2347,65261
SED25402,0,44,0,44,..,60,16,76,3,76,..,17,3,19,0,19,..,79,30,103,3,114,..,877,186,1064,31,1091,..,3864,600,4467,59,4531,..,193,35,225,4704,4931,58797,4052,635,4691,4770,68256
SED25501,52,1543,3,1548,..,158,23,180,0,180,..,70,6,74,0,74,..,843,157,992,3,999,..,1575,158,1736,29,1765,..,30566,6043,36611,210,36822,..,228,52,273,2103,2377,26462,30799,6091,36889,2310,65663
SED25605,40,834,7,846,..,123,26,153,0,156,..,250,72,322,0,322,..,2537,1084,3622,26,3648,..,2669,628,3298,59,3352,..,27675,6197,33870,284,34158,..,373,113,482,2510,2988,26494,28045,6306,34355,2794,63639
SED25704,0,22,0,22,..,52,10,56,0,56,..,8,0,7,0,7,..,110,95,207,0,206,..,400,86,491,19,508,..,2832,616,3441,66,3508,..,214,30,240,4533,4776,56484,3042,643,3687,4597,64766
SED25802,5,38,0,38,..,91,20,113,0,114,..,22,0,19,0,19,..,82,36,117,0,117,..,748,79,827,18,840,..,3243,449,3695,42,3741,..,178,10,192,4502,4686,68732,3421,464,3883,4546,77157
SED25905,67,830,5,837,..,94,27,125,0,129,..,381,93,467,0,467,..,456,145,605,3,608,..,6110,1502,7614,88,7701,..,23871,4460,28333,253,28585,..,546,138,687,3147,3828,35572,24421,4599,29020,3394,67990
SED26005,113,1448,13,1465,..,138,24,168,3,167,..,295,67,362,3,367,..,649,288,926,10,932,..,8343,2386,10728,120,10849,..,31362,5795,37156,340,37492,..,703,229,928,3296,4226,44783,32066,6019,38086,3628,86498
SED26102,0,11,0,11,..,70,7,77,0,77,..,33,8,40,0,40,..,31,3,35,0,35,..,417,49,464,16,480,..,3654,419,4071,73,4141,..,163,5,174,4647,4817,58001,3817,424,4241,4717,66960
SED26207,3,144,0,145,..,110,19,132,0,132,..,277,50,321,5,330,..,1325,398,1724,5,1733,..,1453,159,1612,23,1637,..,16362,2709,19073,149,19227,..,257,38,295,1751,2044,40529,16618,2754,19368,1901,61796
SED26303,3,58,0,58,..,99,14,110,0,110,..,104,15,118,5,119,..,539,185,717,9,728,..,974,104,1081,32,1104,..,12067,2616,14679,126,14803,..,220,29,250,2026,2274,50190,12288,2642,14928,2148,67269
SED26406,29,718,7,729,..,197,42,244,0,247,..,59,6,65,0,66,..,946,156,1102,5,1108,..,2368,232,2598,55,2649,..,27104,4285,31391,287,31674,..,248,46,293,2691,2987,38471,27351,4335,31686,2970,73129
SED26504,6,47,0,47,..,85,33,117,5,119,..,3,0,6,0,8,..,28,9,34,0,34,..,374,57,426,15,442,..,2980,535,3507,54,3561,..,163,17,184,3595,3774,52374,3137,553,3696,3649,59712
SED26603,17,221,0,229,..,165,31,190,0,190,..,1504,377,1880,16,1901,..,656,167,825,3,828,..,2016,284,2299,74,2373,..,25133,4038,29177,322,29501,..,388,60,448,3381,3826,46158,25524,4100,29628,3698,79479
SED26708,0,14,0,14,..,42,9,53,3,51,..,12,0,12,0,12,..,43,10,56,0,56,..,451,64,521,16,538,..,2174,420,2594,46,2643,..,121,9,133,4001,4137,58514,2294,434,2725,4050,65296
SED26806,8,191,4,196,..,249,44,294,5,295,..,204,51,255,0,255,..,374,54,429,4,435,..,1568,160,1725,32,1754,..,15303,2006,17313,142,17450,..,203,24,224,4708,4933,51177,15505,2029,17533,4847,73559
SED26903,20,266,6,274,..,144,29,172,0,172,..,200,48,248,0,248,..,1353,538,1891,7,1901,..,1991,309,2305,58,2362,..,21366,5002,26367,234,26605,..,274,66,341,3265,3610,39127,21639,5065,26706,3504,69342
SED27003,0,88,0,88,..,176,34,206,0,211,..,173,49,222,0,223,..,1708,1146,2857,24,2880,..,1917,329,2240,54,2298,..,12227,3326,15557,168,15723,..,260,40,296,3806,4102,55846,12485,3364,15854,3972,75675
SED27101,17,215,6,219,..,165,26,189,0,189,..,59,10,71,0,71,..,446,147,595,10,599,..,1614,789,2400,63,2467,..,15769,3755,19527,244,19771,..,269,86,358,1825,2183,43594,16039,3845,19882,2068,65551
SED27208,0,51,0,46,..,46,8,58,0,58,..,10,4,12,0,12,..,41,17,61,3,61,..,541,61,606,14,622,..,2710,375,3081,42,3119,..,155,13,167,5680,5850,58984,2863,390,3251,5721,67957
SED27305,26,612,0,614,..,85,12,101,0,103,..,70,15,83,3,87,..,383,118,498,0,498,..,1208,146,1357,36,1390,..,13861,2158,16021,134,16162,..,213,44,261,1195,1454,37835,14076,2201,16278,1333,55451
SED27406,0,67,0,67,..,79,6,86,0,92,..,207,35,239,5,241,..,117,20,130,0,130,..,946,91,1039,24,1066,..,8414,1053,9466,104,9566,..,179,19,198,1812,2008,52333,8588,1073,9662,1915,63903
SED27504,14,158,0,164,..,124,36,159,0,163,..,354,124,481,0,484,..,80,29,109,8,112,..,2009,740,2752,54,2798,..,9617,2415,12031,172,12200,..,286,66,355,5231,5585,56810,9902,2484,12384,5404,74598
SED27608,0,125,0,125,..,95,16,107,0,109,..,48,6,52,0,52,..,176,28,210,3,210,..,1213,148,1360,38,1402,..,8482,747,9225,123,9339,..,258,24,281,3233,3511,79605,8737,763,9501,3353,92460
SED27708,6,29,0,29,..,88,21,104,0,104,..,13,0,17,4,18,..,89,57,146,3,153,..,408,55,469,20,483,..,2246,373,2620,55,2674,..,174,12,191,3798,3988,59237,2420,383,2806,3858,65902
SED27807,79,385,4,394,..,123,32,158,3,162,..,407,141,547,4,546,..,11613,7049,18665,145,18809,..,5766,1574,7336,94,7434,..,34176,12516,46693,395,47087,..,451,167,619,5432,6050,22249,34624,12686,47306,5828,75388
SED27907,0,63,0,63,..,151,27,172,0,176,..,439,78,521,6,523,..,190,42,229,4,233,..,1430,267,1692,27,1722,..,10330,1388,11723,116,11834,..,221,23,245,2584,2827,51661,10552,1418,11964,2702,66327
SED28007,35,534,4,537,..,116,16,133,0,133,..,896,138,1040,3,1042,..,2186,1017,3203,23,3221,..,4317,614,4935,68,5001,..,30525,4470,34996,242,35236,..,503,93,595,2543,3144,41731,31024,4565,35589,2790,80110
SED28107,116,1911,31,1946,..,239,58,298,3,299,..,187,28,215,0,215,..,1174,440,1613,17,1627,..,12379,1861,14241,276,14520,..,69184,7946,77134,1055,78188,..,967,211,1180,8090,9272,46845,70145,8165,78312,9143,134306
SED28203,110,904,13,916,..,102,34,134,3,139,..,996,292,1288,9,1292,..,2578,1238,3818,27,3850,..,3622,645,4273,94,4366,..,42107,9043,51153,482,51636,..,628,178,807,3527,4334,26540,42738,9223,51957,4011,82511
SED28301,5,170,0,170,..,52,8,61,0,64,..,69,18,87,0,87,..,220,54,274,6,282,..,682,104,786,44,830,..,19770,3851,23622,222,23843,..,196,37,232,1591,1821,37615,19970,3885,23850,1811,63284
SED28408,0,77,0,77,..,72,8,79,0,85,..,7,0,7,0,7,..,104,15,117,0,117,..,614,74,689,25,715,..,4050,424,4475,62,4536,..,177,15,198,2890,3088,55244,4231,444,4676,2952,62869
SED28507,59,1106,22,1125,..,182,58,241,6,247,..,79,11,95,0,95,..,552,167,720,9,732,..,7520,2209,9729,177,9908,..,27944,4620,32563,439,32996,..,578,171,749,5010,5759,52139,28521,4789,33312,5453,90901
SED28607,7,106,0,105,..,164,25,193,4,197,..,104,16,125,0,126,..,1278,458,1736,20,1752,..,1656,245,1907,43,1948,..,14106,2824,16930,166,17091,..,288,56,338,2633,2976,54236,14393,2874,17268,2799,74303
SED28704,31,551,10,553,..,149,25,176,3,178,..,318,43,363,0,363,..,224,41,270,3,273,..,2320,318,2634,90,2722,..,19412,1951,21367,300,21665,..,380,47,430,3419,3851,76889,19787,2001,21794,3720,102403
SED28803,40,696,16,710,..,193,54,247,3,252,..,5795,1165,6961,43,7004,..,411,168,579,3,582,..,12262,3998,16258,217,16475,..,62756,10938,73691,814,74503,..,1280,401,1686,5556,7243,49711,64038,11340,75379,6370,131466
SED29494,0,6,0,6,..,7,0,7,0,7,..,25,13,32,0,35,..,32,14,42,0,42,..,187,40,227,6,229,..,794,171,962,15,977,..,37,7,45,3575,3624,4485,834,179,1012,3592,9089
SED29797,0,0,0,0,..,0,0,0,0,0,..,0,0,0,0,0,..,0,0,0,0,0,..,0,0,0,0,0,..,5,0,5,0,5,..,0,0,0,27,27,13,5,0,5,27,38
SED30001,28,375,0,379,..,102,18,121,0,121,..,75,17,97,3,98,..,1217,409,1620,22,1648,..,2696,551,3249,80,3326,..,20123,3851,23970,305,24278,..,410,91,507,2644,3145,35124,20531,3946,24475,2944,62550
SED30002,11,194,6,198,..,77,12,86,0,85,..,28,7,36,0,36,..,153,29,178,0,178,..,1150,126,1276,36,1309,..,9285,1018,10301,110,10408,..,227,23,249,1414,1664,42595,9511,1038,10549,1527,54666
SED30003,5,68,0,71,..,93,8,104,4,109,..,15,3,19,0,19,..,89,22,114,0,114,..,1030,101,1134,33,1168,..,6416,646,7060,85,7143,..,234,26,256,2553,2811,49385,6645,669,7317,2638,59341
SED30004,0,37,3,37,..,169,25,191,0,191,..,13,3,11,0,11,..,74,0,76,0,77,..,1277,90,1369,29,1391,..,5709,453,6160,73,6241,..,253,28,279,3512,3788,46617,5960,483,6443,3588,56646
SED30005,0,75,0,71,..,239,37,277,0,279,..,116,17,136,0,136,..,235,52,284,0,286,..,1462,253,1712,27,1738,..,9492,1515,11008,92,11103,..,361,36,397,3655,4048,41320,9855,1551,11405,3745,56471
SED30006,0,29,0,29,..,110,14,130,0,130,..,57,12,62,0,67,..,98,15,114,0,113,..,667,47,717,7,726,..,4737,678,5416,35,5448,..,256,23,277,2712,2981,40960,4994,696,5694,2743,49398
SED30007,0,25,0,25,..,124,20,142,3,143,..,13,3,10,0,10,..,139,31,168,0,166,..,560,36,596,8,606,..,3995,337,4332,64,4392,..,143,13,160,2402,2561,48797,4141,346,4490,2461,55756
SED30008,0,50,0,50,..,137,27,168,0,165,..,35,4,40,0,40,..,124,34,162,0,161,..,876,72,949,22,971,..,6433,609,7048,89,7138,..,169,20,194,1947,2140,48397,6607,635,7242,2041,57671
SED30009,0,24,0,25,..,71,58,125,0,125,..,41,17,66,0,66,..,119,54,171,0,178,..,461,85,545,10,560,..,2556,576,3136,43,3175,..,142,26,172,2960,3135,44246,2704,603,3311,2998,50553
SED30010,16,140,0,143,..,122,29,153,0,159,..,31,5,39,0,39,..,694,390,1087,9,1089,..,3666,635,4306,71,4378,..,12337,2004,14337,172,14512,..,501,70,574,4668,5241,51743,12832,2078,14918,4837,71499
SED30011,4,20,0,20,..,67,21,88,0,87,..,11,0,16,0,16,..,91,50,149,0,151,..,667,120,785,33,822,..,2718,451,3172,68,3245,..,183,14,194,7906,8099,44608,2900,461,3369,7974,55948
SED30012,0,16,0,14,..,91,10,101,0,98,..,41,3,42,0,42,..,55,12,75,0,75,..,634,71,701,13,715,..,4277,532,4812,53,4858,..,164,18,182,2734,2911,42549,4446,545,4987,2788,50324
SED30013,0,15,0,15,..,46,67,109,0,113,..,8,0,8,0,8,..,44,36,79,0,79,..,394,57,453,9,460,..,1651,289,1937,32,1969,..,135,22,151,3351,3501,44630,1783,310,2096,3380,50105
SED30014,3,57,0,57,..,181,40,223,3,226,..,20,6,29,0,29,..,181,47,228,0,231,..,2580,382,2958,66,3025,..,9322,1580,10902,150,11047,..,566,107,671,6396,7070,40823,9885,1684,11567,6546,58940
SED30015,9,33,0,33,..,32,10,42,0,42,..,4,0,4,0,4,..,43,18,56,0,56,..,339,62,402,13,412,..,1795,320,2114,42,2156,..,105,15,117,5480,5599,43288,1898,337,2226,5523,51039
SED30016,0,13,0,13,..,83,18,106,0,106,..,12,0,12,0,12,..,45,12,60,0,61,..,544,48,589,12,602,..,3149,275,3423,43,3461,..,176,9,187,2456,2643,50101,3327,284,3608,2496,56213
SED30017,0,58,0,60,..,89,13,94,0,94,..,27,0,32,0,34,..,75,15,90,0,89,..,754,97,849,24,872,..,3974,416,4391,66,4455,..,175,6,181,1793,1973,45069,4147,425,4573,1857,51498
SED30018,12,149,4,149,..,88,6,97,0,100,..,34,4,33,0,33,..,209,48,262,0,260,..,776,104,884,19,906,..,8589,1006,9597,98,9695,..,173,14,186,1253,1436,40572,8763,1020,9783,1351,51712
SED30019,5,93,0,93,..,178,32,208,0,213,..,27,0,26,0,26,..,176,41,214,0,214,..,980,80,1062,24,1086,..,7891,749,8643,93,8733,..,205,19,223,2526,2743,46660,8099,770,8868,2616,58142
SED30020,0,13,0,13,..,23,0,21,0,21,..,0,0,0,0,0,..,17,4,22,0,22,..,459,81,537,18,560,..,2001,260,2257,38,2297,..,126,21,140,3238,3381,49626,2126,273,2402,3277,55300
SED30021,3,11,0,11,..,88,15,100,0,106,..,7,0,7,0,7,..,32,14,42,3,41,..,8990,1476,10463,344,10811,..,11521,1795,13315,395,13707,..,454,97,548,5500,6050,32779,11972,1891,13866,5895,52543
SED30022,5,68,0,68,..,138,19,156,3,156,..,113,15,130,0,133,..,91,19,109,4,118,..,1711,171,1882,57,1933,..,8661,1013,9675,158,9831,..,284,37,323,4853,5172,70979,8946,1046,9997,5006,85984
SED30023,5,65,0,65,..,82,17,101,0,101,..,38,3,44,0,44,..,89,15,101,0,101,..,711,52,768,14,784,..,5172,415,5593,63,5655,..,125,6,135,1234,1370,45476,5295,425,5722,1304,52501
SED30024,0,5,0,5,..,65,12,79,0,79,..,12,3,16,0,16,..,29,3,31,0,31,..,415,42,459,7,461,..,2640,214,2858,23,2879,..,155,11,163,2421,2585,42622,2793,225,3024,2442,48090
SED30025,0,67,0,67,..,123,24,142,0,142,..,25,0,25,0,29,..,48,14,64,0,64,..,702,78,776,20,804,..,4430,404,4835,61,4895,..,133,13,141,1015,1153,46978,4558,417,4980,1069,53032
SED30026,3,46,0,49,..,69,13,82,0,79,..,18,0,23,0,23,..,66,16,84,0,90,..,724,114,838,14,855,..,4326,384,4711,55,4767,..,118,18,134,1403,1541,46038,4446,398,4844,1461,52348
SED30027,0,20,0,20,..,107,21,133,0,135,..,27,3,36,0,33,..,49,13,64,0,64,..,701,69,768,26,793,..,4957,629,5588,64,5649,..,159,28,188,2074,2259,42128,5120,657,5771,2141,50038
SED30028,8,105,0,105,..,78,11,92,0,92,..,9,0,11,0,11,..,37,18,53,0,53,..,439,53,487,11,505,..,2950,252,3203,39,3240,..,130,18,146,3065,3209,43870,3082,265,3349,3100,50317
SED30029,0,0,0,0,..,56,3,63,0,63,..,4,0,4,0,4,..,50,20,65,0,66,..,441,31,480,6,490,..,1738,154,1889,30,1917,..,116,7,123,4115,4236,43709,1854,155,2009,4144,49865
SED30030,9,135,0,135,..,108,16,126,0,126,..,33,10,47,0,47,..,239,44,286,9,288,..,1064,169,1234,41,1273,..,8117,868,8983,135,9115,..,170,32,202,1836,2033,42495,8286,897,9188,1967,53645
SED30031,0,19,0,19,..,46,8,58,0,58,..,12,0,9,0,9,..,23,8,32,0,32,..,457,59,513,15,529,..,1694,212,1906,29,1932,..,122,11,127,4344,4479,33085,1817,218,2036,4372,39495
SED30032,0,8,0,15,..,41,5,55,0,55,..,0,0,0,0,0,..,34,11,48,0,53,..,280,35,320,6,320,..,1334,139,1474,29,1496,..,123,5,131,3569,3702,49061,1459,145,1604,3599,54257
SED30033,0,21,0,24,..,88,20,108,0,108,..,21,0,17,0,17,..,28,8,39,0,39,..,536,65,598,15,614,..,2388,224,2610,32,2652,..,138,11,145,3095,3237,48762,2525,229,2757,3125,54649
SED30034,3,15,0,15,..,68,14,83,0,83,..,0,0,0,0,0,..,30,14,39,0,39,..,1160,219,1382,49,1433,..,3777,571,4348,87,4439,..,223,14,236,6529,6770,45904,4004,584,4592,6616,57110
SED30035,0,9,0,9,..,37,4,44,0,44,..,3,0,3,0,3,..,37,10,49,0,49,..,533,55,583,14,600,..,1951,184,2133,34,2170,..,130,4,134,3202,3332,45740,2081,188,2269,3235,51236
SED30036,34,350,0,354,..,83,21,108,0,110,..,30,11,35,0,35,..,6370,3788,10163,73,10235,..,3856,1064,4927,92,5013,..,20389,6256,26647,276,26923,..,492,153,648,6464,7114,31560,20885,6411,27295,6737,65593
SED30037,5,40,0,42,..,52,9,61,0,61,..,11,0,11,0,11,..,68,21,88,0,92,..,596,87,684,25,704,..,2961,356,3316,52,3364,..,134,21,153,2686,2837,44317,3090,372,3466,2733,50518
SED30038,0,23,0,23,..,46,11,57,0,59,..,9,0,8,0,8,..,32,6,39,0,39,..,551,99,655,14,668,..,1967,243,2207,36,2241,..,139,3,144,3640,3785,47818,2099,245,2351,3675,53840
SED30039,19,355,0,360,..,79,13,93,6,96,..,33,3,38,0,38,..,681,252,932,14,947,..,2256,336,2591,59,2652,..,12037,1389,13428,175,13603,..,256,40,290,2436,2726,52790,12292,1428,13721,2609,69120
SED30040,0,20,0,20,..,56,10,70,0,70,..,10,0,11,0,10,..,56,8,62,0,62,..,489,55,540,10,546,..,2642,243,2884,37,2915,..,126,9,137,2387,2521,47018,2767,250,3018,2420,52460
SED30041,13,78,0,83,..,53,12,58,0,58,..,5,0,0,0,0,..,163,106,269,4,271,..,462,68,534,16,546,..,2662,399,3065,42,3101,..,168,31,193,3676,3874,46520,2827,427,3252,3718,53492
SED30042,0,27,0,27,..,68,12,83,0,81,..,8,4,13,0,13,..,48,6,64,0,62,..,694,82,782,17,795,..,3371,363,3733,40,3775,..,154,15,168,2138,2301,51333,3520,374,3898,2183,57409
SED30043,0,23,0,23,..,50,5,56,0,56,..,14,6,26,0,26,..,68,50,120,11,132,..,645,162,810,25,835,..,2509,694,3198,48,3251,..,128,18,148,3267,3413,46170,2636,715,3345,3315,52833
SED30044,3,38,0,34,..,59,8,71,4,73,..,24,5,30,0,30,..,221,113,336,0,336,..,1880,376,2252,43,2296,..,7290,1225,8511,120,8630,..,229,32,260,3767,4030,53062,7512,1257,8768,3890,65725
SED30045,0,33,0,33,..,95,18,112,3,117,..,5,0,10,0,10,..,164,50,209,0,215,..,778,73,851,20,869,..,4444,486,4931,61,4991,..,229,16,244,1897,2141,47202,4669,501,5173,1960,54339
SED30046,7,37,0,32,..,73,21,99,0,99,..,177,42,211,0,218,..,123,55,182,0,182,..,1680,358,2033,33,2061,..,6042,965,7006,93,7095,..,203,33,239,3837,4074,49399,6244,994,7239,3936,60573
SED30047,0,45,0,45,..,116,26,142,0,142,..,3,0,3,0,3,..,71,23,92,0,87,..,768,81,851,13,862,..,4096,399,4495,63,4554,..,251,27,281,4571,4847,46411,4347,427,4770,4633,55815
SED30048,15,325,5,328,..,135,23,158,3,159,..,61,4,70,0,66,..,396,52,445,0,449,..,1275,104,1375,29,1410,..,14148,1342,15493,119,15611,..,208,17,226,1995,2223,44607,14361,1360,15717,2115,62446
SED30049,9,356,0,363,..,121,20,136,0,138,..,60,19,75,0,75,..,444,115,554,4,554,..,1434,172,1613,35,1648,..,17453,2838,20286,181,20467,..,230,54,287,1819,2103,35042,17682,2893,20576,1996,57617
SED30050,0,5,0,5,..,70,18,93,0,93,..,6,5,16,0,16,..,75,19,95,0,99,..,465,68,532,8,545,..,3587,341,3921,55,3974,..,145,15,164,3322,3487,43238,3734,355,4085,3374,50701
SED30051,0,24,0,24,..,70,9,82,0,82,..,0,0,0,0,0,..,19,7,25,0,25,..,348,59,405,7,411,..,1390,137,1529,17,1549,..,106,7,114,3634,3747,47633,1499,144,1645,3654,52928
SED30052,8,188,3,197,..,430,135,567,0,566,..,89,11,96,0,96,..,482,56,541,0,537,..,1556,158,1715,30,1749,..,16410,1824,18230,144,18376,..,226,50,275,4736,5013,44854,16639,1870,18507,4878,68240
SED30053,0,39,0,39,..,146,28,175,0,175,..,54,0,57,0,57,..,108,25,137,0,137,..,775,74,850,13,863,..,7118,967,8085,79,8170,..,193,22,217,2346,2562,43005,7312,989,8302,2428,53734
SED30054,9,123,0,123,..,69,13,83,0,80,..,33,0,35,0,35,..,498,128,629,7,638,..,1055,127,1186,27,1213,..,6918,717,7635,103,7738,..,134,19,150,1428,1585,40977,7051,735,7784,1533,50292
SED30055,0,3,0,3,..,46,7,53,0,53,..,0,0,0,0,0,..,8,4,12,0,9,..,313,32,347,6,359,..,1270,103,1371,19,1388,..,88,8,99,5792,5884,42913,1360,107,1468,5808,50190
SED30056,0,187,3,191,..,60,9,66,0,66,..,30,0,34,0,34,..,170,22,189,0,189,..,848,62,907,22,936,..,7301,592,7903,71,7975,..,146,14,157,999,1155,41508,7450,609,8058,1068,50642
SED30057,0,10,0,10,..,99,88,195,0,195,..,8,0,5,0,5,..,101,38,135,5,140,..,693,110,805,20,826,..,3496,895,4391,41,4434,..,204,27,231,3725,3950,50694,3697,927,4622,3768,59080
SED30058,28,382,0,381,..,117,24,136,0,137,..,16,4,23,0,23,..,1656,621,2272,16,2285,..,928,148,1074,33,1102,..,10291,1671,11967,110,12080,..,175,31,204,1216,1423,38316,10467,1704,12171,1333,51820
SED30059,0,28,0,29,..,124,14,136,0,140,..,23,0,22,0,22,..,73,19,93,0,97,..,805,79,890,16,901,..,5716,649,6366,69,6437,..,180,19,197,2657,2856,49418,5901,670,6568,2723,58707
SED30060,0,12,0,12,..,124,24,149,0,151,..,18,0,15,0,20,..,88,32,119,5,124,..,4117,402,4522,125,4650,..,7346,838,8188,175,8359,..,432,60,492,4350,4842,42726,7777,895,8676,4522,55923
SED30061,5,157,0,157,..,91,17,109,0,106,..,7,0,7,0,7,..,112,48,163,0,162,..,1298,300,1596,20,1612,..,5281,711,5991,52,6046,..,246,44,285,5142,5431,39729,5523,755,6282,5198,51205
SED30062,3,90,3,96,..,119,12,134,0,131,..,16,0,20,0,20,..,99,22,122,0,123,..,1512,217,1733,34,1762,..,9050,927,9974,142,10112,..,300,27,325,2624,2955,55679,9351,952,10304,2764,68747
SED30063,0,7,0,7,..,37,5,44,0,44,..,0,0,0,0,0,..,45,45,86,0,93,..,354,53,412,15,429,..,1768,261,2028,42,2068,..,129,14,146,4331,4472,45951,1899,272,2168,4371,52491
SED30064,0,22,0,22,..,77,13,87,0,87,..,4,0,4,0,4,..,27,5,31,3,37,..,458,65,525,15,539,..,1981,165,2145,46,2196,..,131,10,141,2486,2622,44930,2111,179,2290,2530,49746
SED30065,0,13,0,13,..,94,17,110,0,110,..,3,0,3,0,3,..,23,3,28,0,28,..,558,51,603,17,624,..,2821,199,3022,37,3056,..,185,31,213,2141,2352,51032,3004,234,3237,2170,56441
SED30066,0,4,0,4,..,64,6,71,0,73,..,6,0,6,0,6,..,31,11,41,0,40,..,466,37,502,11,516,..,2818,167,2990,36,3025,..,121,12,122,2610,2735,43302,2937,174,3115,2648,49064
SED30067,13,176,0,173,..,162,25,188,0,188,..,23,3,27,0,27,..,159,51,211,6,214,..,1285,226,1513,25,1538,..,8539,958,9493,107,9605,..,218,39,255,2180,2429,44136,8757,997,9747,2282,56175
SED30068,0,20,0,20,..,67,13,79,4,77,..,14,0,16,0,16,..,74,13,91,0,91,..,547,63,608,12,618,..,3210,331,3542,33,3584,..,130,14,143,1350,1492,39775,3344,340,3680,1387,44847
SED30069,0,52,0,51,..,88,6,97,0,97,..,7,0,7,0,7,..,49,5,56,0,56,..,912,175,1083,13,1099,..,4548,560,5107,37,5150,..,160,13,172,1873,2042,48405,4710,576,5284,1910,55600
SED30070,0,8,0,8,..,51,39,92,0,94,..,16,4,18,0,18,..,28,16,40,0,40,..,520,81,600,7,610,..,2062,340,2405,37,2439,..,140,16,157,2376,2529,47271,2199,362,2557,2409,52240
SED30071,0,9,0,9,..,80,6,91,0,93,..,20,3,27,0,27,..,63,16,79,0,79,..,579,69,646,18,664,..,3084,323,3404,35,3437,..,187,8,195,2707,2899,46753,3264,329,3596,2744,53092
SED30072,4,25,0,25,..,72,11,89,0,86,..,22,0,23,0,23,..,34,9,47,0,47,..,599,124,724,10,732,..,2950,309,3255,30,3287,..,148,10,164,1971,2133,48598,3099,318,3419,2007,54021
SED30073,31,109,0,111,..,56,14,74,0,74,..,0,0,0,0,0,..,104,65,168,0,168,..,530,113,645,21,666,..,2611,462,3072,51,3118,..,187,36,220,3618,3838,46963,2795,498,3295,3662,53919
SED30074,0,103,7,109,..,93,19,108,0,108,..,23,0,23,0,23,..,68,20,83,0,83,..,1184,170,1356,28,1382,..,8218,897,9118,116,9233,..,241,24,264,1542,1805,43463,8464,919,9381,1657,54499
SED30075,0,0,0,0,..,34,9,39,0,39,..,0,0,0,0,0,..,19,3,21,0,27,..,402,45,441,14,459,..,1625,197,1818,30,1847,..,135,11,143,3593,3732,49041,1764,205,1962,3620,54621
SED30076,5,175,0,173,..,224,46,262,0,270,..,89,3,94,0,94,..,870,210,1078,5,1082,..,1442,147,1588,43,1634,..,16766,1992,18760,151,18915,..,253,33,284,4273,4553,41761,17019,2023,19040,4427,65224
SED30077,0,11,0,11,..,28,3,32,0,32,..,3,0,3,0,3,..,27,12,31,0,35,..,285,52,337,9,346,..,1818,306,2122,23,2143,..,107,16,123,3844,3972,43708,1923,322,2248,3869,49822
SED30078,0,89,0,89,..,244,45,285,0,285,..,51,10,61,0,61,..,260,52,315,0,319,..,1073,168,1238,20,1257,..,10861,1856,12720,91,12799,..,234,42,273,3791,4062,40147,11096,1892,12989,3876,57014
SED30079,0,81,0,82,..,93,21,114,0,111,..,46,12,54,3,55,..,162,34,191,4,198,..,1236,171,1405,32,1437,..,6968,1013,7978,100,8073,..,173,16,193,1446,1641,43350,7144,1028,8173,1541,53064
SED30080,13,106,0,106,..,136,34,167,0,167,..,19,0,22,0,22,..,155,17,173,0,174,..,942,218,1163,23,1182,..,7391,888,8280,98,8382,..,189,34,221,2350,2575,45859,7580,923,8504,2448,56814
SED30081,9,220,4,227,..,112,33,140,0,140,..,51,7,57,0,57,..,886,332,1214,8,1228,..,2242,423,2665,59,2724,..,26378,6483,32864,319,33182,..,358,98,452,2116,2572,24065,26739,6580,33313,2443,59815
SED30082,0,33,0,33,..,160,27,182,0,184,..,66,15,79,0,79,..,166,37,204,0,204,..,909,88,995,11,1010,..,10017,1273,11284,64,11347,..,227,30,255,5414,5671,38892,10241,1299,11538,5475,55909
SED30083,0,52,0,52,..,110,15,129,0,129,..,33,16,45,0,45,..,94,27,117,7,125,..,998,113,1118,27,1144,..,6111,712,6822,108,6924,..,181,20,207,2327,2528,49960,6287,737,7023,2429,59411
SED30084,3,28,0,28,..,58,14,73,0,73,..,0,0,5,0,5,..,82,39,120,5,118,..,1206,201,1407,24,1433,..,3047,410,3454,39,3497,..,307,34,344,3437,3780,44732,3354,440,3794,3477,52007
SED30085,16,293,0,295,..,142,23,157,0,157,..,48,7,54,0,54,..,804,260,1057,8,1066,..,1851,339,2188,53,2245,..,20580,5289,25870,241,26112,..,324,92,414,2158,2576,28792,20905,5382,26283,2400,57483
SED30086,3,34,0,34,..,54,13,60,0,60,..,3,0,6,0,6,..,64,11,79,0,75,..,1174,746,1921,32,1953,..,3339,1051,4390,70,4456,..,150,57,206,2620,2827,47447,3489,1103,4593,2688,54728
SED30087,10,130,3,136,..,63,10,75,0,73,..,13,5,15,0,15,..,81,15,90,0,90,..,1815,664,2479,41,2523,..,7191,1276,8468,95,8561,..,250,51,304,2420,2729,46122,7446,1330,8777,2520,57416
SED30088,0,40,0,40,..,65,24,89,0,89,..,3,0,3,0,3,..,65,19,77,0,81,..,1782,181,1963,19,1986,..,4534,439,4979,55,5030,..,225,15,239,3729,3967,41377,4757,456,5217,3783,50376
SED30089,0,36,0,36,..,32,6,37,0,39,..,0,3,7,0,7,..,34,9,39,0,39,..,1056,30,1084,19,1113,..,2648,149,2798,42,2840,..,191,18,212,4838,5048,35238,2842,170,3004,4877,43119
SED30090,0,5,0,6,..,12,0,11,0,11,..,0,0,0,0,0,..,64,82,142,0,148,..,341,31,374,9,380,..,1524,200,1728,24,1754,..,140,13,145,3828,3975,37231,1659,213,1872,3854,42956
SED30091,11,120,0,124,..,76,32,104,0,109,..,71,14,83,3,87,..,227,79,309,0,313,..,3280,816,4102,69,4162,..,11333,2253,13583,173,13755,..,389,81,466,4533,4999,42278,11720,2335,14052,4704,61026
SED30092,0,30,0,30,..,88,13,99,0,99,..,14,0,17,0,17,..,34,10,45,0,41,..,582,41,622,16,637,..,2793,175,2964,38,2996,..,155,15,173,5086,5256,46050,2948,192,3142,5114,54307
SED30093,21,162,0,162,..,94,36,125,0,125,..,64,11,77,0,77,..,258,144,397,0,402,..,6499,2654,9155,97,9248,..,15933,4418,20349,217,20573,..,582,190,773,5941,6713,43889,16514,4609,21122,6162,71179
SED39494,0,0,0,0,..,13,3,18,0,18,..,5,0,5,0,5,..,21,5,23,0,23,..,272,31,300,7,316,..,1031,135,1163,19,1184,..,56,4,62,3455,3517,9972,1085,140,1226,3475,14670
SED39797,0,0,0,0,..,0,0,0,0,0,..,0,0,0,0,0,..,0,0,0,0,0,..,0,0,0,0,0,..,19,0,21,0,22,..,0,0,0,128,128,32,19,0,21,130,183
SED40001,7,176,0,176,..,99,24,117,0,121,..,43,3,52,0,52,..,918,99,1014,4,1014,..,740,85,827,14,844,..,12392,1479,13877,73,13949,..,151,18,168,2561,2729,27944,12547,1498,14043,2638,44627
SED40002,9,139,0,145,..,82,18,102,0,102,..,14,0,12,0,12,..,250,32,284,0,283,..,863,150,1014,46,1057,..,10866,1458,12321,141,12460,..,185,33,209,1066,1274,26801,11048,1489,12533,1202,40543
SED40003,0,61,0,61,..,21,5,28,0,28,..,27,0,32,0,32,..,54,8,61,0,61,..,439,50,491,10,497,..,3752,395,4142,27,4173,..,106,16,120,725,848,30490,3859,411,4264,750,35511
SED40004,3,167,4,168,..,68,5,68,0,71,..,21,0,22,0,22,..,235,22,257,0,257,..,597,43,638,18,660,..,9076,1062,10135,92,10227,..,112,7,112,671,788,26863,9183,1066,10247,765,37877
SED40005,0,13,0,13,..,19,4,21,0,21,..,58,15,77,0,77,..,60,33,91,0,91,..,311,131,436,8,449,..,2437,593,3029,40,3065,..,80,15,91,2501,2600,31065,2517,607,3123,2540,36729
SED40006,7,155,6,162,..,60,16,78,0,78,..,24,5,29,0,30,..,1616,766,2382,18,2393,..,1257,239,1496,31,1527,..,10739,2191,12935,138,13068,..,175,55,232,1263,1496,24511,10919,2242,13162,1403,39078
SED40007,0,40,0,42,..,27,3,35,0,35,..,3,4,5,0,5,..,113,27,134,0,134,..,601,83,684,12,703,..,6170,749,6921,52,6970,..,114,9,127,966,1087,29078,6285,760,7043,1014,37135
SED40008,25,259,5,261,..,67,21,85,0,85,..,21,0,21,0,21,..,3383,1758,5137,32,5170,..,2196,720,2917,50,2966,..,15223,4404,19627,178,19801,..,248,63,317,1812,2129,20945,15472,4463,19944,1990,42872
SED40009,0,47,0,47,..,33,3,40,0,40,..,7,0,12,0,12,..,81,20,97,0,97,..,586,71,654,13,662,..,3998,427,4428,45,4469,..,91,5,98,833,933,31060,4094,437,4527,878,36457
SED40010,0,127,0,127,..,57,5,71,0,75,..,12,0,12,0,12,..,266,24,288,3,290,..,608,76,680,23,699,..,8498,1172,9666,84,9751,..,78,8,86,1121,1203,27439,8573,1183,9752,1202,38393
SED40011,3,150,0,150,..,50,4,57,0,57,..,6,3,12,0,12,..,141,34,178,4,174,..,772,112,890,26,918,..,8113,1111,9220,97,9315,..,144,19,169,1106,1277,28618,8255,1127,9388,1205,39212
SED40012,0,30,0,30,..,49,8,58,0,60,..,25,8,33,0,33,..,102,46,147,0,147,..,2165,750,2911,47,2963,..,4489,1370,5866,78,5944,..,228,59,287,2223,2514,31885,4722,1433,6152,2300,40343
SED40013,13,181,4,185,..,100,19,122,0,124,..,36,4,46,0,46,..,1052,302,1352,7,1361,..,2474,854,3326,57,3389,..,14898,2575,17475,173,17645,..,209,69,277,2045,2320,24000,15107,2642,17753,2214,43961
SED40014,0,0,0,0,..,26,3,27,0,27,..,0,0,0,0,0,..,17,3,19,0,19,..,255,24,279,5,283,..,976,79,1053,15,1067,..,82,0,82,1370,1454,31487,1059,79,1137,1385,34008
SED40015,0,3,0,3,..,27,8,36,0,34,..,0,0,0,0,0,..,18,4,19,0,19,..,611,35,645,43,691,..,1421,98,1517,64,1583,..,152,4,158,2561,2721,31543,1574,106,1679,2627,35849
SED40016,4,139,0,139,..,49,20,70,0,70,..,30,4,32,0,32,..,917,377,1300,7,1306,..,2196,667,2865,48,2915,..,10673,2030,12710,137,12840,..,262,79,347,1339,1681,24125,10944,2109,13048,1476,38652
SED40017,4,7,0,7,..,44,3,46,0,46,..,0,0,0,0,0,..,41,23,68,0,68,..,239,41,280,14,293,..,1071,147,1218,26,1247,..,85,11,92,2007,2104,34685,1154,154,1312,2031,38021
SED40018,0,110,0,110,..,38,6,47,0,46,..,19,3,21,0,21,..,108,20,130,0,131,..,760,134,893,21,912,..,5651,790,6434,80,6520,..,143,14,158,1162,1321,30424,5791,807,6594,1247,38269
SED40019,0,62,5,68,..,29,0,31,0,31,..,9,0,9,0,9,..,31,0,30,0,30,..,2021,279,2304,139,2440,..,3901,422,4321,169,4485,..,179,16,197,2761,2956,28828,4075,440,4519,2926,36268
SED40020,0,9,0,9,..,33,4,35,4,40,..,31,14,50,0,50,..,67,42,111,0,114,..,364,67,427,4,430,..,1729,339,2069,24,2088,..,113,4,113,2425,2537,32359,1839,343,2185,2445,36988
SED40021,6,184,0,184,..,51,11,62,0,62,..,11,5,11,0,11,..,221,42,258,5,263,..,839,104,947,23,965,..,12456,1871,14323,131,14451,..,160,18,184,1242,1427,23872,12618,1890,14507,1377,39757
SED40022,0,5,0,5,..,17,4,22,0,22,..,5,0,5,0,5,..,15,0,13,0,13,..,305,27,335,6,342,..,1452,117,1567,17,1578,..,54,6,56,1377,1434,32249,1505,118,1622,1394,35264
SED40023,0,16,0,16,..,16,4,18,0,17,..,0,0,0,0,0,..,27,5,29,0,29,..,302,56,356,5,364,..,2117,243,2362,30,2395,..,80,5,88,1282,1366,31177,2201,251,2451,1314,34938
SED40024,0,23,0,23,..,49,0,50,0,50,..,3,0,3,0,3,..,50,5,57,0,57,..,448,60,505,20,527,..,2260,227,2485,47,2538,..,105,5,113,1573,1692,35694,2369,230,2603,1629,39916
SED40025,0,17,0,17,..,26,6,29,0,35,..,11,0,5,0,5,..,39,19,60,0,60,..,296,44,340,11,349,..,1804,166,1969,30,1996,..,70,6,78,1484,1558,34697,1871,177,2042,1510,38250
SED40026,0,17,0,17,..,29,6,38,0,38,..,36,9,44,0,44,..,96,34,124,0,124,..,730,141,877,13,887,..,3183,501,3687,39,3727,..,133,31,165,876,1040,31752,3319,533,3850,915,36515
SED40027,0,17,0,17,..,33,3,37,0,37,..,19,0,19,0,19,..,186,59,241,7,244,..,686,108,796,16,809,..,6289,966,7260,56,7321,..,137,16,160,1119,1276,24880,6427,985,7417,1181,33477
SED40028,0,12,0,11,..,19,5,21,0,22,..,4,0,4,0,4,..,82,45,129,0,131,..,516,98,619,5,625,..,1950,298,2243,22,2268,..,126,14,133,1252,1385,32449,2073,304,2378,1268,36095
SED40029,3,31,0,31,..,43,22,67,0,67,..,7,0,8,0,8,..,49,12,61,0,61,..,496,210,703,15,722,..,1785,503,2294,32,2323,..,89,15,106,2712,2821,33638,1876,522,2397,2743,38777
SED40030,0,0,0,0,..,24,0,23,0,27,..,0,0,0,0,0,..,18,0,18,0,18,..,246,24,271,9,282,..,1219,106,1330,16,1345,..,45,4,52,1939,1992,33878,1268,116,1382,1955,37216
SED40031,8,154,0,154,..,24,9,34,0,34,..,14,0,14,0,19,..,129,17,142,0,142,..,673,69,742,19,757,..,9346,1173,10513,103,10617,..,114,19,131,763,893,25616,9457,1192,10648,866,37128
SED40032,6,23,0,23,..,61,10,69,0,69,..,18,8,21,0,26,..,59,10,69,4,73,..,519,105,626,19,642,..,5003,667,5670,58,5736,..,132,21,151,932,1078,28061,5135,684,5823,992,34870
SED40033,0,9,0,11,..,30,0,30,0,33,..,0,0,0,0,0,..,22,11,38,0,38,..,513,276,795,15,810,..,1564,373,1940,31,1971,..,92,21,107,2629,2743,30803,1664,391,2050,2659,35520
SED40034,0,0,0,0,..,19,5,22,0,22,..,0,0,0,0,0,..,14,0,20,0,20,..,124,18,137,11,144,..,649,65,708,19,735,..,81,4,84,2275,2355,29435,730,64,793,2294,32521
SED40035,3,72,3,74,..,31,8,40,0,40,..,13,0,17,0,17,..,69,17,90,0,87,..,692,135,826,21,845,..,5019,729,5753,73,5826,..,108,14,118,1031,1147,29396,5131,742,5873,1105,36373
SED40036,6,151,0,151,..,60,27,85,0,87,..,57,5,66,0,66,..,1747,967,2716,9,2725,..,3024,963,3988,51,4041,..,13120,3493,16607,149,16758,..,259,86,347,1351,1696,22675,13377,3581,16957,1500,41136
SED40037,3,18,0,18,..,28,6,35,0,35,..,3,0,3,0,3,..,554,357,912,3,915,..,570,96,661,14,670,..,3631,774,4402,40,4443,..,137,16,152,1307,1462,30247,3761,788,4556,1346,36150
SED40038,3,90,3,89,..,99,37,136,0,135,..,17,6,19,0,19,..,891,547,1436,14,1447,..,2899,1459,4352,40,4392,..,9457,4040,13503,144,13649,..,344,132,478,2134,2609,26791,9800,4176,13980,2277,43048
SED40039,5,34,0,34,..,47,7,56,0,56,..,0,0,0,0,0,..,40,6,47,0,47,..,438,81,516,10,529,..,2612,391,3004,41,3047,..,85,9,94,1510,1599,30861,2699,394,3093,1549,35506
SED40040,0,0,0,0,..,22,0,27,0,27,..,0,0,0,0,0,..,19,5,21,0,21,..,155,33,184,6,189,..,895,79,972,18,985,..,60,0,65,1548,1608,34847,954,79,1030,1568,37442
SED40041,0,20,0,17,..,16,5,16,0,16,..,0,0,0,0,0,..,43,7,47,0,47,..,516,69,582,10,593,..,1458,176,1631,26,1663,..,160,5,165,2995,3157,30135,1621,180,1798,3024,34955
SED40042,4,48,0,48,..,28,7,37,0,37,..,34,9,42,0,42,..,397,316,713,3,718,..,2151,547,2697,45,2740,..,4933,1395,6326,93,6421,..,187,32,218,2494,2707,32812,5118,1424,6542,2582,41939
SED40043,15,207,0,206,..,51,3,61,0,61,..,31,0,35,0,35,..,397,100,497,0,501,..,1415,328,1738,53,1800,..,13879,1953,15832,191,16024,..,184,42,229,1398,1623,25089,14064,1989,16053,1587,42735
SED40044,0,81,0,89,..,48,11,57,0,60,..,17,0,17,0,17,..,144,31,166,0,172,..,519,37,554,9,564,..,6337,803,7143,61,7201,..,106,16,120,788,905,29793,6441,816,7261,849,37901
SED40045,0,29,0,30,..,38,0,42,0,48,..,9,0,3,0,3,..,78,10,86,0,90,..,476,46,521,18,533,..,3214,295,3512,46,3557,..,83,0,88,666,754,32712,3297,298,3598,707,37018
SED40046,8,105,0,111,..,63,17,79,0,80,..,21,0,21,0,21,..,319,99,418,0,423,..,933,180,1115,40,1158,..,10437,1640,12079,117,12200,..,133,20,146,1037,1187,23488,10569,1658,12230,1157,36874
SED40047,4,60,0,60,..,33,3,37,0,40,..,13,0,13,0,13,..,141,45,185,0,185,..,914,236,1156,15,1171,..,4712,774,5482,58,5540,..,119,19,141,844,981,29500,4832,798,5624,893,36015
SED49494,0,0,0,0,..,0,0,0,0,0,..,0,0,0,0,0,..,9,0,8,0,8,..,85,10,92,11,105,..,270,33,302,11,314,..,32,6,32,770,806,2261,300,34,334,777,3377
SED49797,0,0,0,0,..,0,0,0,0,0,..,0,0,0,0,0,..,0,0,0,0,0,..,0,0,0,0,0,..,8,0,8,0,8,..,0,0,0,5,5,0,8,0,8,5,12
SED50106,0,19,0,19,..,56,4,61,0,61,..,8,0,6,0,6,..,34,0,39,0,39,..,465,136,594,0,597,..,2119,248,2373,14,2387,..,92,8,103,2235,2339,34040,2210,262,2468,2252,38763
SED50202,69,504,8,514,..,145,22,166,0,166,..,18,6,26,0,26,..,71,21,93,3,93,..,2407,467,2881,55,2934,..,7917,1042,8955,116,9078,..,288,59,344,3298,3640,38175,8202,1098,9305,3411,50888
SED50304,3,96,3,92,..,130,28,153,0,153,..,58,7,61,0,64,..,606,201,809,6,811,..,2265,278,2542,36,2576,..,14059,2030,16096,187,16284,..,285,35,323,2063,2387,26621,14347,2069,16414,2257,45295
SED50405,5,177,0,179,..,139,17,162,0,162,..,10,0,15,0,16,..,87,26,118,4,124,..,1756,159,1916,43,1950,..,8123,717,8833,115,8955,..,245,20,263,2743,3004,45389,8368,736,9100,2860,57344
SED50502,12,166,3,171,..,126,24,147,0,147,..,18,7,30,0,30,..,1102,557,1662,9,1673,..,1843,432,2275,37,2306,..,8911,1931,10845,110,10953,..,252,49,299,1954,2257,30017,9164,1974,11146,2058,43217
SED50605,6,246,0,247,..,117,24,142,0,146,..,29,3,32,0,32,..,162,25,193,0,191,..,615,46,667,9,673,..,10094,1143,11238,69,11311,..,201,16,214,1117,1332,31552,10294,1158,11454,1188,44195
SED50702,7,109,0,112,..,204,57,262,4,266,..,87,28,117,0,117,..,410,103,513,9,519,..,2026,312,2343,58,2400,..,12130,1800,13923,187,14118,..,266,42,310,3046,3354,30948,12396,1840,14236,3231,48411
SED50805,0,32,0,32,..,73,4,76,0,76,..,19,0,13,0,13,..,30,8,32,0,32,..,422,37,465,6,471,..,3440,291,3738,29,3769,..,104,14,119,1466,1585,33867,3548,303,3858,1498,39223
SED50906,0,29,0,29,..,57,11,65,0,65,..,6,0,6,0,6,..,61,32,90,0,93,..,572,61,635,13,643,..,3780,399,4177,47,4224,..,136,11,147,2821,2965,37050,3912,410,4329,2867,44242
SED51004,0,30,0,33,..,103,13,121,0,121,..,19,0,19,0,19,..,130,49,179,0,179,..,837,99,933,23,959,..,5531,550,6081,60,6142,..,177,27,206,1696,1902,37548,5712,574,6288,1763,45594
SED51104,3,59,0,59,..,139,19,153,0,154,..,15,0,15,0,15,..,67,32,102,0,109,..,1524,158,1688,40,1721,..,6301,586,6882,81,6969,..,293,30,327,2760,3088,46433,6597,617,7211,2843,56481
SED51205,52,469,10,479,..,197,39,234,0,236,..,386,106,497,0,494,..,332,103,438,5,448,..,2813,483,3296,71,3367,..,20065,3626,23689,296,23986,..,421,82,509,2613,3125,25810,20490,3708,24196,2907,52916
SED51304,3,30,4,33,..,47,3,51,0,51,..,10,0,10,0,10,..,86,12,97,0,97,..,473,40,508,11,523,..,3990,343,4329,45,4374,..,114,4,118,987,1103,37015,4099,346,4449,1029,42494
SED51401,0,13,0,13,..,22,4,28,4,31,..,0,0,0,0,0,..,19,9,32,0,32,..,322,32,355,13,364,..,1429,134,1567,41,1605,..,88,14,101,4285,4380,31461,1521,147,1669,4325,37453
SED51504,0,68,0,71,..,73,9,81,0,81,..,13,4,14,0,14,..,153,28,183,0,178,..,1873,97,1973,23,1994,..,8211,712,8922,81,9000,..,268,21,285,1104,1396,33961,8480,734,9214,1178,44359
SED51605,3,101,0,99,..,129,31,160,0,160,..,20,5,24,0,24,..,100,25,122,3,121,..,917,121,1035,26,1066,..,9053,1254,10304,108,10412,..,214,28,246,1742,1987,35768,9267,1282,10547,1852,48164
SED51706,0,18,0,18,..,53,7,60,0,60,..,7,0,7,0,7,..,34,28,62,0,62,..,440,54,493,19,518,..,2018,241,2262,38,2300,..,104,13,117,2550,2669,39489,2127,249,2375,2587,44451
SED51804,6,58,0,58,..,38,3,45,0,45,..,15,0,15,0,15,..,53,5,58,0,58,..,653,48,701,14,716,..,4433,372,4803,35,4839,..,124,7,135,1926,2060,37226,4556,382,4933,1965,44128
SED51902,8,94,0,95,..,70,9,78,0,78,..,14,0,14,0,14,..,33,18,51,0,51,..,1098,89,1187,23,1213,..,4064,337,4404,50,4451,..,164,13,179,2199,2376,40916,4227,353,4585,2246,47752
SED52006,0,11,0,11,..,110,17,126,0,133,..,3,0,3,0,3,..,54,11,66,0,66,..,409,45,448,8,458,..,2171,171,2343,23,2368,..,177,15,186,1934,2127,38269,2350,188,2535,1958,42755
SED52102,20,201,7,198,..,115,19,129,3,135,..,47,16,66,0,66,..,78,14,95,5,95,..,1704,432,2130,37,2165,..,6855,1036,7891,102,7987,..,203,30,238,1915,2156,32228,7064,1064,8130,2013,42371
SED52205,5,23,0,23,..,80,7,88,0,91,..,24,7,31,0,31,..,66,20,84,0,89,..,928,119,1052,25,1071,..,6265,1002,7267,89,7358,..,191,28,212,2596,2809,33705,6457,1025,7484,2689,43870
SED52301,0,22,0,22,..,96,21,115,0,115,..,0,0,0,0,0,..,105,50,156,0,154,..,481,47,523,18,538,..,2619,286,2908,40,2949,..,167,10,178,3627,3809,32184,2786,300,3084,3667,38940
SED52404,0,16,0,20,..,75,13,89,0,89,..,10,0,10,0,10,..,96,21,117,0,117,..,588,49,632,11,649,..,3736,335,4067,43,4106,..,125,7,133,1127,1258,36502,3863,340,4198,1169,41866
SED52505,55,1088,6,1096,..,130,17,145,0,145,..,36,0,41,0,41,..,140,38,182,0,182,..,1750,159,1909,48,1950,..,18333,2093,20427,272,20697,..,231,34,264,2460,2716,33790,18567,2123,20686,2725,57203
SED52604,0,55,4,58,..,98,13,113,0,113,..,9,0,16,0,16,..,90,34,116,3,126,..,618,70,690,10,697,..,4518,438,4962,36,4997,..,150,9,159,1451,1617,34520,4672,452,5122,1492,41137
SED52702,0,20,0,21,..,77,11,89,0,89,..,5,0,5,0,5,..,16,10,21,0,21,..,387,34,421,11,434,..,2076,156,2229,29,2257,..,93,4,96,1340,1440,35781,2167,156,2328,1368,39482
SED52803,0,48,4,49,..,150,27,180,0,179,..,10,0,10,0,10,..,46,14,59,0,61,..,1314,82,1399,28,1432,..,4121,295,4415,63,4477,..,230,31,263,5054,5316,27111,4352,327,4677,5111,36906
SED52903,0,16,0,16,..,81,16,97,0,95,..,10,0,9,0,10,..,42,7,51,0,51,..,4918,415,5333,165,5501,..,6606,536,7138,206,7341,..,374,187,563,5178,5742,22268,6976,727,7700,5384,35352
SED53004,0,20,0,20,..,89,17,105,0,105,..,9,0,8,0,8,..,138,46,182,0,190,..,536,55,595,15,611,..,4081,458,4541,43,4585,..,154,3,154,1003,1161,35964,4235,464,4696,1051,41711
SED53105,7,179,0,182,..,121,18,139,0,136,..,5,0,5,0,5,..,109,30,140,4,144,..,1224,119,1343,34,1375,..,8651,902,9552,117,9672,..,199,23,223,3339,3564,36473,8850,931,9776,3457,49705
SED53204,4,124,5,123,..,125,19,141,0,137,..,27,3,40,0,40,..,1608,716,2322,16,2346,..,2384,410,2792,43,2831,..,13311,2079,15392,126,15515,..,286,50,334,1246,1582,31506,13593,2127,15730,1367,48598
SED53306,0,29,0,29,..,131,25,158,5,162,..,3,0,3,0,3,..,53,26,80,0,80,..,707,64,767,20,786,..,3413,320,3732,44,3774,..,169,12,183,2973,3156,39260,3581,333,3914,3014,46195
SED53402,7,117,0,116,..,128,19,146,0,145,..,26,4,37,0,37,..,614,251,864,4,873,..,1193,166,1357,37,1393,..,7963,1320,9284,115,9398,..,163,24,192,1813,2010,32040,8130,1343,9472,1930,43449
SED53502,13,159,4,162,..,122,27,147,0,147,..,14,0,17,0,17,..,134,52,184,0,184,..,1265,133,1394,40,1435,..,6445,772,7222,82,7302,..,201,23,223,2564,2787,36815,6648,801,7446,2645,46900
SED53602,9,84,0,87,..,162,31,192,0,192,..,54,27,83,0,79,..,2577,1635,4216,30,4243,..,4932,1679,6613,88,6703,..,16157,5008,21160,210,21368,..,427,164,591,2827,3413,23335,16581,5166,21749,3038,48121
SED53701,0,11,0,11,..,46,15,59,0,59,..,0,0,0,0,0,..,31,22,56,4,61,..,375,42,415,25,444,..,1446,180,1625,45,1671,..,105,8,111,4161,4268,32377,1548,187,1732,4205,38315
SED53802,6,119,0,125,..,178,31,206,0,212,..,62,29,93,0,93,..,1469,637,2104,8,2116,..,2033,302,2337,30,2369,..,13515,2599,16108,157,16262,..,297,43,337,1830,2168,26996,13807,2639,16449,1981,45426
SED53902,5,94,0,94,..,100,12,119,3,122,..,49,17,66,0,66,..,705,210,921,0,917,..,1237,121,1355,28,1384,..,8910,1266,10175,95,10269,..,175,27,207,1693,1897,30212,9088,1299,10385,1786,42377
SED54006,0,9,0,9,..,62,12,74,0,74,..,9,0,9,0,9,..,25,12,32,3,33,..,349,47,394,9,404,..,2156,243,2408,25,2429,..,203,8,206,2562,2776,38184,2361,249,2614,2590,43391
SED54104,5,191,3,193,..,96,18,121,0,123,..,26,0,26,0,26,..,233,34,265,0,275,..,897,55,955,18,980,..,8731,763,9495,97,9592,..,146,12,158,1808,1964,35125,8874,776,9651,1905,46676
SED54203,0,13,0,13,..,55,15,73,0,72,..,3,0,3,0,3,..,112,72,188,3,190,..,1692,129,1823,35,1861,..,2947,327,3272,53,3330,..,124,10,133,3965,4097,15446,3071,339,3409,4024,22875
SED54304,10,181,4,185,..,262,42,304,0,307,..,26,0,30,0,30,..,644,176,818,0,821,..,1211,113,1330,41,1369,..,12685,1734,14414,149,14561,..,229,24,252,3818,4067,35017,12914,1755,14674,3962,53651
SED54403,7,51,0,53,..,258,33,293,3,299,..,13,4,18,0,22,..,90,16,104,0,104,..,2405,147,2549,49,2602,..,6324,439,6766,101,6862,..,380,27,406,8291,8690,31871,6708,460,7168,8385,47427
SED54505,37,922,6,927,..,110,10,118,0,119,..,53,0,56,0,56,..,182,41,227,0,229,..,1062,88,1154,25,1178,..,15695,1973,17666,119,17788,..,198,31,220,1002,1223,26897,15888,2005,17892,1121,45908
SED54605,0,10,0,10,..,124,20,144,4,151,..,3,0,3,0,3,..,81,31,110,0,110,..,562,84,648,25,671,..,2682,365,3040,45,3087,..,151,18,171,2878,3049,34724,2831,384,3213,2921,40861
SED54701,0,12,0,12,..,48,7,59,0,59,..,0,0,0,0,0,..,36,20,57,0,57,..,545,191,736,21,753,..,2070,370,2440,42,2482,..,126,23,150,3768,3918,31262,2193,394,2590,3811,37662
SED54804,0,45,0,45,..,71,6,82,0,82,..,12,6,19,0,19,..,80,32,113,0,113,..,658,85,741,18,760,..,5856,606,6464,63,6523,..,150,14,163,2314,2477,36750,6006,617,6628,2374,45753
SED54905,3,131,0,127,..,134,25,162,0,160,..,45,7,60,0,60,..,216,53,267,0,270,..,940,117,1059,33,1093,..,7946,884,8825,107,8936,..,202,22,223,1973,2197,32114,8149,904,9053,2078,43240
SED55005,66,988,6,993,..,125,21,146,0,147,..,55,11,67,0,67,..,136,44,181,0,185,..,2421,493,2912,42,2958,..,15885,2556,18442,186,18626,..,285,64,351,1744,2095,30470,16173,2613,18790,1931,51193
SED55102,5,100,0,100,..,101,18,116,0,116,..,9,0,11,0,11,..,110,36,146,0,148,..,1521,207,1735,28,1762,..,5657,589,6247,63,6310,..,186,13,197,4110,4305,39078,5843,600,6445,4168,49692
SED55202,103,668,3,675,..,172,36,209,0,213,..,86,15,105,4,103,..,194,82,277,6,277,..,2984,859,3837,68,3902,..,13081,2551,15632,175,15809,..,316,84,400,2597,3002,29688,13402,2634,16036,2780,48500
SED55306,0,20,0,17,..,74,17,86,0,90,..,0,0,0,0,0,..,51,25,77,0,77,..,389,78,470,11,481,..,2016,212,2232,35,2266,..,146,10,156,2582,2736,39323,2162,220,2385,2617,44333
SED55405,14,165,0,165,..,202,42,240,4,240,..,58,30,89,4,94,..,378,95,476,0,479,..,2052,235,2284,37,2322,..,12703,1551,14250,168,14418,..,345,33,373,3006,3382,30826,13040,1582,14619,3176,48622
SED55504,7,64,0,64,..,128,14,143,0,141,..,16,0,15,0,15,..,322,168,491,8,498,..,1159,147,1309,23,1333,..,6576,739,7313,60,7378,..,205,22,232,1709,1938,40155,6783,764,7549,1768,49470
SED55605,0,9,0,9,..,137,20,163,0,163,..,4,0,4,0,4,..,44,23,66,5,71,..,639,62,700,19,719,..,2685,238,2919,42,2966,..,175,13,187,2195,2386,43881,2861,247,3108,2242,49231
SED55706,0,7,0,7,..,59,14,69,0,72,..,0,0,0,0,0,..,40,16,57,0,57,..,466,142,607,8,618,..,2210,301,2519,35,2545,..,93,6,100,3596,3701,37198,2307,309,2616,3629,43443
SED55802,15,244,6,251,..,131,25,150,0,150,..,7,3,12,0,12,..,1067,505,1564,15,1576,..,2940,536,3481,50,3534,..,13399,2055,15458,168,15633,..,307,59,366,2111,2483,34859,13713,2115,15828,2285,52973
SED55905,0,56,0,56,..,101,21,125,0,120,..,18,3,23,0,23,..,125,32,159,0,159,..,704,82,781,18,798,..,6530,817,7346,90,7431,..,180,29,211,1886,2099,30953,6712,844,7552,1973,40484
SED59494,3,4,0,4,..,3,0,3,0,3,..,0,0,0,0,0,..,10,0,15,0,15,..,97,16,114,3,117,..,432,51,479,9,486,..,70,5,78,3411,3488,4079,497,56,555,3421,8055
SED59797,0,0,0,0,..,0,0,0,0,0,..,0,0,0,0,0,..,0,0,0,0,0,..,11,0,11,0,11,..,61,3,66,0,66,..,0,0,0,219,221,232,59,3,65,218,514
SED60105,0,16,0,16,..,28,3,32,0,32,..,0,0,0,0,0,..,51,6,58,0,58,..,306,99,404,5,410,..,2087,228,2312,18,2332,..,73,20,97,870,968,21094,2159,251,2410,889,24397
SED60106,0,0,0,0,..,8,0,8,0,8,..,0,0,0,0,0,..,0,0,0,0,5,..,46,0,45,0,45,..,175,7,183,4,184,..,21,0,24,519,546,7023,192,13,208,523,7745
SED60113,3,50,0,50,..,24,5,34,0,34,..,9,0,9,0,9,..,48,6,52,0,52,..,320,53,372,12,385,..,2167,212,2378,30,2407,..,106,9,116,1451,1558,33642,2271,217,2494,1474,37609
SED60115,0,33,0,33,..,53,7,55,0,55,..,6,0,6,0,6,..,104,18,125,3,129,..,585,210,796,25,815,..,3561,829,4390,64,4457,..,137,32,166,2399,2569,33199,3698,857,4560,2464,40220
SED60207,0,12,0,12,..,32,5,36,0,36,..,0,0,0,0,0,..,44,23,64,0,67,..,272,52,322,15,340,..,1672,196,1874,26,1902,..,95,3,100,1720,1821,34800,1769,202,1969,1748,38522
SED60208,0,7,0,7,..,19,6,23,0,23,..,0,0,0,0,0,..,9,0,5,0,5,..,206,31,230,3,237,..,779,84,864,8,867,..,64,4,64,1612,1675,29947,841,87,927,1619,32493
SED60209,0,24,0,24,..,28,11,41,0,41,..,0,0,0,0,0,..,27,0,24,0,26,..,237,33,265,5,270,..,1432,118,1549,25,1573,..,88,3,92,2506,2595,34366,1522,118,1643,2528,38536
SED60301,0,3,0,3,..,11,0,12,0,12,..,0,0,0,0,0,..,31,7,40,0,44,..,199,54,255,6,260,..,1428,166,1590,25,1620,..,44,4,50,712,764,13968,1473,167,1644,739,16351
SED60302,9,98,3,104,..,47,5,58,4,56,..,0,0,7,0,7,..,286,58,340,7,343,..,826,241,1064,32,1098,..,7472,1010,8482,115,8594,..,174,47,223,1579,1799,26887,7643,1057,8697,1697,37278
SED60303,0,51,0,51,..,64,10,69,0,69,..,16,4,22,0,22,..,216,19,233,4,239,..,507,94,602,22,623,..,6131,497,6631,54,6681,..,115,13,128,1559,1690,28221,6243,512,6755,1613,36586
SED60304,0,0,0,0,..,0,0,0,0,0,..,0,0,0,0,0,..,0,0,0,0,0,..,0,0,0,0,0,..,14,0,14,0,14,..,0,0,0,12,12,333,14,0,14,12,353
SED60310,3,54,0,54,..,31,3,40,0,40,..,10,3,13,0,13,..,131,8,141,0,140,..,252,29,275,12,290,..,4200,393,4587,47,4631,..,57,9,71,699,765,15774,4255,399,4656,745,21175
SED60404,0,12,0,12,..,38,5,44,0,44,..,9,5,12,0,19,..,12,4,14,0,14,..,296,19,312,12,328,..,1672,108,1777,26,1806,..,79,5,85,1771,1856,32566,1752,110,1865,1798,36230
SED60410,0,24,0,24,..,23,5,24,0,28,..,5,0,5,0,5,..,63,3,72,6,72,..,179,27,207,10,217,..,2329,264,2595,39,2627,..,40,8,45,414,458,12757,2369,268,2635,450,15850
SED60411,0,23,0,23,..,39,0,43,0,47,..,5,0,5,0,5,..,116,12,126,0,126,..,236,39,271,10,282,..,3147,301,3449,34,3483,..,101,4,111,1104,1216,27559,3253,309,3555,1137,32261
SED60414,0,6,0,6,..,27,5,32,0,32,..,4,0,4,0,4,..,46,9,51,0,52,..,181,34,219,8,226,..,1435,161,1597,20,1623,..,56,8,61,1564,1625,24254,1491,168,1658,1588,27495
SED60501,0,0,0,0,..,10,0,7,0,7,..,0,0,0,0,0,..,15,10,21,0,20,..,94,10,105,6,105,..,534,57,588,13,603,..,53,0,61,1632,1692,19861,591,60,650,1645,22148
SED60505,0,10,0,10,..,0,0,0,0,0,..,0,0,3,0,3,..,5,6,6,0,6,..,84,15,101,0,104,..,429,44,474,8,476,..,25,0,21,313,335,9531,452,43,499,319,10342
SED60506,0,9,0,9,..,20,0,19,0,19,..,3,0,3,0,3,..,11,0,11,0,11,..,199,24,223,10,232,..,811,97,905,21,931,..,66,5,68,1689,1756,28086,870,97,971,1708,30772
SED60508,0,0,0,0,..,7,0,4,0,4,..,0,0,0,0,0,..,5,7,6,0,6,..,40,0,44,0,45,..,224,18,233,0,237,..,10,0,10,395,405,4562,234,18,249,395,5204
SED60512,0,6,0,6,..,23,3,23,0,26,..,0,0,0,0,0,..,15,3,14,0,14,..,191,21,213,5,216,..,979,72,1052,17,1074,..,69,0,71,2131,2206,31322,1046,75,1122,2156,34597
SED60514,0,9,0,9,..,8,0,6,0,6,..,0,0,0,0,0,..,14,0,20,0,20,..,74,8,80,6,83,..,432,51,483,9,496,..,18,0,26,342,365,9130,450,53,507,353,9995
SED69494,0,0,0,0,..,3,0,3,0,3,..,0,0,0,0,0,..,0,0,0,0,0,..,18,3,27,0,23,..,63,11,73,3,74,..,4,0,4,314,325,978,70,11,77,318,1377
SED69797,0,0,0,0,..,0,0,0,0,0,..,0,0,0,0,0,..,0,0,0,0,0,..,0,0,0,0,0,..,0,0,0,0,0,..,0,0,0,3,3,11,0,0,0,3,19
SED70001,0,0,0,0,..,10,0,14,0,14,..,0,0,0,0,0,..,9,0,9,0,9,..,5599,880,6472,140,6616,..,5787,888,6672,140,6816,..,46,17,70,418,491,1324,5835,907,6742,564,8629
SED70002,5,20,0,20,..,29,5,32,0,32,..,0,0,0,0,0,..,44,13,47,0,47,..,678,81,756,23,784,..,2418,247,2669,42,2710,..,83,13,95,602,697,6557,2497,259,2761,643,9965
SED70003,0,4,0,4,..,4,0,3,0,3,..,4,0,4,0,4,..,8,0,8,0,5,..,5244,776,6017,53,6066,..,5393,782,6179,49,6235,..,105,17,123,742,861,2130,5504,799,6301,792,9227
SED70004,0,3,0,3,..,13,7,19,0,19,..,5,0,5,0,5,..,4,0,4,0,4,..,2976,336,3314,97,3408,..,3324,360,3687,112,3799,..,55,25,77,867,951,3702,3382,389,3766,978,8447
SED70005,0,13,0,16,..,48,9,57,0,57,..,3,0,3,0,3,..,70,16,90,0,90,..,233,38,273,8,276,..,1170,145,1311,21,1333,..,61,8,69,905,977,6376,1230,155,1381,929,8687
SED70006,0,3,0,3,..,23,4,23,0,23,..,0,0,0,0,0,..,16,8,26,0,26,..,663,53,713,17,728,..,1592,138,1735,29,1765,..,74,10,85,475,559,6462,1670,150,1818,509,8785
SED70007,3,34,0,34,..,40,14,59,0,59,..,0,0,0,0,0,..,44,13,60,0,60,..,204,41,246,4,250,..,1206,153,1353,12,1369,..,42,6,47,560,608,6925,1247,155,1402,574,8902
SED70008,16,72,0,72,..,33,12,49,0,49,..,3,0,4,0,4,..,101,22,121,0,121,..,292,32,326,7,330,..,3068,338,3407,31,3438,..,62,8,70,723,792,5421,3132,342,3476,756,9653
SED70009,0,0,0,0,..,15,3,12,0,12,..,0,0,0,0,0,..,29,21,48,0,51,..,2536,506,3039,116,3154,..,2809,561,3369,121,3490,..,53,17,65,1226,1295,4916,2855,576,3433,1353,9699
SED70010,0,21,0,21,..,60,9,68,0,73,..,0,0,0,0,0,..,44,31,72,0,72,..,288,33,320,8,327,..,1234,155,1393,19,1414,..,96,15,104,1132,1236,5944,1326,171,1498,1146,8590
SED70011,0,23,0,18,..,36,10,43,0,43,..,6,0,6,0,6,..,32,5,37,0,37,..,301,35,330,16,345,..,1649,129,1780,27,1810,..,39,0,45,528,574,5703,1688,133,1819,555,8081
SED70012,0,34,0,34,..,32,8,40,0,40,..,0,0,0,0,0,..,80,8,91,0,91,..,219,17,233,10,244,..,2019,168,2192,21,2216,..,38,6,46,628,678,5184,2057,175,2240,654,8071
SED70013,0,0,0,0,..,54,15,71,0,71,..,0,0,0,0,0,..,71,93,169,0,169,..,95,16,111,4,116,..,519,181,699,4,702,..,22,6,33,1012,1041,7710,539,187,725,1020,9457
SED70014,0,0,0,0,..,5,0,5,0,5,..,0,0,0,0,0,..,5,0,6,0,6,..,4730,652,5379,147,5530,..,4975,673,5645,156,5801,..,57,16,75,575,653,1533,5029,691,5718,730,7984
SED70015,0,42,0,42,..,64,19,81,0,81,..,6,0,6,0,6,..,75,21,95,0,95,..,295,54,347,12,357,..,2505,298,2801,41,2842,..,85,14,98,600,698,5138,2588,310,2902,647,8685
SED70016,0,28,0,28,..,69,24,90,0,90,..,0,0,0,0,0,..,76,40,118,0,118,..,489,95,582,20,603,..,2218,403,2627,34,2657,..,72,9,84,742,830,4970,2293,421,2709,777,8459
SED70017,0,3,0,3,..,23,3,27,0,27,..,6,0,6,0,6,..,16,12,30,0,30,..,833,76,909,22,926,..,1564,120,1685,29,1713,..,138,18,156,1275,1433,5476,1702,137,1844,1308,8626
SED70018,0,8,0,8,..,10,5,12,0,12,..,0,0,0,0,0,..,0,0,5,0,5,..,4283,1173,5449,175,5625,..,4553,1243,5792,187,5984,..,90,13,104,886,991,2511,4640,1253,5898,1075,9478
SED70019,0,0,0,0,..,8,0,8,0,8,..,4,3,7,0,7,..,15,3,15,0,15,..,2485,262,2746,48,2793,..,3127,307,3435,60,3492,..,72,16,89,1351,1437,5377,3198,328,3522,1410,10306
SED70020,0,0,0,0,..,37,3,39,0,41,..,0,0,0,0,0,..,19,6,26,0,26,..,201,14,215,0,213,..,589,55,642,6,648,..,25,0,29,1743,1769,7568,611,54,671,1745,9981
SED70021,0,33,0,33,..,24,0,26,0,26,..,0,0,0,0,0,..,45,11,53,0,53,..,245,38,282,6,291,..,2468,202,2665,35,2701,..,70,7,80,492,569,5470,2534,208,2748,529,8747
SED70022,4,41,0,41,..,41,19,65,0,65,..,12,0,13,0,13,..,159,29,189,0,189,..,254,29,283,8,292,..,3359,260,3615,33,3649,..,81,20,104,1238,1337,6105,3442,273,3715,1267,11087
SED70023,4,34,0,34,..,57,19,75,0,75,..,4,0,4,0,4,..,65,15,84,0,80,..,219,41,259,10,264,..,1819,285,2105,29,2132,..,39,12,52,654,699,5385,1861,292,2153,683,8221
SED70024,5,42,0,46,..,42,9,53,0,53,..,0,0,0,0,0,..,59,19,77,4,82,..,466,50,512,13,530,..,2473,203,2678,49,2729,..,72,17,88,667,754,7941,2543,218,2767,720,11418
SED70025,8,74,0,71,..,43,5,55,0,55,..,4,0,5,0,5,..,62,24,93,0,93,..,311,42,352,6,361,..,2903,399,3303,30,3337,..,47,5,54,659,712,5777,2947,407,3355,694,9825
SED79494,0,0,0,0,..,0,0,0,0,0,..,0,0,0,0,0,..,0,0,0,0,0,..,310,41,349,36,392,..,454,56,514,42,551,..,109,11,125,1214,1343,1605,567,70,636,1259,3500
SED79797,0,0,0,0,..,0,0,0,0,0,..,0,0,0,0,0,..,0,0,0,0,0,..,5,0,5,0,5,..,7,0,11,0,11,..,0,0,0,24,24,63,7,4,11,24,99
SED80001,12,318,5,324,..,193,54,246,0,247,..,27,3,34,4,33,..,529,123,652,3,660,..,1692,267,1965,37,1994,..,11771,1304,13080,150,13229,..,252,28,277,2297,2572,67153,12024,1334,13354,2445,82954
SED80002,3,309,3,317,..,241,42,289,0,292,..,79,7,87,0,84,..,1127,290,1418,11,1424,..,3115,424,3536,63,3597,..,20208,2409,22615,196,22813,..,371,60,435,3088,3523,68688,20579,2467,23046,3293,95023
SED80003,7,283,0,283,..,187,36,224,0,219,..,80,4,85,0,85,..,666,139,806,11,814,..,2393,252,2642,45,2684,..,16778,1489,18265,164,18431,..,323,47,368,5645,6014,64021,17102,1538,18636,5814,88467
SED80004,35,579,3,579,..,175,39,214,3,216,..,61,10,77,0,76,..,372,61,429,8,438,..,2779,260,3035,58,3095,..,18860,1689,20547,225,20772,..,352,35,386,2901,3291,64662,19210,1724,20936,3130,88725
SED80005,40,896,14,912,..,259,52,307,5,313,..,94,11,109,6,109,..,1346,339,1687,14,1699,..,4245,548,4792,103,4898,..,31777,4190,35965,363,36332,..,481,89,571,2887,3458,58928,32263,4277,36539,3250,98716
SED89494,0,0,0,0,..,5,0,5,0,5,..,0,0,0,0,0,..,0,0,0,0,0,..,18,3,19,0,19,..,71,10,78,0,81,..,5,0,5,125,130,400,76,10,82,127,605
SED89797,0,0,0,0,..,0,0,0,0,0,..,0,0,0,0,0,..,0,0,0,0,0,..,0,0,0,0,0,..,0,0,0,0,0,..,0,0,0,0,0,0,0,0,0,0,0
SED99191,0,4,0,4,..,5,5,6,0,6,..,0,0,0,0,0,..,0,4,4,0,4,..,708,20,730,8,740,..,1560,347,1912,30,1944,..,15,10,24,859,889,1948,1575,360,1936,891,4778
SED99494,0,0,0,0,..,0,0,0,0,0,..,0,0,0,0,0,..,0,0,0,0,0,..,0,0,0,0,0,..,3,3,5,0,5,..,0,0,0,3,3,5,3,3,5,3,11
SED99797,0,0,0,0,..,0,0,0,0,0,..,0,0,0,0,0,..,0,0,0,0,0,..,0,0,0,0,0,..,0,0,0,0,0,..,0,0,0,0,0,0,0,0,0,0,0
