SED_CODE_2021,P_Y8b_15_19_yrs,P_Y8b_20_24_yrs,P_Y8b_25_34_yrs,P_Y8b_35_44_yrs,P_Y8b_45_54_yrs,P_Y8b_55_64_yrs,P_Y8b_65_74_yrs,P_Y8b_75_84_yrs,P_Y8b_85ov,P_Y8b_Tot,P_DNGTS_15_19,P_DNGTS_20_24,P_DNGTS_25_34,P_DNGTS_35_44,P_DNGTS_45_54,P_DNGTS_55_64,P_DNGTS_65_74,P_DNGTS_75_84,P_DNGTS_85_ov,P_DNGTS_Tot,P_Hghst_yr_schl_ns_15_19_yrs,P_Hghst_yr_schl_ns_20_24_yrs,P_Hghst_yr_schl_ns_25_34_yrs,P_Hghst_yr_schl_ns_35_44_yrs,P_Hghst_yr_schl_ns_45_54_yrs,P_Hghst_yr_schl_ns_55_64_yrs,P_Hghst_yr_schl_ns_65_74_yrs,P_Hghst_yr_schl_ns_75_84_yrs,P_Hghst_yr_schl_ns_85_yrs_ovr,P_Hghst_yr_schl_ns_Tot,P_Tot_15_19_yrs,P_Tot_20_24_yrs,P_Tot_25_34_yrs,P_Tot_35_44_yrs,P_Tot_45_54_yrs,P_Tot_55_64_yrs,P_Tot_65_74_yrs,P_Tot_75_84_yrs,P_Tot_85ov,P_Tot_Tot
SED10001,28,17,116,191,189,397,748,783,496,2962,5,11,49,60,107,90,68,56,23,475,296,331,689,703,689,761,786,670,337,5265,2198,4609,9883,9817,10191,11226,10356,5949,2204,66431
SED10002,17,68,388,573,798,978,1023,703,278,4819,8,88,586,554,658,753,601,398,192,3846,376,958,2578,1807,1125,883,588,342,199,8860,2493,10468,27546,18242,12508,11375,7253,3357,1282,94533
SED10003,13,9,69,79,98,235,430,468,380,1782,5,4,28,20,24,36,26,8,21,167,272,309,885,888,815,838,825,546,425,5794,1700,3362,9131,10396,11102,11698,11204,5596,2417,66599
SED10004,3,8,32,47,67,147,300,337,207,1150,4,12,34,29,39,55,78,82,64,398,149,344,879,709,550,481,434,346,225,4112,1347,5538,15416,14315,11945,9050,6944,3232,1073,68873
SED10005,6,33,172,420,620,955,1016,818,451,4493,12,43,183,240,367,678,541,372,226,2657,472,626,1430,1309,987,823,684,495,392,7224,2825,6734,14597,12356,10950,10303,7128,3753,1914,70563
SED10006,43,35,117,157,283,714,1198,902,448,3904,7,5,13,11,38,47,71,67,24,277,533,506,1146,1114,1203,1372,1243,914,472,8507,2147,3585,8814,7754,8836,10719,8893,5200,2039,57974
SED10007,35,25,77,108,176,444,788,655,394,2700,6,8,23,19,26,33,50,40,16,226,291,467,1049,931,862,761,815,660,264,6096,2196,4560,9483,8907,10133,10936,9653,5439,1941,63243
SED10008,8,6,20,28,63,158,343,340,181,1143,8,8,21,38,42,76,102,82,69,445,90,109,288,387,247,242,285,286,233,2160,1980,5143,8583,13955,11991,10403,8876,4908,1555,67401
SED10009,38,21,57,124,173,370,793,741,400,2720,3,7,13,16,16,31,46,34,22,183,296,223,509,535,710,970,1056,766,468,5533,1662,2623,6200,6887,9104,13263,14043,7102,2579,63468
SED10010,19,39,114,193,275,527,845,678,355,3051,6,29,124,122,215,217,235,166,88,1200,324,506,1192,954,701,590,531,395,187,5387,2278,6820,15366,14449,10628,9578,7232,3542,1397,71286
SED10011,16,0,37,43,83,153,281,245,182,1049,6,3,24,27,25,18,23,10,14,146,137,93,246,310,332,342,369,376,248,2449,1597,3108,6702,8911,10060,10337,9807,4874,1647,57043
SED10012,15,42,230,553,927,1593,1424,879,477,6149,11,56,313,401,944,1601,1186,618,463,5586,330,308,734,650,665,731,571,420,326,4736,2570,6158,11056,9977,11136,11633,8251,3686,1740,66215
SED10013,22,18,100,172,256,532,841,601,295,2839,4,8,69,97,105,162,192,139,72,854,242,298,786,768,491,428,422,376,315,4141,3675,7752,21166,20481,15754,11533,8176,3924,1443,93898
SED10014,24,25,132,199,279,522,723,469,191,2567,4,9,66,62,96,153,148,105,41,684,333,381,825,823,615,554,543,479,193,4752,2525,5712,12201,11612,9581,9289,7641,3659,962,63187
SED10015,4,23,95,178,383,675,1329,1553,704,4943,3,30,141,143,233,381,476,559,356,2326,199,486,1223,953,753,647,551,523,410,5731,1973,6380,15035,13632,12854,10989,7719,5133,2349,76065
SED10016,4,11,19,35,68,127,373,334,187,1156,0,9,31,38,51,62,63,55,54,366,143,167,324,416,335,241,245,244,170,2282,2783,6324,10838,17086,14952,10728,8057,4108,1285,76153
SED10017,37,44,118,131,210,539,984,556,329,2938,6,8,30,21,32,47,46,29,19,249,239,390,1025,868,750,578,634,580,362,5424,2614,5241,12541,11363,10759,10161,8719,4148,1561,67094
SED10018,29,26,58,82,116,246,419,454,353,1777,5,4,13,13,23,35,25,33,31,182,139,151,401,335,327,323,351,375,259,2658,1893,4309,9113,9919,9883,8966,7474,5096,2213,58878
SED10019,33,16,83,111,230,476,918,902,578,3345,3,8,15,25,25,26,36,35,25,197,345,443,1061,1015,928,958,951,772,437,6912,1964,3578,7492,7733,9328,11732,11639,6568,2524,62557
SED10020,29,42,153,248,192,394,601,563,379,2597,3,16,129,100,71,87,63,23,24,522,254,229,685,592,579,579,602,653,524,4703,2015,3587,8771,9266,9815,10574,10180,5718,2320,62242
SED10021,4,10,35,28,39,63,174,308,211,870,0,7,19,28,19,27,35,45,55,237,138,213,1143,731,482,364,427,493,673,4663,1220,4259,18078,13540,10807,8033,5870,3692,1960,67462
SED10022,23,22,75,121,210,466,1009,805,524,3252,0,7,24,20,31,37,42,38,18,213,292,377,828,836,816,888,913,731,325,6000,1914,3365,7261,7463,8650,10266,9921,5925,2266,57031
SED10023,6,0,15,25,45,102,256,285,231,964,0,4,10,12,16,27,33,35,24,166,117,115,395,349,328,287,301,252,245,2385,1913,4520,9112,9963,11033,10137,8050,4462,2096,61293
SED10024,0,6,16,21,37,70,182,212,159,696,0,0,16,32,27,39,57,36,43,266,89,89,145,231,244,234,267,322,273,1901,1843,4464,5368,10373,12674,9745,7742,5820,2489,60515
SED10025,0,6,22,32,60,164,521,811,567,2178,0,8,68,36,46,68,136,195,152,705,95,200,648,498,331,338,395,385,420,3304,1398,4278,12889,12572,10952,9658,7740,4563,2140,66195
SED10026,26,26,80,108,216,464,858,641,378,2795,4,4,23,27,16,43,49,48,15,224,410,459,1339,1144,938,882,791,660,351,6989,2247,4318,11637,9932,9663,10006,8145,4966,1839,62754
SED10027,9,5,74,146,220,529,732,716,452,2877,4,16,71,78,167,271,279,237,129,1250,236,226,621,595,448,445,439,485,547,4044,2315,5154,10340,11233,10590,9936,7239,4253,2226,63284
SED10028,0,5,15,18,50,115,239,214,178,842,0,14,55,57,66,93,93,59,63,497,106,125,360,372,249,274,312,448,567,2806,1878,5216,9443,12921,11782,10865,8236,4872,2862,68076
SED10029,30,99,499,943,1166,1509,1419,990,495,7156,11,103,531,694,1063,1553,1213,817,416,6393,428,426,987,940,866,878,739,564,409,6231,2828,6390,12540,11594,11989,11722,8242,4452,1943,71709
SED10030,16,20,65,83,155,352,540,509,338,2080,5,11,34,31,40,56,39,46,20,277,200,239,555,502,576,595,682,626,414,4385,1824,4169,9079,9903,10173,10669,9324,5860,2420,63421
SED10031,24,16,78,117,175,358,689,588,326,2374,5,7,19,30,30,37,36,42,25,236,251,296,705,670,755,834,827,669,443,5444,2093,3795,8571,9067,10906,11717,10596,5839,1996,64576
SED10032,11,50,340,432,538,673,934,765,370,4106,7,68,423,475,457,508,455,357,179,2936,443,734,2051,1525,916,732,497,380,189,7468,2504,7983,20304,16701,11050,9488,6523,3630,1413,79591
SED10033,20,23,86,70,136,333,594,482,294,2036,0,10,18,16,18,34,52,71,38,256,206,214,464,435,448,449,412,410,266,3293,2540,4911,9674,9108,10975,10086,7510,4153,1388,60345
SED10034,12,3,12,37,53,107,233,332,195,988,4,6,11,32,17,22,20,36,11,164,88,96,238,249,253,237,265,393,463,2279,2028,4356,8646,10680,10841,9481,7485,4336,1810,59661
SED10035,3,23,96,76,113,267,569,659,353,2164,3,36,148,72,85,136,203,218,134,1037,253,903,2274,1069,552,503,419,327,186,6481,2293,12681,35962,20408,11743,8591,5838,3361,1347,102224
SED10036,17,15,134,228,306,512,741,729,417,3099,11,28,119,182,208,312,284,224,103,1469,330,324,773,725,511,472,455,473,419,4483,2818,6128,11797,12620,11861,9951,6500,3579,1525,66796
SED10037,6,3,37,29,75,145,249,268,186,996,0,3,45,52,75,74,84,90,54,482,90,116,252,320,307,221,290,259,176,2019,1914,4718,8261,12239,12589,10397,7799,4582,1549,64038
SED10038,14,17,38,80,108,268,532,640,465,2162,0,7,20,46,46,42,57,77,61,357,259,283,346,368,350,317,393,500,451,3265,2501,5516,9015,10559,10892,10011,8048,5062,2319,63918
SED10039,22,17,70,69,107,280,637,517,354,2070,6,11,10,15,26,38,36,38,29,198,195,267,696,641,532,489,602,544,378,4343,2012,4027,9125,8978,9359,10854,10272,5631,2215,62475
SED10040,11,18,82,102,183,429,996,1078,588,3483,0,33,138,133,150,228,359,322,245,1608,167,440,1050,644,468,479,486,501,551,4789,1865,7895,17289,13195,10758,10599,8036,4701,2503,76824
SED10041,0,0,9,18,45,75,154,142,152,607,0,4,38,63,51,58,56,41,41,349,118,130,290,334,287,252,297,373,484,2555,1880,4640,7945,12848,12514,9953,7719,5491,3240,66213
SED10042,37,21,78,114,161,399,651,552,427,2430,4,5,30,25,34,48,70,32,14,262,154,175,394,392,374,439,591,700,444,3664,2112,4417,8858,8836,9667,10643,10201,6430,2573,63727
SED10043,13,26,274,357,530,861,1174,1004,467,4705,3,31,255,241,332,547,689,536,283,2908,430,508,1369,1108,824,801,643,468,309,6450,2725,6653,15125,13285,10563,10045,7150,4137,1785,71467
SED10044,7,0,24,34,40,107,245,360,243,1066,0,10,28,42,36,50,59,84,72,379,110,145,536,558,348,308,366,452,690,3517,1599,4668,13209,14574,12043,9641,7488,4528,2359,70116
SED10045,24,23,66,135,196,377,649,662,445,2575,4,10,15,24,26,31,36,25,25,188,365,320,650,769,848,1013,936,593,421,5913,2066,3501,7228,8510,10126,12297,10765,5041,2051,61585
SED10046,34,61,270,504,697,1005,1175,727,274,4739,6,58,305,374,521,796,639,390,183,3268,401,528,1179,1131,832,877,582,386,114,6030,3109,7190,14222,13553,12142,11297,6726,3230,1009,72472
SED10047,30,48,184,243,389,761,1117,733,243,3759,6,16,80,119,157,160,185,142,63,927,553,692,1800,1631,1118,810,701,500,228,8031,3438,7612,19431,19767,13369,10621,7984,3951,1060,87226
SED10048,13,26,108,179,322,591,815,529,208,2803,10,21,87,113,147,255,232,153,75,1095,347,362,968,984,683,595,549,459,270,5216,2916,6920,16698,18501,12977,11722,8215,3488,1101,82541
SED10049,42,34,104,108,205,412,679,535,332,2457,0,6,22,28,47,50,45,29,16,242,192,219,574,516,383,400,411,379,238,3318,2603,5466,12938,12036,10983,9928,8172,4332,1491,67950
SED10050,4,5,19,24,29,69,131,183,156,624,0,0,15,30,27,16,28,36,28,185,117,136,526,443,400,302,251,241,158,2573,1534,4052,12134,12687,12755,9691,6347,3804,1558,64567
SED10051,5,3,58,71,130,251,581,732,430,2262,0,11,52,47,44,94,119,170,121,659,163,333,1044,941,775,646,639,616,458,5615,1778,5353,13000,13155,11977,9918,7634,4966,2117,69897
SED10052,11,3,29,42,82,160,434,459,345,1561,3,9,25,29,40,49,86,87,64,383,113,134,369,423,384,292,355,463,476,3016,1841,4284,9348,10877,10854,9596,7886,5338,2610,62632
SED10053,22,13,83,63,145,308,565,556,256,2011,0,3,25,25,24,29,57,62,45,273,224,254,872,709,659,705,578,348,158,4512,1927,4553,12150,11478,12212,11209,7729,3822,1253,66326
SED10054,22,35,186,264,360,666,919,571,211,3231,8,31,109,163,213,261,247,181,79,1287,430,480,1088,998,793,615,583,434,409,5824,3078,6731,13295,13373,11713,10257,6780,2879,1166,69259
SED10055,17,17,67,144,231,447,815,578,220,2536,4,15,59,83,154,210,204,156,86,970,204,248,482,493,438,396,318,191,59,2824,2814,5867,11438,12402,11767,10661,6719,2492,706,64868
SED10056,37,35,129,173,309,602,1174,1123,603,4194,3,11,66,50,73,87,89,101,70,549,411,412,1059,911,1013,1117,1103,867,538,7432,2275,4201,10250,9418,10538,11795,10241,6006,2384,67116
SED10057,23,19,96,136,192,493,944,820,547,3275,0,5,17,12,23,28,32,34,30,177,254,233,501,537,593,817,1089,965,614,5601,1841,2846,6231,6815,8594,11722,13071,7924,3071,62102
SED10058,12,22,70,84,112,232,432,439,357,1750,0,8,17,38,44,45,45,56,36,287,159,350,637,496,500,508,565,452,385,4049,1636,6413,13424,10370,9899,9932,8186,4280,1875,66012
SED10059,3,8,48,62,75,184,325,372,191,1267,0,11,58,36,42,55,87,145,93,531,145,564,1389,828,654,586,523,411,220,5327,1759,8831,22266,13347,10009,7400,4695,2482,951,71744
SED10060,0,3,14,20,21,33,72,93,82,341,0,9,23,18,18,31,30,18,21,168,97,147,658,555,405,427,369,409,263,3342,1044,3932,14649,12763,10408,9153,7707,5105,1805,66583
SED10061,44,47,119,148,233,492,890,848,420,3239,5,24,65,55,51,49,68,55,16,397,710,738,1171,1042,1120,1136,1021,828,390,8150,2688,4799,9206,8456,9493,10779,9244,5786,1980,62421
SED10062,5,5,36,54,135,304,607,632,377,2146,0,7,55,44,67,124,168,156,112,736,157,199,510,459,354,366,379,444,503,3366,1878,5055,9684,10482,10593,10213,7807,4671,2376,62760
SED10063,38,28,95,134,217,454,832,659,448,2912,0,5,28,28,37,38,70,48,24,278,316,320,664,659,634,700,685,634,400,5019,2133,4303,9663,9570,9679,9894,8604,5215,2100,61162
SED10064,49,26,80,109,195,518,1016,824,526,3333,4,5,9,12,28,32,32,46,21,190,373,361,921,884,811,930,929,690,377,6281,1990,3135,7179,7476,9249,12301,12127,6447,2343,62258
SED10065,9,14,117,151,247,377,562,479,258,2203,3,20,133,121,111,228,231,177,113,1145,219,498,1522,1166,631,615,512,363,259,5786,2016,7666,22720,20270,12315,10887,7478,3755,1623,88727
SED10066,27,19,99,120,200,381,634,459,227,2162,3,11,36,52,56,67,73,59,36,391,226,357,880,736,557,465,517,588,475,4810,2298,5929,12683,11802,10353,9104,7695,4234,1577,65665
SED10067,10,7,6,24,25,74,147,227,191,713,3,0,9,12,23,22,13,31,28,139,154,132,265,318,356,347,409,566,585,3136,1689,3737,6135,8443,10878,10611,8968,5983,2774,59206
SED10068,20,9,48,77,147,326,779,727,508,2641,0,0,13,12,23,29,31,27,17,157,188,193,361,397,397,575,736,736,504,4087,1932,3491,6741,7870,9613,11602,13022,8478,3236,65985
SED10069,29,24,103,101,178,381,744,570,294,2422,5,11,21,20,28,31,39,28,22,194,191,193,394,391,490,572,742,799,430,4203,2013,3551,6855,7634,9369,11301,11681,7058,2101,61557
SED10070,20,58,236,378,435,697,1172,1113,525,4630,9,46,197,237,308,410,482,396,271,2350,202,264,655,726,545,455,567,457,336,4195,2140,5324,11641,13428,10698,9754,8226,4572,1761,67559
SED10071,17,23,60,93,145,299,542,387,147,1715,4,13,47,65,98,153,131,80,48,645,252,461,1265,1250,672,406,323,198,81,4909,3061,7460,17751,24838,15301,9717,6360,2521,683,87698
SED10072,4,9,62,87,169,390,904,1143,531,3307,9,28,119,109,113,198,277,346,200,1393,221,449,1402,850,640,556,505,565,467,5650,1818,6763,19094,14209,11303,9748,7504,5008,2271,77716
SED10073,4,7,37,86,113,276,543,515,407,1995,8,19,140,105,89,163,155,165,131,970,133,303,970,721,459,496,386,314,227,4011,1858,6945,19092,16721,11283,10720,8210,4427,2301,81551
SED10074,9,14,63,107,178,293,574,521,329,2083,5,16,62,87,89,123,119,112,77,687,160,295,791,645,444,377,395,369,231,3700,1888,5130,12680,14059,10614,8799,7322,4485,1721,66702
SED10075,34,27,82,118,180,504,1031,828,433,3228,5,8,21,25,41,58,93,121,73,451,232,215,514,469,432,448,494,616,406,3833,2630,5274,10601,11015,11171,11025,9270,5702,1994,68688
SED10076,23,20,57,99,171,427,983,769,491,3036,0,0,11,33,29,35,43,49,19,223,293,224,546,531,593,703,791,722,369,4768,1742,3163,7528,7726,8613,11416,12452,7193,2556,62392
SED10077,4,21,109,127,185,312,653,862,487,2777,9,71,255,123,143,188,253,271,230,1535,186,761,1555,805,501,468,437,402,376,5492,1943,11142,23150,14075,11109,10277,7169,4312,2294,85459
SED10078,4,7,38,71,125,317,762,1113,681,3120,0,15,76,66,91,179,254,365,270,1315,104,312,886,532,426,413,416,366,336,3790,1309,5406,16427,12818,10775,8890,6330,4002,2096,68053
SED10079,25,21,71,70,131,367,695,606,357,2344,5,5,6,18,26,32,23,33,17,166,149,162,334,353,385,438,562,620,346,3354,1913,3781,7356,7953,9326,10387,10106,6408,2153,59384
SED10080,5,30,128,89,77,104,141,137,86,802,0,39,243,151,61,66,59,36,32,687,143,740,2315,1330,765,605,512,415,283,7111,1056,7518,28366,17904,10820,8860,6653,3485,1283,85946
SED10081,44,32,135,126,218,472,799,767,408,2994,3,6,35,25,37,50,57,43,16,267,384,344,845,730,696,711,730,676,351,5469,2345,4194,10159,9295,9421,9949,8797,5512,2042,61720
SED10082,8,0,19,36,68,154,361,406,268,1328,3,9,6,16,18,23,25,21,29,145,131,132,291,354,333,379,503,598,563,3284,1878,3717,6639,8974,10305,10377,9869,6320,2610,60699
SED10083,19,11,50,82,149,304,550,464,374,2004,4,12,16,17,30,26,42,29,43,214,200,193,443,452,417,426,541,579,518,3781,1894,4041,8739,9358,9485,9680,8696,5087,2412,59395
SED10084,10,12,56,81,133,290,652,799,559,2601,7,3,7,13,25,33,37,36,27,195,232,231,591,659,627,668,689,780,673,5160,1823,3425,7581,9319,9957,11348,11358,7346,3308,65465
SED10085,37,30,103,132,205,482,808,638,401,2839,13,9,15,22,20,39,27,41,14,201,368,326,765,717,738,770,746,542,249,5227,2429,3989,9257,9283,10331,10847,8694,4593,1626,61044
SED10086,0,0,29,20,23,51,96,129,119,470,0,3,22,12,18,19,24,26,22,147,169,222,983,663,481,386,346,448,458,4160,1262,4045,15745,12017,10360,8160,6940,4483,1988,65004
SED10087,39,49,136,198,226,382,633,607,403,2665,0,15,89,99,66,68,58,35,24,466,358,403,655,596,584,585,606,512,356,4652,2745,5814,11068,9825,9342,9588,7969,4632,1993,62970
SED10088,11,6,35,83,85,177,340,406,230,1367,5,6,27,66,103,90,84,79,70,526,107,148,396,396,388,311,329,360,363,2789,1940,4811,9397,11713,12722,9770,6833,4820,2210,64223
SED10089,27,36,102,128,180,369,574,558,463,2424,4,9,51,61,68,81,62,44,47,424,364,486,646,500,358,400,488,613,620,4478,3023,7584,13026,11067,10069,9117,7776,4918,2491,69064
SED10090,3,7,27,33,58,91,254,293,210,978,0,0,63,52,51,68,93,88,73,494,118,144,483,498,374,275,359,280,250,2788,1501,4390,11418,14443,12472,9438,7712,4204,2149,67727
SED10091,28,20,67,80,128,288,581,425,213,1830,4,3,22,20,32,30,42,34,21,208,226,185,397,482,496,425,518,542,449,3712,2402,4312,9233,9810,10952,10087,9276,5659,1999,63740
SED10092,16,24,109,163,211,505,999,1213,691,3931,7,9,60,70,75,103,203,242,202,972,217,359,801,553,534,502,548,557,441,4520,2239,7478,13582,9955,9956,10466,8384,5539,2497,70086
SED10093,47,22,93,121,213,464,749,662,376,2760,4,10,20,29,34,51,82,74,23,320,267,261,602,558,543,509,621,748,607,4713,2539,4890,10084,9863,10375,9757,8428,5432,2246,63628
SED19494,12,7,37,52,60,50,73,33,0,318,0,3,9,15,7,14,10,5,4,75,176,272,752,787,651,467,208,66,18,3408,409,824,2186,1856,1677,1649,1055,277,49,9981
SED19797,0,0,0,0,0,0,0,0,0,0,0,0,0,0,0,0,0,0,0,0,0,0,0,0,0,0,0,0,0,0,0,0,0,0,0,0,0,0,0,0
SED20106,11,7,57,51,72,116,244,426,207,1179,3,12,82,42,34,34,49,77,55,394,102,329,1288,908,669,613,488,364,183,4944,1049,5586,20440,14268,10698,8787,6169,3271,977,71246
SED20207,36,30,76,155,212,376,818,701,359,2763,6,23,87,89,138,152,192,154,70,916,264,346,932,1032,615,442,368,256,138,4401,2147,5598,15412,21392,14177,9588,6743,3072,1096,79230
SED20302,50,45,190,230,244,445,756,896,491,3353,4,24,123,126,148,103,88,83,42,737,289,293,988,847,703,708,862,676,375,5739,2314,5801,17569,17355,12608,11993,11179,5951,1959,86728
SED20401,14,26,70,99,149,203,340,494,346,1740,0,10,48,54,54,73,76,52,25,385,107,140,386,377,333,290,317,378,409,2747,1213,3561,9118,9775,8556,7478,6115,3637,1683,51133
SED20508,22,15,44,49,74,184,501,650,370,1926,3,3,12,18,20,20,22,34,14,154,126,118,244,334,352,492,730,611,360,3369,1326,2879,6397,8039,8771,10126,11356,6073,2092,57063
SED20604,28,27,86,106,127,257,542,667,442,2272,6,4,30,27,54,56,51,22,19,269,230,239,473,496,503,536,585,469,278,3801,1783,3525,8149,8391,8862,9521,8560,4341,1548,54680
SED20704,41,38,136,144,160,288,584,653,419,2459,0,18,57,61,76,64,37,21,12,349,211,198,479,450,490,524,490,442,343,3629,1837,4436,9244,8788,8670,8903,7721,4031,1686,55324
SED20804,26,27,118,153,180,274,617,740,419,2557,6,14,53,66,68,65,52,25,14,370,173,204,538,475,494,525,600,596,517,4120,1308,3234,7754,7595,7934,8532,8100,4643,1885,50986
SED20906,7,12,16,35,58,95,332,623,450,1633,4,8,41,39,42,64,67,89,58,422,98,113,299,310,295,250,247,300,205,2121,1398,3665,7386,9995,10391,7667,5334,3284,1818,50939
SED21001,7,30,52,88,144,150,295,439,377,1578,5,28,92,81,81,86,98,66,78,618,120,313,630,355,338,272,325,382,506,3247,1459,5764,10748,9695,9895,8356,6494,4235,2594,59238
SED21106,5,4,6,27,22,64,120,250,242,733,0,5,11,23,26,32,30,33,27,189,98,99,334,389,388,293,309,302,313,2536,1220,3182,6713,7940,9903,8388,6282,3883,1927,49446
SED21203,35,76,325,599,758,1035,1282,1361,626,6092,4,44,177,289,399,558,531,488,269,2763,332,473,1162,982,681,626,472,365,197,5281,1956,5531,12257,10057,8480,7734,5070,3463,1503,56056
SED21303,4,6,29,45,65,191,513,1080,702,2640,0,10,41,29,46,94,201,296,182,893,59,210,774,442,269,255,261,217,121,2606,982,6186,19604,12831,8817,6516,4459,2848,1476,63705
SED21401,4,7,37,51,66,188,626,1288,858,3123,0,14,55,33,49,115,149,205,163,780,79,99,297,313,271,275,334,400,310,2372,1215,3877,8029,8605,8590,8339,7033,6010,2811,54513
SED21503,18,15,58,76,124,229,593,902,502,2524,0,14,49,54,116,127,132,139,82,714,131,289,447,289,231,252,247,251,187,2327,1409,4639,9135,8248,8093,6815,5645,3616,1477,49072
SED21608,29,50,99,108,127,264,562,627,326,2200,3,10,20,13,30,36,33,20,13,185,249,252,513,429,534,440,571,440,250,3668,1741,3957,8599,8520,8796,8455,7281,3554,1266,52163
SED21706,20,21,29,48,60,119,310,476,367,1440,0,18,53,53,60,76,98,91,54,495,91,285,548,332,273,250,290,245,243,2562,1579,5716,9350,8885,9466,7886,5864,3598,2091,54439
SED21805,23,34,74,99,171,237,446,558,337,1983,8,7,32,27,44,58,53,50,33,314,140,151,442,458,433,355,366,405,257,3011,1423,3668,9539,10445,10026,8793,6641,3498,1359,55374
SED21906,8,9,32,32,46,60,187,269,288,938,6,8,28,32,19,29,39,71,50,273,99,251,685,435,293,238,360,291,279,2921,1053,4546,12315,9919,8289,6841,6483,3205,1751,54406
SED22005,17,22,137,166,270,517,1037,1365,710,4246,8,52,194,172,253,402,462,408,234,2194,132,342,896,478,347,350,407,421,414,3787,1384,6062,14105,10636,8901,7790,6504,4401,2320,62094
SED22105,55,67,339,469,459,542,729,657,317,3629,12,56,374,432,442,346,241,126,49,2070,311,409,1195,997,661,510,412,309,180,4986,2878,8136,21169,22694,14492,10070,6614,3259,1173,90487
SED22201,16,33,132,178,164,164,312,488,343,1831,5,9,91,93,89,75,65,37,29,490,91,107,305,252,233,244,245,292,242,2005,1159,3475,8414,8785,7760,7260,6125,3909,1585,48476
SED22305,43,95,461,686,567,649,885,960,479,4824,13,92,671,798,673,493,326,244,131,3438,268,397,1246,944,682,620,574,439,196,5370,1611,5101,13738,11333,8570,7826,6232,3690,1511,59610
SED22404,33,18,67,76,121,229,411,588,303,1839,7,12,24,16,20,22,27,21,16,152,257,242,439,543,703,773,695,490,212,4350,1444,2852,6178,6857,8610,9896,8559,4203,1315,49918
SED22501,9,9,21,18,35,73,246,402,239,1066,6,6,14,25,28,42,23,24,23,187,66,63,129,183,207,203,251,229,140,1466,1207,3069,5349,7979,8789,8220,6942,3336,1039,45932
SED22607,8,20,63,78,94,215,392,698,480,2050,0,8,81,47,79,89,111,157,130,700,108,218,650,462,409,364,291,235,132,2868,1327,4871,12436,10472,9614,8082,5825,2893,1454,56971
SED22704,44,35,105,107,174,384,848,949,521,3185,10,5,25,25,29,37,37,33,28,222,310,245,616,630,774,962,864,700,369,5469,1593,3257,7028,7076,8877,10558,9813,5338,1941,55479
SED22802,16,22,68,105,125,158,350,486,264,1593,0,20,52,68,55,36,37,43,22,327,104,95,259,241,256,236,225,241,96,1757,1404,3657,8136,8062,8048,7381,5906,3340,955,46886
SED22901,12,10,40,64,107,184,377,492,314,1599,6,5,23,52,42,88,87,62,58,421,86,101,259,252,222,209,276,303,273,1989,1284,3416,7385,8570,7624,7460,6718,3601,1601,47660
SED23007,25,35,169,239,363,630,1012,1102,507,4096,7,31,164,208,265,420,395,297,191,1963,199,411,1376,859,618,517,517,429,336,5255,1498,5951,18980,13841,10011,8140,5945,3311,1453,69150
SED23101,7,12,32,45,97,196,419,762,463,2032,7,9,53,62,76,100,136,141,95,678,58,125,238,239,228,182,284,350,347,2054,1204,3821,6604,8148,8341,7024,6433,4983,2256,48818
SED23205,25,37,87,122,147,244,382,522,341,1910,4,17,29,28,21,35,34,38,23,229,227,234,653,572,573,513,436,473,393,4079,1433,3511,8635,8421,8318,7624,6345,3921,1776,49984
SED23308,30,36,82,91,142,240,483,702,436,2244,8,14,37,36,42,46,55,43,35,307,133,259,528,446,387,421,419,394,279,3262,1320,4600,10648,8712,8321,8117,6742,3832,1688,53967
SED23402,34,23,100,114,140,209,425,528,267,1842,8,8,48,58,34,48,45,44,22,308,232,238,549,550,493,406,367,350,213,3397,1988,5154,12181,12133,10890,9066,6637,3696,1302,63043
SED23502,35,34,102,106,147,328,684,895,410,2749,5,15,10,18,10,26,26,35,12,158,242,218,490,549,631,830,917,704,358,4940,1426,2520,6055,6173,7332,9973,10840,5877,1822,52017
SED23602,34,15,62,95,139,295,630,759,447,2482,3,7,9,18,30,44,30,39,18,193,193,182,498,574,542,656,716,527,271,4155,1313,2549,6034,6532,7666,9164,8946,4532,1570,48309
SED23702,28,34,103,117,178,277,564,617,314,2224,6,11,24,25,30,32,37,40,32,232,192,168,368,457,430,420,437,376,202,3055,1985,4244,9193,8997,9460,9471,7529,4037,1298,56210
SED23806,6,3,20,23,26,36,130,229,208,683,0,10,23,16,32,26,29,38,47,211,114,163,432,309,260,233,263,238,182,2190,1394,5230,10753,8485,8343,7139,5832,3549,1543,52255
SED23901,7,15,49,57,84,170,378,687,609,2059,5,12,48,56,51,89,91,88,95,542,108,161,398,375,307,309,329,236,138,2362,1231,4017,9409,9751,8901,8048,6309,3829,2017,53508
SED24006,11,11,14,30,63,96,219,432,330,1199,0,15,32,32,53,74,71,81,73,432,92,114,232,198,283,253,230,248,206,1853,1495,4502,6740,7262,9394,8516,6193,3883,2020,49996
SED24105,34,36,177,393,546,838,827,818,408,4080,18,83,239,351,455,713,494,290,162,2807,129,204,531,458,320,343,342,311,164,2802,1742,5301,11177,10912,9676,8434,6795,3846,1479,59366
SED24207,32,46,245,448,577,819,1378,881,249,4663,14,36,223,292,439,527,468,253,102,2351,331,449,1262,1013,695,517,437,285,121,5115,2360,6483,16146,17465,12903,9165,6819,2805,735,74879
SED24308,54,57,189,251,308,459,966,1009,598,3877,8,21,111,158,172,136,127,145,83,955,246,290,747,622,589,476,487,470,285,4221,1751,4463,10772,8906,8942,8199,6921,3883,1635,55483
SED24408,34,37,104,111,153,293,583,911,692,2921,5,6,34,30,51,43,30,31,9,245,215,188,390,366,461,590,699,630,417,3955,1292,2690,6255,5957,7036,8779,7863,4706,2073,46649
SED24504,13,14,31,44,91,165,403,502,263,1535,3,8,7,16,20,14,25,20,13,124,205,154,334,406,534,566,568,424,235,3421,1364,2547,5495,8151,9965,9498,8235,3986,1195,50434
SED24606,7,6,19,20,26,31,160,363,230,865,0,7,24,16,21,33,26,72,48,247,88,148,400,300,267,237,294,293,236,2264,1153,4377,9168,7567,8094,6892,5983,4046,1887,49164
SED24703,7,39,145,116,127,171,216,234,181,1239,5,74,285,121,104,117,87,73,48,912,397,1604,3418,1550,843,651,471,273,138,9339,4339,22412,42978,18324,9646,7566,5362,2484,885,113999
SED24808,50,81,262,303,336,463,887,734,294,3409,3,26,135,176,181,153,123,98,27,917,372,389,1063,937,705,543,530,380,118,5040,2378,5732,15299,14953,11180,9012,7658,3323,1014,70546
SED24904,53,56,202,221,275,512,891,989,623,3816,5,42,145,127,114,135,90,98,58,825,314,293,821,751,723,800,787,592,373,5462,1637,3581,8870,7879,8202,8898,7399,4113,1827,52396
SED25003,17,20,97,151,205,441,897,751,349,2931,3,18,71,81,96,130,194,178,105,887,163,182,459,436,322,325,347,403,401,3046,1713,4762,10448,10445,9584,8679,5561,2565,1129,54882
SED25102,17,11,63,61,77,112,229,317,147,1040,4,6,20,24,36,18,17,28,17,170,101,83,255,241,271,267,257,228,178,1882,1307,3102,6231,7852,8644,7939,6255,2826,900,45044
SED25205,18,11,28,40,73,156,305,543,390,1562,4,7,27,30,38,44,53,57,50,314,94,76,288,306,302,272,290,305,243,2160,1299,3284,7112,9557,10142,8174,5932,3654,1737,50890
SED25302,20,5,27,37,63,90,239,513,352,1354,0,3,13,20,24,15,20,26,20,135,132,76,172,256,347,286,430,506,455,2670,1445,2842,4232,7154,9684,8318,8450,6136,2502,50779
SED25402,57,36,150,149,211,409,741,864,520,3136,5,13,38,47,49,40,54,50,38,326,261,323,677,650,611,683,689,571,447,4911,1740,3830,8697,7958,8221,9343,7983,4303,1691,53773
SED25501,10,13,42,53,102,144,345,545,392,1647,3,12,53,50,60,96,114,82,96,563,119,205,401,346,296,281,204,268,252,2366,1437,4590,7772,9056,8777,7595,5773,4448,2231,51679
SED25605,11,23,77,129,217,365,793,1024,551,3175,10,15,120,134,142,219,253,256,156,1294,126,192,479,354,324,326,374,507,474,3161,1206,3933,8759,8535,7978,6987,6705,4897,2244,51241
SED25704,42,33,123,132,183,397,789,1026,641,3369,4,18,35,48,53,52,49,38,24,323,240,232,498,535,607,707,792,676,500,4787,1429,3212,6893,6754,7832,9311,8423,5191,2206,51250
SED25802,49,30,125,146,194,349,726,960,556,3147,6,14,43,23,45,47,36,39,24,274,253,212,596,598,638,717,701,577,271,4571,1784,3911,9381,8705,9443,10375,9479,5249,1789,60119
SED25905,25,29,149,202,232,403,617,604,346,2614,12,47,182,218,252,215,189,157,83,1347,206,269,611,474,417,397,318,272,198,3174,1644,4760,9705,8896,8719,8873,5902,2840,1273,52607
SED26005,36,40,258,383,362,427,552,450,158,2675,13,63,313,466,461,339,197,95,45,1996,234,296,608,576,488,381,285,170,56,3098,2399,6378,11277,13051,12444,9078,5093,2207,596,62521
SED26102,32,20,67,61,124,162,535,808,505,2313,3,8,15,24,18,58,47,55,40,264,200,210,420,510,661,737,905,813,484,4958,1228,2549,5485,6419,8411,10135,11544,7272,2712,55759
SED26207,6,4,38,58,82,217,865,1539,834,3640,3,6,23,27,47,63,156,279,175,773,81,104,300,266,302,257,316,408,268,2307,1177,3366,7027,8213,8604,7304,6304,4843,2133,48965
SED26303,7,7,27,39,72,173,568,1042,612,2541,4,14,21,40,38,76,154,281,208,839,75,148,488,415,309,278,239,246,205,2397,970,3658,13289,11395,9843,7060,4551,2855,1438,55064
SED26406,7,9,36,47,74,178,511,983,629,2463,0,20,71,44,36,69,134,214,98,692,110,447,848,412,293,226,273,224,222,3068,1818,7593,14743,10515,8720,7030,5052,3467,1820,60760
SED26504,25,20,68,99,142,266,640,907,555,2734,4,3,23,23,25,34,33,52,25,223,196,193,408,424,472,551,706,652,367,3976,1306,2507,5918,6385,7544,8547,8403,5161,1978,47731
SED26603,12,20,61,119,173,351,795,1298,1065,3898,3,22,60,58,94,156,212,303,192,1107,145,285,846,568,466,365,371,383,441,3873,1360,5276,15229,13219,9911,7576,4964,3612,2580,63725
SED26708,19,23,98,105,133,270,565,809,518,2542,0,7,41,32,40,43,37,27,12,243,220,166,466,498,563,635,716,511,317,4096,1456,2864,6937,7364,8386,9558,8567,4522,1704,51358
SED26806,4,7,32,40,57,87,153,317,211,907,0,6,38,35,35,40,35,84,63,337,140,353,1413,831,574,489,435,435,390,5047,871,5702,23013,12711,7897,6482,5203,3320,1452,66648
SED26903,16,26,88,133,193,396,909,1451,898,4108,3,22,66,62,101,173,237,351,223,1245,118,227,758,556,446,403,401,381,387,3684,1085,4323,13470,11316,8978,6977,5014,3597,2098,56857
SED27003,0,8,78,84,156,230,338,472,291,1668,3,9,44,68,96,146,133,149,140,783,108,319,1169,706,518,461,357,250,105,3994,825,5331,23488,13086,8511,6924,4943,2529,1005,66639
SED27101,7,42,126,143,124,198,318,482,361,1794,0,14,110,87,89,155,115,63,44,681,78,113,332,360,274,241,216,261,146,2014,1145,3735,9562,10493,8844,6998,5488,3560,1494,51316
SED27208,42,46,117,138,216,410,845,1046,567,3428,0,13,29,21,55,52,47,26,15,263,239,206,522,569,731,840,907,786,395,5200,1478,2996,7080,7035,8732,10168,9881,5428,2029,54842
SED27305,5,3,33,39,81,188,352,432,178,1314,3,5,24,26,43,69,84,79,41,364,77,101,192,204,154,195,205,171,74,1367,1359,3858,6190,7089,8365,8170,5006,2726,786,43549
SED27406,14,3,19,24,47,72,197,328,278,979,0,3,8,12,23,13,42,47,30,175,82,67,239,283,289,231,296,312,271,2074,1255,3205,6261,8090,10039,8557,6913,4192,1938,50450
SED27504,38,43,223,287,291,448,845,967,534,3672,8,26,119,169,197,149,109,111,53,936,316,315,797,707,698,765,738,700,450,5500,1804,4126,9531,8756,9137,9364,8044,4799,1925,57494
SED27608,27,15,60,62,83,145,305,512,441,1645,3,15,31,32,30,35,26,16,20,206,195,331,543,440,389,333,449,412,351,3440,2229,6452,13143,13214,11108,9364,8321,4700,2053,70575
SED27708,39,24,88,118,142,265,665,845,522,2708,0,5,40,42,24,37,31,16,10,200,245,195,465,512,516,530,634,534,341,3963,1592,3124,7406,7558,8531,9271,8441,4343,1819,52088
SED27807,21,45,211,400,595,875,1516,1468,644,5766,8,34,268,290,409,561,549,425,282,2826,290,444,1212,917,702,645,622,537,392,5756,1608,5403,13119,10032,8744,8591,7340,4135,1793,60767
SED27907,26,8,93,91,143,239,665,685,338,2289,4,9,21,29,43,65,103,136,45,472,149,177,493,409,373,341,334,306,130,2703,1506,3823,9907,9123,8587,8003,6477,3370,1114,51909
SED28007,14,24,96,145,233,562,1042,805,293,3210,0,11,56,85,131,252,222,195,96,1052,180,186,477,486,394,339,278,188,66,2601,2242,5562,10623,11673,11930,9376,5615,2449,806,60268
SED28107,39,66,232,308,336,509,616,484,165,2752,4,51,193,207,230,269,195,108,43,1293,441,671,1955,1607,712,498,381,194,68,6522,2702,8825,25631,26972,12751,9261,5691,2177,521,94520
SED28203,18,28,142,316,428,718,1835,1919,792,6201,3,37,123,180,226,367,496,558,314,2307,199,301,836,677,510,402,419,335,140,3817,1605,5173,13758,13541,8861,7316,6584,4257,1573,62661
SED28301,9,5,23,28,68,164,431,620,428,1778,3,4,31,40,47,79,92,131,95,516,78,96,178,218,276,237,278,295,196,1851,1374,3844,5715,8022,9166,8471,6488,4330,1769,49174
SED28408,46,51,95,100,149,234,503,608,462,2251,0,17,32,24,39,19,35,18,8,191,163,217,453,378,397,405,420,403,310,3149,1508,3884,8375,7525,7703,7576,6767,3994,1815,49151
SED28507,48,75,246,249,295,416,670,665,325,2990,15,45,196,274,310,224,141,111,67,1383,283,377,1056,902,569,449,425,359,250,4666,2044,5741,15922,15123,10066,8407,5955,2891,1115,67262
SED28607,11,10,50,70,109,241,595,970,611,2665,0,16,26,58,63,108,188,280,201,930,130,147,566,466,411,303,310,280,235,2854,1218,3501,10700,12526,11006,8291,5372,3245,1658,57518
SED28704,22,28,98,150,161,284,583,566,254,2142,8,11,55,60,63,52,84,63,22,415,236,204,603,575,460,384,339,234,98,3127,2412,5798,14742,16889,13245,9775,6869,2991,834,73557
SED28803,61,128,502,817,840,905,1126,725,206,5315,16,76,276,395,464,680,481,339,127,2862,391,418,1237,1106,703,535,373,198,113,5069,3279,8949,22972,22209,14705,11551,6505,2487,674,93333
SED29494,13,18,33,35,36,25,38,26,9,227,5,4,9,11,12,10,3,0,0,51,173,211,691,870,646,408,202,34,13,3248,370,669,1819,1736,1393,1074,613,150,29,7852
SED29797,0,0,0,0,0,0,0,0,0,0,0,0,0,0,0,0,0,0,0,0,0,0,0,11,3,15,0,0,0,29,0,0,6,16,3,14,4,0,0,38
SED30001,12,21,64,122,185,241,364,376,205,1594,0,20,119,118,130,122,106,37,30,683,160,213,581,459,356,258,222,195,133,2572,1604,3874,10026,10159,7590,6339,4407,1897,680,46569
SED30002,9,0,16,26,55,104,273,588,400,1459,0,9,10,26,23,42,38,26,30,204,64,96,259,223,200,176,204,270,312,1791,1319,3163,6527,7822,7189,6192,5047,3420,1782,42468
SED30003,20,18,59,82,122,190,460,578,233,1748,4,9,36,33,27,36,25,17,15,195,132,192,422,410,354,259,285,329,254,2632,1760,3639,7400,8287,7981,5926,4976,3069,1086,44120
SED30004,8,3,25,51,50,127,229,233,138,870,3,3,15,26,12,20,25,13,8,133,195,187,480,522,575,560,372,246,97,3239,1464,2531,6101,7906,8691,8004,5839,2571,702,43804
SED30005,22,22,56,64,96,192,361,439,215,1462,0,9,47,51,30,39,37,38,22,271,191,357,678,486,517,480,516,546,400,4171,1506,4557,8556,7067,7284,7152,6103,3706,1390,47315
SED30006,12,3,13,32,57,118,310,437,248,1218,0,0,8,14,24,14,34,32,16,153,138,136,290,310,433,414,543,453,232,2946,1108,2209,4002,5244,7058,7449,7821,4944,1534,41373
SED30007,10,6,16,17,46,63,178,355,230,926,3,4,14,6,19,11,6,5,13,85,194,225,403,322,274,221,262,291,323,2513,1941,3552,6508,7047,7445,6020,5291,3657,1643,43098
SED30008,0,3,18,20,42,89,200,328,304,1011,0,0,22,16,15,19,23,20,15,126,99,161,443,342,291,218,188,143,102,1983,1302,3950,9578,9742,8314,5893,3688,1790,908,45168
SED30009,28,26,53,101,173,277,735,1231,706,3335,0,21,54,30,48,55,30,58,23,320,168,184,470,368,410,403,412,515,298,3236,1472,2998,6095,5370,5710,6161,6001,4529,1820,40154
SED30010,36,25,104,224,253,331,488,451,207,2119,6,28,79,86,123,121,105,40,19,608,330,385,969,748,536,404,283,168,76,3903,2224,5290,12318,10003,7653,6201,4179,1919,551,50350
SED30011,12,24,47,84,145,248,562,730,349,2198,0,3,41,22,33,26,29,27,23,203,351,739,1814,1294,1278,1077,567,359,134,7619,1434,3242,8192,7373,7550,7366,5240,2619,887,43897
SED30012,9,5,20,39,63,113,195,320,196,955,0,3,12,13,13,7,18,17,18,98,96,187,557,427,375,313,327,321,258,2859,1063,2753,7334,7191,6768,5789,5241,2968,1217,40323
SED30013,10,9,60,70,134,292,840,875,292,2581,0,3,14,24,18,23,33,28,15,156,144,137,359,422,566,703,667,372,103,3459,1120,1705,4090,4958,6784,8785,8542,4088,878,40953
SED30014,18,24,84,161,168,240,348,413,279,1730,4,13,51,89,123,84,72,55,23,523,335,587,1448,994,910,808,683,423,218,6402,1506,3626,8954,8054,8280,7434,5591,2855,1172,47474
SED30015,15,11,57,81,148,326,816,1034,391,2891,0,9,11,9,16,30,30,25,15,150,321,356,857,690,777,798,691,511,192,5184,1394,2521,6196,5972,6437,6947,5692,3202,960,39316
SED30016,20,10,33,39,80,154,366,632,349,1679,3,4,7,13,4,18,22,19,12,101,114,126,334,358,379,370,371,337,196,2594,1353,2812,6257,6687,7337,7477,7171,4193,1435,44732
SED30017,14,7,49,50,83,126,428,518,217,1500,0,0,17,15,18,20,27,28,8,129,78,95,277,240,236,228,234,249,314,1962,1360,2759,6398,7001,6712,6633,5592,2601,967,40015
SED30018,4,7,11,21,39,90,247,400,235,1051,0,3,13,18,15,33,36,37,17,174,59,90,214,247,187,163,148,138,84,1334,1268,3073,6120,7885,7422,5989,4459,2306,810,39337
SED30019,3,3,28,37,44,76,149,236,163,746,0,3,23,20,18,11,11,19,25,145,87,268,659,437,347,291,244,185,137,2648,1209,4865,11571,8800,7962,6265,4142,2274,973,48066
SED30020,20,16,35,64,111,245,576,830,256,2159,0,4,15,21,22,18,22,11,13,134,210,205,430,393,463,490,437,355,239,3207,1603,2921,6327,6528,7189,7296,5766,2965,886,41468
SED30021,65,35,80,99,157,357,633,598,244,2268,8,5,38,19,32,31,58,58,33,286,300,396,1060,793,879,854,649,343,104,5383,1714,3041,7376,6277,6844,6724,4875,2417,623,39893
SED30022,33,23,76,123,119,208,362,266,108,1316,11,10,37,44,44,37,29,19,6,241,303,389,1102,832,607,343,230,144,37,3987,2498,5885,14557,13146,10442,7056,4790,1942,397,60719
SED30023,7,0,5,17,19,23,86,183,132,483,0,0,18,3,16,12,15,17,13,97,53,108,281,216,222,167,108,92,38,1291,1450,4210,7305,7437,8089,5513,3842,2055,654,40561
SED30024,6,4,31,22,43,105,203,304,227,948,0,3,10,6,9,11,20,12,17,93,106,135,386,359,350,329,319,356,307,2646,1109,2425,5682,6278,6486,6448,5571,3007,1356,38364
SED30025,6,6,19,12,37,55,191,390,213,922,0,3,12,24,20,13,19,13,10,107,58,104,202,162,166,144,130,100,58,1131,1353,3402,6973,7637,7862,5989,4238,2246,733,40429
SED30026,18,7,28,24,44,58,169,341,264,959,3,0,13,24,23,17,19,16,12,125,91,200,267,235,175,153,154,130,117,1511,1380,3308,6988,8060,7543,4877,4007,2274,1043,39468
SED30027,18,12,29,54,78,143,292,362,152,1140,0,4,12,18,21,29,29,23,12,136,123,133,320,341,317,243,284,238,158,2166,1321,2785,6334,6953,6932,6033,4742,2853,922,38874
SED30028,20,13,43,66,114,194,394,436,204,1487,4,4,9,14,26,17,23,15,4,115,169,183,475,495,513,450,303,204,103,2898,1392,2732,6525,6737,7155,6483,4068,1784,576,37452
SED30029,17,21,48,55,65,131,392,490,194,1406,0,6,7,14,22,16,13,20,10,105,159,142,423,472,458,432,422,260,114,2880,1265,2246,5288,5958,6977,7456,6704,3121,860,39866
SED30030,7,4,15,22,39,80,166,273,225,837,0,5,25,17,28,29,25,24,20,168,73,162,423,287,239,213,204,160,151,1921,1194,4344,10020,8658,7238,5137,3441,1902,1029,42969
SED30031,17,9,46,60,109,236,391,392,123,1378,0,7,12,16,9,10,23,21,6,113,226,316,711,710,586,652,413,266,132,4001,1138,2436,5652,5501,5072,4929,2979,1440,419,29566
SED30032,16,15,40,74,151,292,783,943,398,2720,0,3,5,14,18,27,35,31,7,148,217,139,436,470,582,651,602,434,169,3708,1468,2179,4944,5526,7029,8807,8412,4204,1196,43765
SED30033,19,22,57,81,140,259,774,1000,474,2831,3,0,9,14,20,31,30,33,13,162,136,128,303,328,403,466,694,739,378,3568,1237,2111,4601,5074,6213,7918,9629,6161,1988,44937
SED30034,17,32,106,112,137,319,690,916,473,2796,3,6,43,27,38,55,58,37,32,302,353,263,797,705,836,843,815,535,284,5435,1432,2312,6102,6150,7333,8792,7925,4111,1436,45595
SED30035,13,9,38,45,101,209,474,612,286,1791,3,7,15,13,14,22,19,23,16,132,152,190,513,526,529,430,365,254,105,3067,1261,2787,7002,6727,6271,6389,5034,2374,760,38607
SED30036,53,54,204,356,393,493,491,492,232,2758,7,31,168,205,335,369,235,115,74,1530,231,281,810,681,480,426,294,224,128,3558,2050,4816,10636,9366,8238,6756,4419,2459,942,49680
SED30037,24,24,51,74,112,234,478,688,327,2013,6,7,28,22,47,56,28,19,13,227,146,172,419,406,339,287,260,285,271,2588,1401,3230,7461,6701,6205,5734,4109,2442,1081,38362
SED30038,35,24,67,99,138,210,514,748,317,2154,0,7,16,16,35,32,36,23,16,174,225,332,515,421,383,308,274,258,122,2838,1743,3694,7371,6887,6901,6312,4658,2540,744,40847
SED30039,20,12,46,78,110,147,275,257,67,1014,8,11,33,30,50,68,46,31,22,286,162,209,466,472,389,211,163,93,16,2180,2080,4248,10287,11813,9279,5848,3409,1267,240,48472
SED30040,15,5,23,35,53,98,308,545,353,1432,3,4,12,11,21,13,14,16,5,100,125,140,357,323,306,302,341,411,362,2660,1372,2663,5727,6454,6935,6429,5839,4221,1793,41430
SED30041,15,6,38,87,110,183,518,793,299,2045,3,4,20,21,21,37,19,15,15,143,184,224,572,567,602,580,368,300,167,3573,1497,2696,6266,6670,6762,7446,5863,3136,981,41311
SED30042,14,11,49,59,101,135,378,450,185,1383,4,7,31,29,26,29,24,19,8,178,163,160,377,347,318,250,220,172,67,2073,1825,3774,7785,7872,7825,6115,4498,2124,598,42418
SED30043,19,18,71,99,177,291,785,900,322,2692,6,10,67,57,38,46,36,26,4,289,237,217,458,445,472,440,389,305,135,3115,1627,3016,6413,6400,6952,7044,5551,2828,779,40616
SED30044,25,17,73,97,156,206,477,480,178,1709,5,12,50,60,84,91,68,54,12,426,240,300,708,559,491,377,317,282,103,3376,1971,4466,9985,8444,7873,7121,5288,2606,695,48439
SED30045,13,4,33,42,91,135,379,551,318,1561,0,6,15,20,29,14,18,25,17,146,88,104,258,292,309,264,264,299,275,2148,1252,2784,6136,7734,8123,6738,5071,2980,1312,42138
SED30046,31,14,82,127,193,210,514,484,238,1885,4,14,46,65,62,51,47,33,13,338,270,325,751,598,510,381,326,275,104,3530,1799,4011,9062,7935,7410,6433,5429,2907,884,45870
SED30047,17,15,43,70,101,237,568,836,435,2327,0,3,15,20,29,25,27,23,10,161,215,331,777,750,684,644,455,434,317,4607,1468,3498,7338,7227,7319,7150,5231,3086,1358,43671
SED30048,4,5,21,14,28,27,65,97,75,326,0,7,24,25,9,22,7,7,4,112,141,329,536,304,226,180,211,183,112,2213,3349,8862,10759,8545,7109,5129,4246,2431,833,51257
SED30049,10,11,26,49,79,121,274,494,291,1342,5,12,46,34,51,46,59,45,35,331,121,174,347,301,246,247,165,220,182,2003,1666,4028,8077,9035,7679,5561,3941,2650,1136,43773
SED30050,12,13,20,28,45,109,231,377,232,1071,0,0,25,12,14,18,11,13,5,102,127,214,529,438,502,480,475,436,345,3555,1067,2874,6690,6029,6585,7596,6835,3766,1455,42890
SED30051,26,31,61,83,153,307,889,924,426,2913,4,5,13,11,27,21,47,29,18,172,170,169,336,370,430,525,637,452,211,3287,1287,2281,4603,5214,6536,8547,9104,4353,1203,43133
SED30052,6,19,54,44,56,64,117,161,105,607,0,21,68,38,43,23,22,25,9,257,133,597,1635,921,500,439,325,242,159,4952,1831,8750,21478,11286,7141,5691,3795,1858,700,62535
SED30053,6,9,22,28,48,103,206,258,162,838,0,3,23,22,23,23,29,23,29,169,116,203,600,378,323,302,278,303,272,2772,1428,3838,8649,7586,7094,5826,5117,2914,1147,43599
SED30054,7,7,18,33,61,64,125,232,195,741,6,9,23,38,27,33,23,16,15,171,51,106,282,238,211,224,155,132,102,1496,1189,3892,7389,7732,7091,5413,3662,2043,964,39373
SED30055,12,17,42,50,105,278,693,774,220,2194,3,12,11,13,9,24,20,24,17,125,292,267,719,811,866,835,587,310,99,4786,1450,2550,5935,6534,6861,7286,5246,2276,559,38694
SED30056,3,4,12,25,23,31,86,163,108,452,0,6,4,3,10,7,19,10,8,77,48,60,98,137,140,144,159,248,310,1355,1370,2512,3680,6949,8106,6146,4814,2940,1182,37695
SED30057,29,30,91,136,197,263,592,701,321,2377,6,10,51,42,44,39,37,30,17,280,229,343,667,537,455,386,440,395,312,3751,1907,4046,8332,7103,7068,6518,5582,3177,1174,44904
SED30058,10,7,16,35,76,133,205,286,187,953,0,7,29,37,43,75,59,28,23,305,55,77,193,216,181,181,205,230,196,1534,1240,2784,6327,7736,7055,5982,4939,2629,1104,39788
SED30059,8,8,22,45,43,107,249,314,156,964,0,10,11,22,18,11,17,10,10,120,153,164,325,426,350,320,315,340,323,2725,1519,3155,6234,8335,8580,7027,5517,3140,1134,44638
SED30060,33,9,60,85,119,204,380,443,158,1498,6,5,40,47,69,80,48,44,14,350,313,294,730,696,605,455,387,268,145,3889,1743,3241,7505,7490,7438,6239,4732,2163,593,41146
SED30061,16,28,66,107,116,162,301,493,248,1546,8,12,43,44,44,50,32,16,9,253,324,858,758,486,430,382,296,309,262,4090,2230,5485,7311,6293,6340,5606,4012,2471,973,40725
SED30062,17,16,63,69,121,190,418,479,251,1615,4,3,32,25,50,58,48,19,9,251,140,192,560,524,346,253,267,268,304,2846,1806,4395,11194,10561,8054,6026,4772,2666,1091,50562
SED30063,16,19,49,101,166,401,996,1153,473,3372,4,6,23,12,21,31,38,26,25,185,249,216,476,511,639,767,783,578,172,4392,1405,2256,4879,5196,6647,8058,8179,4255,1151,42025
SED30064,18,13,22,58,83,151,310,519,344,1515,8,3,11,14,27,30,33,17,9,151,126,137,308,405,410,377,360,301,254,2673,1294,2383,5271,5990,6787,6866,6011,3380,1281,39257
SED30065,8,4,18,34,43,92,250,396,225,1079,7,8,10,11,9,14,11,11,4,89,117,99,253,411,332,298,285,235,138,2176,1294,2190,5413,7776,7955,7316,6750,3468,1085,43245
SED30066,13,11,12,18,46,97,213,306,191,910,0,8,5,11,14,10,6,13,10,80,103,103,293,350,430,416,407,406,324,2827,952,1670,3596,5198,7164,8004,7823,4363,1386,40154
SED30067,8,14,48,51,108,152,303,465,290,1433,0,7,28,45,44,39,33,31,25,269,111,191,546,378,290,227,203,162,126,2243,1179,3764,10371,9183,7229,5708,4120,2173,1070,44798
SED30068,6,3,15,20,44,84,266,473,243,1153,0,3,5,12,23,18,14,16,7,95,67,84,140,156,204,235,283,292,253,1705,1282,2243,3280,4920,6562,6637,5895,3643,1412,35866
SED30069,9,11,30,55,72,99,279,441,157,1156,5,3,22,28,19,39,31,15,6,174,101,126,278,292,319,219,223,163,71,1796,1541,3092,6486,7858,8231,6701,5051,2332,566,41863
SED30070,15,7,52,54,119,235,679,947,324,2432,0,0,18,17,23,21,21,20,16,137,133,123,261,273,342,383,551,454,227,2751,1131,2064,4507,4937,5892,7576,9731,5806,1472,43115
SED30071,22,10,36,63,123,197,481,726,372,2040,0,6,12,14,26,39,29,28,26,178,130,153,322,375,447,444,456,427,310,3071,1343,2329,4533,6147,7790,7976,7748,4349,1628,43845
SED30072,16,4,34,66,91,160,431,595,335,1729,7,0,11,18,19,19,18,16,11,116,103,93,211,269,323,343,399,313,180,2233,1460,2758,5350,6171,7173,7626,6958,3948,1361,42800
SED30073,21,25,68,112,170,271,600,909,517,2684,3,9,38,31,35,30,40,26,19,237,251,299,598,629,514,423,402,403,328,3862,1670,3594,7563,6756,6215,6080,4678,2908,1389,40847
SED30074,10,14,31,49,79,148,451,672,332,1789,0,11,24,39,32,63,37,30,17,244,67,102,259,254,252,237,249,282,254,1952,1220,2728,6709,8097,7531,6361,5126,3109,1281,42167
SED30075,17,8,39,82,129,232,659,725,329,2224,0,0,14,13,14,25,30,25,11,135,226,145,424,492,549,508,497,394,208,3437,1553,2308,5119,6534,7954,7904,6786,3437,1069,42664
SED30076,3,16,48,47,65,99,190,277,140,882,0,12,56,37,26,37,49,54,57,323,268,600,1287,705,504,350,300,192,114,4330,2105,8732,17450,9784,7454,5525,3690,1856,734,57330
SED30077,16,13,48,76,167,284,757,954,459,2771,3,6,22,17,25,38,44,43,23,211,198,198,482,427,530,642,628,528,207,3839,1289,2256,5030,5033,6189,7303,6973,3983,1323,39376
SED30078,11,16,43,50,96,163,261,390,227,1253,3,0,31,33,28,38,37,28,24,217,201,317,658,521,506,460,458,523,484,4121,1582,4401,8390,7159,7328,6439,5771,4006,1726,46806
SED30079,8,3,33,41,60,122,268,354,148,1037,0,0,21,25,40,34,29,35,6,183,110,84,215,268,241,203,214,150,85,1571,1365,2734,6501,8270,7245,5927,5064,2288,638,40025
SED30080,14,3,34,44,73,107,222,465,319,1286,0,4,34,43,37,32,31,22,19,220,110,191,528,372,271,216,209,245,309,2452,1333,4368,10089,8692,7501,5483,3793,2495,1392,45152
SED30081,12,5,76,103,177,243,411,455,213,1696,3,19,96,136,106,147,134,86,77,807,117,171,454,429,289,247,230,165,104,2209,1440,3974,8938,9454,6900,6390,5092,2449,910,45539
SED30082,6,14,42,58,54,104,226,316,193,1012,3,7,31,25,32,28,32,24,24,203,179,424,1229,755,705,812,737,503,174,5520,1079,3729,9181,6901,7370,7807,7177,4227,1264,48741
SED30083,16,10,36,70,87,127,262,283,100,988,8,3,15,34,27,32,28,20,10,178,180,161,368,397,360,246,185,160,82,2148,1813,3559,7450,9051,8545,6113,4330,2225,710,43793
SED30084,28,19,48,70,104,203,387,577,230,1672,5,3,21,41,46,42,36,36,6,240,257,291,600,537,510,351,249,200,102,3095,1831,3611,6903,6563,6746,5772,4516,2418,698,39057
SED30085,18,17,62,93,130,168,326,499,289,1612,7,12,91,87,111,115,109,68,48,652,108,318,681,401,277,213,230,175,114,2512,1399,4906,11028,8756,6574,5573,4539,2697,1080,46547
SED30086,39,52,80,127,158,216,516,824,412,2430,20,30,121,125,76,78,57,34,14,552,146,203,412,357,377,350,322,367,192,2735,1504,3298,6713,6277,6648,6527,5892,3757,1338,41957
SED30087,29,48,98,147,159,149,452,873,663,2624,7,38,102,101,79,82,64,25,25,522,135,209,439,311,259,276,288,343,287,2546,1569,4049,8243,6976,6249,5765,5610,4025,2024,44521
SED30088,34,11,45,67,102,244,361,403,220,1493,7,3,32,23,26,35,28,21,8,175,181,339,724,612,569,525,400,216,87,3654,1338,3651,7668,6545,6777,6742,4888,2200,723,40537
SED30089,71,35,108,112,177,304,561,471,164,2001,11,11,27,15,37,52,50,34,9,244,314,384,870,754,745,683,461,310,89,4611,1559,2888,6515,5556,5335,5075,3373,1727,466,32500
SED30090,20,19,63,80,157,309,646,660,290,2247,4,8,9,12,13,25,51,46,15,178,229,279,579,502,596,592,434,285,156,3652,1255,2516,5326,4999,5616,5797,4260,2197,799,32772
SED30091,20,30,154,175,208,290,550,558,250,2235,8,19,136,151,163,135,95,52,22,772,331,403,854,689,539,401,438,396,308,4359,1812,4216,9515,8241,6914,5813,5031,3002,1102,45643
SED30092,7,11,23,44,69,171,341,430,163,1256,5,5,12,12,13,19,16,11,6,97,223,368,954,811,883,761,457,238,89,4793,1447,3064,7587,7544,7616,7261,4791,2001,474,41777
SED30093,41,64,394,446,415,437,643,487,146,3069,11,53,347,393,370,294,174,113,39,1793,468,475,1102,983,750,537,420,290,154,5180,2584,5176,10449,9606,8243,6801,4697,2107,568,50234
SED39494,10,14,39,43,34,74,138,58,9,406,3,5,12,3,6,8,13,5,4,61,129,283,766,729,628,515,342,81,15,3486,418,928,2647,2073,1929,2468,2124,441,44,13081
SED39797,0,0,0,0,0,0,0,0,0,0,0,0,0,0,0,0,0,0,0,0,0,14,34,48,32,8,0,0,0,135,0,16,48,64,45,5,3,0,0,183
SED40001,0,9,23,31,52,63,127,199,185,687,5,17,44,23,26,18,29,38,33,226,139,348,599,356,286,252,291,198,205,2674,1501,5909,8901,5710,4756,4766,4238,2232,1033,39040
SED40002,4,7,29,38,63,100,233,368,345,1182,0,4,29,19,19,43,46,52,47,264,46,109,292,207,144,149,144,155,117,1359,737,3359,7904,5804,4552,4284,3426,2088,1348,33501
SED40003,0,8,16,19,22,54,113,162,110,506,0,0,0,10,7,19,21,16,3,88,21,46,110,121,119,131,139,85,45,812,760,1896,3839,4917,4796,5082,4250,1807,641,27989
SED40004,7,0,9,6,24,23,98,146,166,470,0,0,8,26,18,11,24,17,22,126,21,42,92,117,118,94,120,144,102,854,792,2037,3174,4639,5195,4629,4575,3073,1336,29450
SED40005,7,9,58,64,123,235,571,677,431,2174,0,7,17,22,41,34,41,46,32,235,140,122,294,279,326,396,496,346,139,2539,840,1697,3906,3785,4686,5459,5432,2791,1136,29728
SED40006,3,12,32,84,105,190,378,528,392,1730,3,6,28,46,89,98,89,107,86,544,63,126,292,196,183,199,193,167,100,1521,816,2726,6683,5435,4958,4847,3330,1827,978,31611
SED40007,0,5,15,30,43,70,281,560,341,1344,0,6,10,3,18,24,25,57,54,196,33,55,161,145,142,165,143,174,112,1134,738,2125,3837,4480,5256,5164,4218,2874,1336,30026
SED40008,23,25,114,179,221,314,461,587,460,2377,6,21,77,135,205,228,215,150,115,1156,113,166,386,333,289,257,217,190,82,2032,923,3407,8155,6177,5230,4655,3369,1872,1025,34813
SED40009,6,4,10,24,28,48,138,207,144,607,0,0,9,7,7,10,15,17,10,66,59,60,126,115,132,113,145,122,66,941,992,2300,4341,4805,4699,4824,4179,2067,757,28960
SED40010,4,12,14,18,18,42,157,414,323,1000,0,0,23,11,17,16,33,57,85,241,44,77,256,186,158,181,178,155,91,1324,749,2562,5835,4990,4737,4852,4075,2523,1141,31453
SED40011,3,5,17,37,55,106,217,385,305,1138,0,10,11,23,29,43,39,65,58,275,42,114,260,179,167,160,155,161,114,1356,763,2699,5895,5550,4919,4433,3587,2260,1225,31328
SED40012,31,38,168,197,151,223,329,308,171,1620,0,15,78,173,168,113,74,43,16,679,117,193,408,375,288,274,227,235,157,2272,1104,2669,5882,5186,4792,4687,3012,1756,827,29917
SED40013,7,20,120,156,143,191,278,326,293,1541,4,30,132,175,192,174,112,69,35,921,79,128,335,248,217,143,154,141,116,1568,815,3109,8339,7159,5078,4135,3097,1762,932,34437
SED40014,7,6,14,39,35,80,290,443,303,1207,7,5,7,8,10,6,24,11,7,76,49,44,97,129,166,267,394,342,215,1701,519,990,2208,2807,3525,5250,7362,4639,1598,28900
SED40015,15,12,46,43,72,138,369,512,332,1545,0,0,10,10,5,13,18,11,9,73,132,133,317,366,416,420,386,274,151,2599,777,1549,4019,4065,4621,5218,4506,2333,933,28014
SED40016,8,8,63,118,120,143,383,422,194,1472,4,15,85,139,155,103,82,64,29,680,82,109,237,242,198,130,201,205,138,1546,879,2746,5994,5459,4626,4175,3628,2150,742,30399
SED40017,3,9,41,69,77,192,355,421,281,1449,0,0,15,16,19,14,14,20,5,97,126,121,247,251,322,333,321,254,128,2099,922,1850,4088,4178,5005,5854,4654,2414,840,29814
SED40018,9,9,36,46,63,111,211,327,273,1086,0,0,21,28,30,70,40,22,21,230,54,74,183,140,161,194,233,203,167,1408,744,2349,4882,4713,4560,4656,4764,2943,1741,31351
SED40019,24,32,66,101,131,199,388,423,145,1519,0,6,20,16,36,24,27,29,10,162,154,186,540,389,484,449,366,306,148,3033,950,2084,5204,4315,4830,4853,3445,2080,630,28388
SED40020,12,10,60,87,82,168,462,652,339,1866,3,7,15,17,18,24,22,25,11,129,112,113,273,255,338,326,366,294,147,2210,857,1932,4030,3862,4778,5264,4884,2947,1001,29548
SED40021,5,3,21,43,39,107,348,769,602,1937,0,11,26,21,29,44,50,127,100,407,63,81,198,170,154,145,157,257,278,1506,785,2654,5752,5427,4784,4251,3711,3148,1823,32335
SED40022,0,0,16,14,12,31,95,138,121,428,0,6,3,6,0,3,3,11,4,34,70,76,139,173,196,251,249,129,66,1349,810,1611,2783,4231,5377,5328,4607,2016,670,27435
SED40023,10,17,21,42,38,100,227,295,196,922,0,4,11,8,7,10,14,15,11,68,53,75,184,199,160,164,203,191,131,1359,893,1998,4249,4303,4532,4430,4141,2247,864,27660
SED40024,10,7,37,44,45,91,212,266,176,891,3,5,8,12,21,16,25,18,3,113,93,102,234,254,226,216,222,254,221,1826,961,2310,5571,5320,5036,4699,4021,2255,927,31099
SED40025,8,8,17,38,29,52,189,213,167,723,0,0,3,9,12,12,4,9,0,58,78,106,222,221,211,182,186,169,86,1467,906,2261,4928,4893,5068,4510,3965,2103,724,29355
SED40026,3,3,33,66,34,82,202,255,110,787,0,0,24,40,51,51,26,20,9,229,58,49,107,119,141,170,127,136,115,1017,968,2254,4075,4471,5171,5222,3610,1967,671,28407
SED40027,11,0,28,15,54,102,373,597,415,1601,0,0,17,17,34,23,47,87,73,317,72,63,203,153,178,170,187,174,120,1320,632,1782,4510,4025,4082,4392,4267,2667,1371,27734
SED40028,8,16,28,45,50,106,286,387,248,1172,0,0,7,17,16,27,19,29,12,132,80,90,202,175,158,185,184,195,131,1399,909,2328,4954,4305,4411,4483,3369,2151,898,27805
SED40029,11,11,53,62,67,174,507,586,322,1794,8,11,30,66,71,60,27,12,9,286,181,143,351,370,448,472,430,336,164,2890,894,1766,4098,4361,4962,5817,5212,2892,1017,31019
SED40030,7,9,26,27,37,68,204,324,175,876,0,0,0,5,8,9,9,8,10,50,100,79,191,232,266,359,329,262,138,1955,818,1678,3390,4254,4950,5589,5292,2729,851,29546
SED40031,6,0,9,17,28,65,326,574,255,1281,4,4,8,13,14,18,50,71,46,230,42,49,146,105,120,111,122,163,70,929,823,2225,4328,4835,5035,4667,3943,2642,855,29340
SED40032,4,7,18,25,35,83,164,275,305,920,0,0,12,20,11,24,38,18,13,137,38,69,176,153,126,153,188,185,112,1201,650,2106,4923,4511,4046,4519,4336,2573,1419,29083
SED40033,14,11,54,83,87,139,402,499,308,1597,3,9,29,30,32,26,16,35,11,190,109,134,249,278,303,290,305,313,201,2185,916,1862,4172,4163,4605,4752,4143,2313,936,27870
SED40034,5,4,33,25,55,160,477,647,318,1731,0,0,3,6,9,15,11,7,0,46,92,82,193,224,270,450,499,415,172,2392,546,1141,2612,2837,3642,5613,6156,3401,1099,27048
SED40035,5,9,26,35,44,68,224,418,345,1165,0,6,13,16,18,19,20,21,28,151,45,55,153,154,134,120,191,255,259,1359,756,1987,4684,4754,4399,3952,4211,3152,1438,29333
SED40036,12,23,123,182,183,305,405,357,134,1735,9,18,129,237,329,284,181,84,41,1303,98,99,288,264,198,181,146,139,78,1483,1029,2967,6376,6070,4902,4595,3116,1477,433,30958
SED40037,8,15,30,59,85,168,357,360,261,1342,0,0,10,19,29,58,58,24,38,240,56,92,183,222,220,272,216,171,98,1531,707,2053,4622,4628,4951,5743,4241,1911,852,29699
SED40038,18,42,259,363,266,318,481,433,248,2427,4,31,218,306,424,321,223,116,74,1713,127,161,418,369,331,295,246,217,167,2325,1170,2796,6181,5978,5033,4855,3562,1944,899,32422
SED40039,6,19,22,44,73,112,283,310,199,1059,0,8,9,14,10,25,22,21,19,124,86,112,244,241,203,211,232,205,100,1639,783,2134,4974,4648,4340,4182,4252,2316,810,28444
SED40040,5,7,13,26,28,71,280,461,272,1169,0,0,0,3,12,3,5,10,12,56,98,59,147,187,295,296,253,178,130,1644,887,1784,3341,4320,5441,5750,4802,2369,850,29538
SED40041,15,16,72,66,96,222,508,674,353,2016,4,5,23,21,13,28,27,29,19,164,151,147,364,355,389,403,367,307,115,2601,890,1825,4085,3694,4350,5176,4355,2603,926,27914
SED40042,24,19,107,156,136,270,381,365,135,1587,4,16,67,107,117,95,66,60,37,572,162,185,478,364,333,303,327,231,123,2505,1164,3051,7033,5376,4550,4213,2960,1591,574,30512
SED40043,9,10,38,62,93,138,312,503,288,1449,3,9,38,39,58,84,71,52,39,385,86,128,287,275,208,141,159,190,106,1581,815,2802,7119,6781,5059,4334,3655,2351,952,33869
SED40044,7,3,8,18,29,37,124,236,305,770,0,0,11,10,8,9,22,50,34,137,27,31,111,104,117,110,175,200,202,1094,723,2212,4192,4793,5028,4605,4480,2744,1702,30479
SED40045,4,3,10,17,18,17,60,133,91,353,3,0,3,0,13,11,12,9,3,58,30,34,80,89,104,116,136,145,92,827,812,1934,3268,4733,5356,4749,4285,2655,951,28749
SED40046,6,5,27,40,62,106,340,590,420,1600,4,5,29,40,41,59,52,120,118,463,29,99,213,213,151,154,130,129,66,1176,699,2781,6715,5295,4688,4268,2989,1988,1043,30468
SED40047,13,12,36,53,65,81,253,297,127,948,0,12,21,38,51,40,37,18,15,229,41,44,133,143,125,136,146,132,52,952,768,2144,4361,4913,4606,4740,4177,1885,553,28145
SED49494,7,7,12,19,11,9,22,10,0,98,0,0,3,0,6,4,3,0,6,21,35,38,168,180,141,131,67,8,5,771,111,203,627,534,478,509,359,64,11,2895
SED49797,0,0,0,0,0,0,0,0,0,0,0,0,0,0,0,0,0,0,0,0,0,0,0,0,7,0,0,0,0,5,0,0,0,3,5,0,0,0,0,12
SED50106,9,12,41,44,54,111,231,364,229,1092,0,5,18,27,36,19,18,10,17,150,102,93,287,241,287,321,326,297,190,2148,1099,1719,4150,4228,4974,5441,4990,2890,1160,30655
SED50202,30,23,74,115,123,185,281,244,122,1209,0,10,48,64,59,58,54,40,15,353,228,248,611,526,470,379,293,252,146,3147,1517,3267,7836,7176,5894,5429,4215,2172,736,38247
SED50304,3,10,35,61,83,123,395,629,384,1728,3,0,34,54,48,61,91,104,93,492,74,159,554,404,321,282,230,208,159,2386,805,2636,8921,7484,5357,4699,3826,2449,1133,37313
SED50405,16,15,31,58,58,95,154,150,50,619,0,3,14,28,35,23,17,13,0,136,154,167,586,550,388,265,212,161,63,2548,1609,3394,9702,9252,6821,4735,3092,1589,328,40522
SED50502,12,9,78,120,143,229,278,313,195,1375,3,5,43,64,96,100,88,57,30,475,96,150,393,311,287,265,238,197,78,2013,1097,2631,6070,6182,5623,5422,4043,1978,748,33802
SED50605,4,4,8,16,14,53,133,186,182,603,0,0,5,10,13,20,31,27,36,149,53,70,185,183,207,202,227,135,90,1342,1109,2801,4549,5775,5847,5714,5198,2761,1161,34912
SED50702,10,11,55,88,112,113,220,345,219,1184,4,5,68,58,74,66,49,35,26,388,111,253,712,568,441,364,298,222,182,3151,1019,3357,9507,7590,5845,5285,3881,2069,961,39516
SED50805,5,3,0,10,15,18,102,218,194,575,0,0,5,12,0,15,18,12,23,87,56,57,218,221,221,201,217,239,273,1714,994,2058,4178,5057,5708,4988,3967,2386,1385,30718
SED50906,10,13,35,41,65,98,257,340,213,1081,4,3,17,9,22,34,27,22,21,154,120,146,420,369,392,324,327,215,173,2493,1201,2395,5477,5671,5980,5637,4667,2499,1024,34548
SED51004,9,10,23,56,50,66,113,102,63,485,5,7,5,20,22,23,19,13,9,124,92,128,277,298,317,267,149,128,85,1738,1489,3185,5647,6017,7313,5981,3229,1484,447,34791
SED51104,19,14,34,57,71,86,129,184,85,674,0,5,24,29,45,27,30,11,11,179,171,179,514,499,464,305,203,248,162,2742,1766,3457,8555,8223,7544,5089,3525,2128,770,41064
SED51205,9,23,95,125,169,211,324,333,139,1425,7,16,76,100,97,113,96,75,45,622,133,276,726,499,343,263,209,194,126,2768,1172,4167,10287,8327,5740,5032,4156,2159,791,41837
SED51304,5,0,5,5,12,19,87,165,124,432,0,0,10,7,5,13,11,16,10,64,26,42,143,162,203,157,215,206,121,1268,952,1957,3184,5668,6015,5158,5628,2867,853,32287
SED51401,12,13,34,34,72,127,336,390,221,1236,5,3,3,13,8,18,10,11,12,84,200,228,572,591,686,710,586,465,196,4230,925,1570,3784,4110,4954,5908,5282,2719,929,30176
SED51504,0,5,11,14,20,29,65,143,154,439,0,0,17,15,19,19,12,16,19,119,42,58,244,223,154,135,193,165,160,1366,1058,2353,5031,6385,6412,4923,3774,2466,1341,33747
SED51605,8,9,12,46,69,140,241,256,105,899,0,3,18,16,25,39,51,42,20,225,84,135,318,344,283,216,165,154,63,1757,1327,3090,6991,7811,7012,5007,3174,1467,447,36334
SED51706,11,12,25,43,59,107,288,367,171,1079,3,4,17,9,10,17,22,12,10,106,138,102,304,334,372,417,399,323,189,2592,1221,1979,4902,5516,5783,6183,5279,2646,821,34333
SED51804,0,5,5,14,14,23,58,87,85,301,0,0,0,4,8,14,13,6,4,50,88,115,296,233,243,255,297,300,285,2120,1159,2544,4563,4809,6154,5714,4944,3392,1505,34777
SED51902,12,10,18,43,55,76,145,189,84,620,0,3,5,22,19,9,20,16,10,105,98,107,324,357,350,268,180,154,75,1907,1404,2557,6370,6732,6429,5615,3946,1793,464,35310
SED52006,15,6,17,39,50,84,250,376,187,1027,0,0,8,13,15,15,16,21,3,90,91,104,234,283,329,288,342,349,191,2209,1075,1876,3731,4435,5322,6084,6843,4001,1125,34486
SED52102,17,12,58,65,99,133,209,230,106,935,0,3,47,64,64,71,42,28,13,329,111,127,348,358,289,286,202,160,103,1995,1156,2452,5771,6361,5408,4952,3758,1912,667,32436
SED52205,9,10,21,34,69,105,307,508,337,1389,0,9,11,18,26,37,43,73,86,315,91,185,535,402,425,353,310,285,251,2838,895,2552,6601,6244,6046,5786,4590,2482,1186,36391
SED52301,15,15,25,35,62,149,276,368,202,1143,0,12,16,21,20,31,37,37,28,189,224,193,478,521,493,439,335,267,154,3113,1241,2051,4629,4788,5297,5080,3918,2122,832,29948
SED52404,4,3,17,12,24,53,109,153,87,457,0,0,10,9,8,17,15,14,4,82,50,61,195,211,195,179,158,117,78,1241,1063,2152,4897,5917,5665,5457,4662,1922,564,32297
SED52505,10,14,28,47,60,100,162,118,61,600,0,4,22,37,46,64,59,30,4,262,81,76,292,368,225,192,153,98,48,1536,1295,3215,8993,10572,6657,5523,3936,1362,354,41904
SED52604,3,4,17,28,27,52,130,109,54,426,5,5,11,6,17,15,7,17,4,86,68,117,242,221,251,251,211,220,201,1783,1160,2847,4647,5130,5995,6214,4288,1784,664,32727
SED52702,11,0,10,13,22,45,150,197,132,580,4,4,4,10,4,8,17,12,21,80,58,58,141,183,225,244,199,218,152,1474,1049,1865,2945,4464,5850,5613,5074,3014,1017,30878
SED52803,15,19,29,75,87,147,183,127,56,745,6,3,14,35,29,23,19,12,5,146,220,423,994,851,738,676,371,172,73,4516,1110,2530,6151,5527,5079,4520,2347,843,230,28341
SED52903,86,46,123,127,173,204,210,115,24,1102,12,9,21,25,51,43,64,66,21,318,309,375,1012,795,816,641,353,133,47,4479,1418,2245,6098,5305,4676,3798,1971,612,139,26258
SED53004,9,0,19,12,23,39,145,214,161,619,4,0,9,13,16,9,20,33,31,139,45,46,150,189,191,145,156,145,101,1179,1021,2081,4078,5778,5478,5314,5273,2412,994,32426
SED53105,22,18,55,60,100,132,231,224,99,933,4,5,28,55,60,28,29,23,7,232,136,149,489,466,320,250,216,134,81,2232,1334,3098,8053,8667,6136,4458,3022,1424,516,36710
SED53204,8,9,39,86,133,155,231,203,100,957,0,4,41,106,121,131,95,43,29,570,69,99,235,232,225,164,145,89,64,1331,1334,3072,6443,7881,6821,5003,3117,1439,478,35586
SED53306,24,10,33,54,81,146,314,443,289,1395,4,9,11,15,16,26,31,18,7,134,125,189,390,413,428,382,386,471,400,3188,1253,2575,5352,5390,5460,5601,5432,3726,1567,36347
SED53402,8,5,31,59,72,125,173,249,204,928,0,3,20,20,36,46,35,39,42,239,67,135,410,358,285,245,221,201,140,2057,810,2602,7779,7311,5745,4787,3671,1873,907,35480
SED53502,16,15,34,52,93,148,293,370,219,1249,0,3,28,40,23,35,36,41,32,242,99,189,459,395,419,365,314,331,335,2903,1240,2953,6780,6366,6088,5740,4377,2513,1049,37115
SED53602,12,20,198,284,337,391,481,435,195,2356,3,17,152,280,293,292,199,110,79,1423,160,248,518,526,386,278,286,272,156,2834,1290,3452,7427,6629,5748,5316,4198,2169,750,36977
SED53701,10,14,40,46,64,142,280,365,155,1094,0,4,11,7,10,11,14,24,16,97,199,178,439,522,660,776,676,424,117,3989,878,1462,3488,4230,5267,6509,5755,2743,694,31032
SED53802,7,14,61,116,125,215,400,485,292,1712,0,10,42,52,88,111,81,88,64,528,87,150,401,397,256,251,213,186,89,2020,990,2866,7394,6674,5422,5070,4412,2736,991,36550
SED53902,4,6,28,36,51,76,180,372,325,1069,0,4,19,22,43,37,33,55,68,281,53,106,352,293,239,209,216,265,212,1937,833,2704,6819,6186,5372,4814,3911,2760,1649,35055
SED54006,8,10,30,34,69,126,308,429,204,1222,0,3,14,6,14,7,13,17,12,91,173,151,318,380,439,417,408,326,160,2772,1258,1929,4320,5189,5737,6086,5537,2867,826,33751
SED54104,4,0,10,14,12,39,46,65,96,285,0,8,14,13,12,11,15,6,8,80,97,161,356,298,218,201,303,239,127,2007,1572,3887,6802,6075,5642,5149,4796,2891,1157,37958
SED54203,20,15,40,48,88,114,166,131,18,636,0,3,20,15,30,17,22,21,12,139,191,303,817,725,649,517,304,129,35,3668,618,1311,3912,3558,3186,2907,1772,691,139,18089
SED54304,3,11,28,26,50,64,155,225,210,774,0,10,47,29,16,41,30,57,65,296,81,439,1295,726,494,417,318,204,97,4072,848,4456,14211,9473,6399,5376,3574,1590,733,46661
SED54403,19,14,36,63,108,115,122,55,16,547,3,8,22,31,41,32,16,17,10,182,352,531,1909,1747,1295,936,260,67,18,7110,1263,2634,9460,9161,6624,4493,1267,288,55,35244
SED54505,6,4,13,38,54,70,166,198,136,677,0,3,16,24,20,28,41,40,49,221,53,74,119,184,177,176,150,187,143,1263,1229,2607,3535,6524,6538,5186,4997,2768,1084,34472
SED54605,9,7,27,35,73,134,255,295,206,1049,0,4,11,16,17,19,31,23,12,140,123,341,500,387,356,379,308,422,297,3104,1046,2476,4730,4604,5125,5975,5100,3201,1308,33560
SED54701,18,9,49,48,70,128,245,361,190,1116,0,6,8,24,30,39,47,25,17,199,208,214,444,527,567,567,519,360,132,3537,989,1774,4260,4553,4933,5431,4268,2383,782,29376
SED54804,4,0,17,21,36,53,113,220,195,658,0,0,13,13,17,26,23,22,13,119,74,121,621,427,242,226,232,249,256,2450,855,2401,8537,7486,5695,4692,3676,2370,1256,36969
SED54905,12,0,22,26,25,63,102,129,116,491,4,0,19,17,23,34,27,21,9,153,50,147,374,251,228,251,295,326,391,2321,1100,3444,6622,5684,5247,5134,4763,2495,1228,35710
SED55005,14,11,55,123,148,164,239,179,99,1033,0,13,67,105,110,73,78,40,33,518,107,108,355,330,295,202,171,159,102,1830,1537,3329,6483,8468,6935,4993,3590,1587,598,37518
SED55102,8,18,53,62,77,86,168,164,54,695,3,7,26,58,81,68,32,20,8,299,136,148,443,487,467,316,220,120,28,2356,1519,2814,6690,7563,7060,5533,3624,1516,321,36645
SED55202,20,33,121,182,147,221,330,286,196,1537,8,16,140,150,157,136,84,59,28,774,126,169,419,478,379,293,280,258,221,2636,1317,3063,6603,7056,5929,5191,4506,2595,1024,37300
SED55306,9,11,21,25,37,72,179,280,247,888,0,5,34,14,18,20,12,9,13,118,118,83,353,427,406,364,375,312,172,2598,983,1471,4130,5819,6063,5844,5867,3100,1085,34371
SED55405,6,13,42,61,59,100,170,232,215,907,4,6,40,45,47,64,42,40,22,314,105,327,782,481,357,320,266,344,421,3401,1212,4924,10903,7601,5280,4405,3292,1969,1221,40819
SED55504,11,10,36,55,65,94,153,196,95,709,0,7,19,30,55,46,31,23,10,210,90,106,295,311,300,245,189,180,134,1846,1429,3000,6743,7487,6522,5059,3735,1980,643,36599
SED55605,16,20,24,41,49,104,156,166,74,647,5,4,9,14,24,19,17,15,3,101,145,153,365,432,403,261,170,127,80,2132,1799,3058,6154,6773,7254,5610,3112,1572,478,35811
SED55706,18,18,48,37,63,92,206,294,173,937,5,7,28,20,30,14,9,25,12,152,173,136,348,476,641,581,551,355,181,3447,996,1353,3828,5250,6045,6857,6345,2962,919,34561
SED55802,9,11,75,111,126,163,220,202,106,1029,5,16,73,107,113,90,70,35,23,522,114,108,437,369,277,215,173,125,83,1898,1438,3458,9098,8109,6360,5436,3169,1629,591,39285
SED55905,6,8,20,28,69,128,302,421,223,1207,4,9,10,18,36,32,42,42,28,217,101,125,334,318,232,221,263,252,271,2111,1131,2779,5665,5228,5091,5087,4088,2637,1222,32920
SED59494,7,3,9,14,14,15,36,20,3,117,0,3,5,6,3,6,5,0,0,30,105,231,662,813,740,495,244,66,19,3375,215,558,1509,1543,1313,1144,758,156,30,7225
SED59797,0,0,0,0,0,0,0,0,0,0,0,0,0,0,0,0,0,0,0,3,3,15,46,77,50,21,3,0,0,226,6,31,116,170,109,62,18,0,0,515
SED60105,0,10,35,20,32,45,117,146,194,604,0,10,27,18,20,27,13,7,6,129,33,77,137,115,89,138,153,155,168,1073,481,1506,3668,2907,2965,2729,2568,1792,917,19535
SED60106,0,4,0,5,15,36,58,60,59,243,0,0,0,0,0,5,0,5,0,8,21,16,51,69,55,101,107,101,80,597,178,318,756,768,915,1309,1209,636,238,6321
SED60113,8,11,26,30,37,107,199,231,181,826,3,0,17,25,19,18,5,14,8,111,69,73,201,174,211,255,281,274,154,1693,867,1907,4414,4359,4933,5383,4777,2565,815,30015
SED60115,15,29,107,111,114,200,335,346,233,1481,4,10,55,86,127,62,46,48,11,463,166,261,478,309,322,299,335,311,105,2594,1112,2812,6117,4668,4831,5034,4289,2381,804,32044
SED60207,13,24,40,40,63,113,291,347,294,1222,0,11,17,8,15,21,18,12,3,111,74,80,254,185,228,305,394,344,179,2036,941,1947,4705,4056,4828,5215,5226,3043,1057,31020
SED60208,6,12,17,34,67,137,296,331,281,1185,3,0,10,7,6,12,22,6,3,75,104,85,178,200,258,268,305,277,97,1779,828,1676,3609,3429,4190,4953,4208,2426,801,26124
SED60209,8,7,27,46,74,172,338,363,330,1374,3,4,13,17,22,18,20,14,7,121,130,141,334,329,368,387,431,332,163,2618,931,1928,4398,4261,4941,5662,4885,2667,925,30598
SED60301,12,9,25,22,30,57,81,152,118,495,0,0,8,11,22,21,7,10,4,85,45,36,101,91,103,105,97,152,62,784,435,915,2614,2065,1923,1984,1469,1084,410,12900
SED60302,14,20,79,87,93,123,233,345,286,1275,0,7,45,64,89,75,66,34,21,400,71,92,405,237,186,204,261,225,141,1822,734,2300,7706,4916,4028,4191,3496,2076,946,30385
SED60303,0,12,29,20,26,41,74,119,125,452,0,5,38,22,19,16,19,16,12,140,72,127,404,221,197,197,193,163,126,1690,728,2752,7263,4831,4636,4242,3552,1758,725,30484
SED60304,0,0,0,0,0,0,0,0,0,0,0,0,0,0,0,0,0,0,0,0,0,0,0,0,0,6,3,0,0,10,6,11,42,43,63,52,39,16,0,280
SED60310,6,3,11,7,12,24,29,66,54,215,0,0,25,8,6,0,11,6,0,50,29,54,178,92,90,101,128,77,30,776,446,1530,3414,2410,2543,2497,2528,1360,604,17336
SED60404,15,6,13,21,39,108,207,167,112,696,5,3,6,5,6,10,8,12,0,56,63,80,214,204,247,325,343,217,116,1811,793,1525,3560,4510,4865,5444,4834,2239,612,28392
SED60410,7,0,12,7,14,29,47,88,63,262,0,0,23,8,3,4,6,5,0,50,21,33,70,59,59,41,64,89,42,479,315,904,2616,2125,1797,1653,1713,1131,400,12660
SED60411,3,5,26,25,35,51,120,208,211,686,0,4,19,10,16,22,23,13,6,108,52,66,178,124,115,147,214,222,155,1280,579,1603,4485,3951,3726,3985,3972,2724,1331,26351
SED60414,13,13,27,31,33,75,116,107,71,485,4,0,0,8,16,10,6,11,0,66,64,77,207,206,116,133,157,102,41,1105,661,1527,3980,3715,3403,3550,2809,1290,311,21248
SED60501,20,15,28,45,63,136,213,175,85,772,3,0,8,6,9,14,16,4,8,67,120,112,226,236,225,236,232,143,41,1565,735,1378,2716,2682,2752,2937,2417,1058,262,16937
SED60505,0,0,9,3,13,22,65,83,58,256,0,0,8,3,0,3,4,0,6,27,17,16,29,43,54,47,58,82,43,385,206,536,1141,1153,1434,1490,1244,773,261,8242
SED60506,13,0,23,23,48,132,262,261,185,952,4,4,6,6,11,7,13,8,6,69,85,74,183,190,255,356,379,314,118,1959,711,1393,3184,3153,3843,4997,4734,2423,682,25118
SED60508,0,0,4,6,5,19,54,54,33,171,0,0,0,0,0,3,0,0,3,12,19,18,49,54,58,70,73,44,16,394,134,214,505,544,760,981,750,324,89,4302
SED60512,8,3,21,21,56,146,311,275,182,1020,0,0,8,5,9,12,12,8,14,64,125,109,270,263,279,374,409,237,85,2157,880,1631,4181,3850,4341,5519,4878,2236,620,28133
SED60514,0,6,5,4,13,26,51,73,45,218,0,0,0,0,4,3,8,5,3,20,15,13,47,39,44,40,70,70,22,363,194,528,1305,1329,1246,1352,1208,603,172,7935
SED69494,6,4,5,9,3,8,8,7,0,48,0,0,0,0,3,0,0,0,0,8,19,16,49,50,48,60,72,8,3,325,74,119,228,197,203,199,163,31,3,1227
SED69797,0,0,0,0,0,0,0,0,0,0,0,0,0,0,0,0,0,0,0,0,0,0,0,0,0,0,0,0,0,3,0,0,4,4,7,0,0,0,0,19
SED70001,33,41,61,52,89,65,37,11,0,390,0,9,4,6,4,13,14,9,0,63,45,57,164,131,132,78,37,13,0,666,473,747,1640,1280,1105,707,261,55,9,6271
SED70002,12,9,22,23,23,32,52,29,13,212,3,3,10,13,18,15,7,3,0,74,38,40,158,128,95,73,47,14,7,592,243,505,1989,1646,1281,1055,552,194,48,7508
SED70003,107,91,176,102,132,107,73,22,3,818,13,10,19,23,36,19,28,14,6,167,65,100,224,164,112,80,39,15,0,786,605,872,1854,1425,1017,671,288,59,8,6800
SED70004,46,48,118,143,115,119,112,34,5,749,0,13,14,26,40,54,53,30,12,245,71,131,242,162,176,152,85,25,0,1038,428,703,1480,1107,997,879,494,151,21,6262
SED70005,3,3,3,14,22,41,39,35,8,162,0,0,10,4,9,5,7,3,4,36,45,56,199,151,118,80,69,21,11,756,272,595,1625,1321,1116,716,411,137,32,6229
SED70006,12,10,33,27,39,36,62,29,12,258,0,0,12,6,18,19,13,7,5,84,30,21,150,81,78,92,64,17,0,538,223,398,1774,1327,1047,1079,637,186,41,6724
SED70007,0,0,10,22,14,22,30,30,16,150,0,0,3,8,4,3,7,4,0,26,24,51,128,95,87,47,30,18,22,507,248,567,1550,1469,1176,734,378,141,65,6321
SED70008,5,0,17,13,36,42,73,69,35,285,0,4,10,6,8,12,10,15,10,75,25,54,149,135,87,57,76,39,22,653,203,640,1751,1505,1159,870,712,371,138,7349
SED70009,47,35,52,51,48,66,91,29,3,429,21,16,23,25,23,20,18,4,0,157,77,90,196,184,223,205,179,63,10,1222,497,593,1336,1225,1289,1282,953,270,30,7465
SED70010,4,4,13,21,29,47,60,29,9,221,0,0,0,6,9,12,13,3,0,53,82,82,215,195,162,111,56,28,5,945,279,557,1389,1269,1138,914,552,167,44,6308
SED70011,4,0,8,3,8,16,47,48,15,152,0,0,3,5,4,9,0,5,7,33,14,34,121,83,68,76,71,44,44,555,113,409,1626,1220,1025,924,706,343,111,6481
SED70012,4,0,3,7,18,25,26,19,9,110,0,0,3,5,5,3,9,5,6,45,27,52,166,109,91,89,38,18,6,596,162,571,1874,1325,1099,894,456,173,33,6588
SED70013,5,0,16,18,30,60,76,47,13,257,0,0,5,3,14,9,18,6,4,54,58,51,139,158,179,180,156,44,6,970,300,433,1084,1287,1542,1430,936,275,42,7332
SED70014,117,93,217,203,215,158,77,17,0,1099,6,3,15,23,24,49,72,32,16,250,58,87,213,119,135,118,48,7,0,795,500,788,1545,1089,879,697,299,75,23,5891
SED70015,7,3,12,21,28,44,83,59,14,264,0,0,7,10,11,12,24,15,0,80,36,49,122,130,108,58,44,37,9,592,219,501,1473,1406,1133,886,688,338,56,6704
SED70016,5,4,26,30,60,61,71,28,14,299,0,3,3,14,10,27,14,17,6,92,65,31,114,130,118,108,54,32,8,665,293,506,1156,1195,1086,1049,649,220,45,6208
SED70017,13,7,25,25,37,57,64,42,9,273,0,0,12,8,13,17,21,7,4,79,93,81,254,211,191,185,107,47,17,1179,293,565,1547,1182,1096,996,573,220,43,6517
SED70018,56,66,106,118,86,71,44,19,3,572,17,20,18,27,26,18,11,7,3,146,87,79,208,202,120,108,42,8,0,852,511,756,1578,1543,1143,782,307,80,15,6712
SED70019,52,45,108,147,124,98,108,51,16,744,4,10,21,37,20,38,54,27,18,220,54,59,146,140,147,125,67,42,26,815,383,688,1730,1591,1399,1162,629,257,93,7922
SED70020,7,16,26,42,43,30,55,24,12,259,3,12,14,8,9,8,6,4,0,75,37,55,108,111,153,110,66,42,14,685,312,872,1571,1481,1593,1211,698,263,50,8059
SED70021,5,0,8,18,21,25,42,37,18,173,0,0,8,6,11,7,20,12,0,64,13,35,160,88,78,74,54,19,6,517,143,443,2049,1438,1051,910,691,252,55,7032
SED70022,4,5,3,12,19,15,22,18,16,113,0,0,15,13,10,6,0,0,0,44,46,197,436,191,149,116,59,27,0,1210,158,1056,3446,1924,1261,1100,625,188,35,9793
SED70023,0,0,8,19,37,43,55,56,11,229,0,0,4,7,14,13,22,7,0,69,50,30,101,104,110,72,57,33,7,572,236,393,1061,1219,1211,951,704,298,54,6135
SED70024,0,0,12,17,16,26,19,13,4,112,0,0,3,9,17,7,4,5,0,43,36,61,158,136,86,53,29,19,5,586,276,813,2394,2104,1219,728,342,110,21,8006
SED70025,6,0,3,16,23,47,62,55,6,221,0,0,5,6,11,15,25,9,4,75,36,49,126,133,94,76,48,28,11,588,207,561,1637,1608,1272,1000,613,267,53,7220
SED79494,4,8,20,28,27,27,14,3,0,132,0,3,0,0,4,3,4,0,0,28,37,79,223,220,278,226,100,14,0,1181,73,183,661,573,591,575,318,49,7,3031
SED79797,0,0,0,0,0,0,0,0,0,0,0,0,0,0,0,0,0,0,0,0,6,0,6,4,5,3,0,0,0,23,4,6,23,22,19,17,0,0,0,94
SED80001,10,21,68,69,88,231,389,361,209,1443,6,5,23,31,47,51,49,49,30,290,122,135,387,369,301,266,323,248,135,2294,1902,4910,11386,11269,10873,11037,8014,3433,1202,64022
SED80002,17,15,74,93,104,206,349,396,218,1478,5,13,77,49,61,78,54,79,33,453,157,335,776,502,382,303,299,252,155,3155,2260,7441,16921,14308,11266,8817,7832,4511,1514,74877
SED80003,16,8,41,63,70,108,189,229,208,937,0,5,40,35,37,37,44,41,29,260,560,943,1199,726,509,473,411,293,240,5366,3784,10526,18594,12281,10189,8605,6286,3396,1696,75363
SED80004,17,11,37,61,80,106,272,417,244,1238,3,6,29,41,30,38,40,68,33,289,139,207,573,423,393,306,413,420,264,3130,1680,4906,12917,13263,11357,9138,7950,5630,2236,69084
SED80005,16,16,75,116,137,183,345,288,111,1292,0,14,114,84,79,95,86,58,21,545,155,258,779,571,371,228,232,121,26,2728,2112,6344,17769,18133,12417,7710,5541,2358,535,72912
SED89494,0,0,4,3,3,0,0,0,0,11,0,0,0,0,0,0,0,0,0,0,0,7,17,35,25,22,18,5,0,130,34,81,108,104,77,78,34,10,4,530
SED89797,0,0,0,0,0,0,0,0,0,0,0,0,0,0,0,0,0,0,0,0,0,0,0,0,0,0,0,0,0,0,0,0,0,0,0,0,0,0,0,0
SED99191,0,0,3,5,15,33,67,21,3,146,0,0,0,0,9,30,43,26,9,119,23,56,209,153,135,128,85,52,7,850,85,218,570,637,655,760,583,257,62,3841
SED99494,0,0,0,0,0,0,0,0,0,0,0,0,0,0,0,0,0,0,0,0,0,0,0,0,0,4,0,0,0,8,0,0,4,0,0,3,0,0,0,11
SED99797,0,0,0,0,0,0,0,0,0,0,0,0,0,0,0,0,0,0,0,0,0,0,0,0,0,0,0,0,0,0,0,0,0,0,0,0,0,0,0,0
