LGA_CODE_2021,POL_Tamil_UOLSE_NWorNAA,POL_Tamil_UOLSE_Tot,POL_Tamil_NS,POL_Tamil_Tot,POL_Thai_SEO,POL_Thai_UOLSE_VWorW,POL_Thai_UOLSE_NWorNAA,POL_Thai_UOLSE_Tot,POL_Thai_NS,POL_Thai_Tot,POL_Turkish_SEO,POL_Turkish_UOLSE_VWorW,POL_Turkish_UOLSE_NWorNAA,POL_Turkish_UOLSE_Tot,POL_Turkish_NS,POL_Turkish_Tot,POL_Vietnamese_SEO,POL_Vietnamese_UOLSE_VWorW,POL_Vietnamese_UOLSE_NWorNAA,POL_Vietnamese_UOLSE_Tot,POL_Vietnamese_NS,POL_Vietnamese_Tot,POL_Oth_SEO,POL_Oth_UOLSE_VWorW,POL_Oth_UOLSE_NWorNAA,POL_Oth_UOLSE_Tot,POL_Oth_NS,POL_Oth_Tot,POL_Tot_SEO,POL_Tot_UOLSE_VWorW,POL_Tot_UOLSE_NWorNAA,POL_Tot_UOLSE_Tot,POL_Tot_NS,POL_Tot_Tot,P_LUatH_NS_SEO,P_LUatH_NS_UOLSE_VWorW,P_LUatH_NS_UOLSE_NWorNAA,P_LUatH_NS_UOLSE_Tot,P_LUatH_NS_NS,P_LUatH_NS_Tot,P_Tot_SEO,P_Tot_UOLSE_VWorW,P_Tot_UOLSE_NWorNAA,P_Tot_UOLSE_Tot,P_Tot_NS,P_Tot_Tot
LGA10050,0,46,0,46,..,74,12,89,0,89,..,0,3,7,0,7,..,62,15,73,0,76,..,645,146,792,20,812,..,3994,757,4752,68,4817,..,156,33,190,2956,3145,48134,4146,790,4939,3025,56093
LGA10180,0,23,0,25,..,30,0,35,0,39,..,7,0,12,0,12,..,74,19,95,0,95,..,689,284,972,9,982,..,2544,424,2966,31,2999,..,116,36,147,2776,2924,23203,2658,462,3120,2807,29124
LGA10250,0,6,0,6,..,116,19,130,0,130,..,4,0,4,5,7,..,38,13,48,0,48,..,377,47,428,14,441,..,1980,180,2157,38,2193,..,113,8,118,2436,2554,41545,2090,183,2277,2470,46296
LGA10300,0,0,0,0,..,0,4,6,0,6,..,0,0,0,0,0,..,7,7,14,0,14,..,42,5,44,0,45,..,150,57,204,0,205,..,7,0,11,299,305,1695,155,53,217,300,2208
LGA10470,6,63,0,65,..,43,25,70,0,70,..,0,0,5,0,5,..,65,15,73,0,73,..,347,41,386,6,392,..,2094,242,2333,41,2371,..,80,4,84,2936,3017,38175,2175,245,2421,2970,43567
LGA10500,13,317,3,320,..,1169,348,1518,14,1534,..,1038,213,1253,5,1259,..,1778,325,2103,24,2133,..,4703,1245,5948,149,6098,..,76047,13353,89400,755,90153,..,1211,340,1552,9515,11066,73964,77251,13696,90952,10272,175184
LGA10550,0,7,0,7,..,63,12,72,0,73,..,6,0,13,0,13,..,20,4,21,0,21,..,212,17,229,4,232,..,1085,101,1181,14,1193,..,76,4,80,2330,2412,32334,1161,104,1262,2338,35942
LGA10600,0,0,0,0,..,10,0,12,0,12,..,0,0,0,0,0,..,0,0,0,0,0,..,128,14,144,5,141,..,443,33,478,9,482,..,40,3,40,954,997,11768,480,37,514,965,13253
LGA10650,0,9,0,9,..,4,0,6,0,6,..,0,0,0,0,0,..,5,0,3,0,3,..,43,3,47,4,46,..,233,24,258,8,261,..,21,0,26,812,838,7560,257,25,283,815,8665
LGA10750,675,7995,91,8091,..,604,147,758,12,771,..,1949,534,2487,19,2500,..,1108,395,1500,9,1510,..,21275,3584,24863,530,25390,..,161446,20339,181782,1810,183593,..,2437,565,3006,21384,24395,188793,163887,20903,184788,23196,396776
LGA10800,0,0,0,0,..,3,0,0,0,0,..,0,0,0,0,0,..,0,3,5,0,5,..,26,3,29,0,30,..,124,17,144,4,151,..,8,0,8,500,509,4897,131,17,156,504,5547
LGA10850,0,3,0,3,..,7,0,7,0,7,..,0,0,0,0,0,..,4,0,3,0,3,..,20,0,22,0,24,..,107,16,120,0,121,..,13,0,9,457,468,6908,116,10,129,458,7497
LGA10900,0,21,0,21,..,134,22,160,0,160,..,20,0,19,0,19,..,129,28,155,3,156,..,970,104,1075,34,1114,..,4609,382,4986,74,5061,..,214,14,229,2429,2662,70398,4825,394,5223,2506,78121
LGA10950,0,0,0,0,..,0,0,0,0,0,..,0,0,0,0,0,..,7,0,5,0,5,..,23,0,23,0,23,..,84,3,89,0,89,..,0,0,0,195,201,2183,86,3,94,195,2467
LGA11150,0,0,0,0,..,0,0,0,0,0,..,0,0,0,0,0,..,0,0,0,0,0,..,27,0,27,0,27,..,83,3,92,0,93,..,14,0,14,388,407,1840,95,3,101,390,2340
LGA11200,0,0,0,0,..,0,0,0,0,0,..,0,0,0,0,0,..,0,0,0,0,0,..,16,0,16,0,16,..,44,3,47,0,49,..,0,0,0,208,208,1094,45,3,47,212,1356
LGA11250,4,7,0,7,..,6,0,6,0,6,..,0,0,0,0,0,..,12,0,12,0,12,..,118,15,133,0,130,..,533,60,593,5,596,..,51,0,52,1460,1513,15480,585,65,647,1464,17588
LGA11300,23,313,4,317,..,225,113,339,0,339,..,66,17,81,0,81,..,817,123,941,4,949,..,817,127,936,26,964,..,19590,5513,25106,176,25278,..,196,56,247,2049,2299,12641,19787,5567,25353,2222,40217
LGA11350,0,7,0,7,..,67,5,71,0,71,..,8,0,8,0,14,..,23,8,26,0,29,..,617,34,654,10,663,..,3242,192,3429,40,3467,..,152,3,151,3497,3652,28996,3384,195,3585,3536,36116
LGA11400,0,0,0,0,..,13,0,13,0,13,..,0,0,0,0,0,..,4,0,4,0,4,..,46,4,52,0,52,..,246,27,277,8,287,..,25,0,25,962,987,12493,275,27,307,970,13766
LGA11450,14,286,0,284,..,229,47,274,7,278,..,248,33,280,4,283,..,503,138,640,11,648,..,3898,512,4407,80,4493,..,23823,2657,26484,307,26794,..,540,92,632,3552,4180,88349,24366,2751,27116,3859,119325
LGA11500,48,874,8,879,..,564,182,742,5,747,..,244,53,301,0,297,..,1221,424,1643,21,1669,..,6349,1177,7530,140,7672,..,55137,7441,62577,643,63220,..,1314,211,1527,9729,11256,102037,56451,7651,64107,10378,176519
LGA11520,11,367,4,371,..,264,49,310,4,318,..,406,52,455,4,458,..,667,104,763,4,773,..,1461,241,1698,63,1765,..,29622,5318,34940,306,35248,..,353,76,425,3420,3845,50084,29973,5397,35368,3723,89177
LGA11570,54,643,6,647,..,946,296,1241,15,1258,..,1064,261,1321,8,1334,..,18218,9516,27735,184,27916,..,9693,2242,11932,328,12265,..,170027,47168,217201,1909,219107,..,2144,654,2805,23850,26649,125243,172176,47826,220006,25758,371006
LGA11600,0,3,0,3,..,4,0,4,0,4,..,0,0,0,0,0,..,0,0,0,0,0,..,41,3,47,0,50,..,223,47,276,5,281,..,11,0,11,321,340,2247,240,47,287,330,2866
LGA11650,10,195,6,196,..,627,139,766,5,772,..,147,14,164,0,164,..,388,95,482,3,488,..,3687,429,4123,131,4247,..,21476,2841,24314,324,24646,..,1081,117,1198,16744,17939,304010,22559,2956,25514,17070,346596
LGA11700,0,0,0,0,..,0,0,0,0,0,..,0,0,0,0,0,..,0,0,0,0,0,..,11,0,14,0,13,..,23,0,27,0,27,..,6,5,8,351,359,1334,30,8,37,354,1725
LGA11720,0,12,0,12,..,97,32,131,0,131,..,12,0,12,0,8,..,32,52,83,0,86,..,273,49,320,11,338,..,1491,226,1721,31,1754,..,149,18,164,4357,4516,57361,1642,242,1881,4386,63632
LGA11730,0,3,0,3,..,47,12,58,6,59,..,7,0,7,0,7,..,25,4,27,0,33,..,361,25,384,5,386,..,1342,132,1469,24,1496,..,117,19,138,4435,4573,48046,1457,154,1609,4456,54115
LGA11750,0,0,0,0,..,3,0,10,0,10,..,0,0,0,0,0,..,6,3,7,0,7,..,40,6,43,0,43,..,164,19,181,0,181,..,3,0,3,591,598,3278,167,19,184,595,4059
LGA11800,0,21,0,21,..,98,17,119,0,119,..,9,0,9,0,14,..,65,20,86,3,89,..,1612,699,2311,55,2364,..,5661,1456,7116,119,7229,..,270,43,316,4425,4740,66787,5931,1497,7429,4538,78759
LGA12000,0,0,0,0,..,0,0,0,0,0,..,0,0,0,0,0,..,3,0,4,0,4,..,22,0,25,0,28,..,50,6,54,0,55,..,7,0,7,255,263,4070,61,6,63,257,4385
LGA12150,0,0,0,0,..,0,0,0,0,0,..,0,0,0,0,0,..,7,0,10,0,10,..,14,0,14,0,19,..,73,4,79,0,80,..,10,3,15,516,527,3122,81,7,89,517,3732
LGA12160,0,0,0,0,..,6,5,10,0,10,..,0,0,0,0,0,..,5,3,8,0,8,..,64,13,78,0,80,..,272,80,352,3,355,..,35,0,35,854,891,10161,310,83,387,858,11403
LGA12350,0,0,0,0,..,7,0,7,0,7,..,0,0,3,0,3,..,6,0,5,0,5,..,152,25,182,5,182,..,400,67,470,8,478,..,36,4,38,971,1009,11237,438,67,506,981,12724
LGA12380,778,7690,78,7764,..,449,214,661,5,664,..,4989,1699,6682,53,6735,..,2664,1090,3759,21,3778,..,16807,4043,20846,364,21206,..,119511,32667,152175,1317,153492,..,1968,717,2687,16524,19209,62732,121477,33384,154862,17846,235439
LGA12390,8,80,4,84,..,42,11,51,0,51,..,0,0,0,0,0,..,47,14,63,0,66,..,583,52,639,17,659,..,3713,384,4097,59,4153,..,176,15,195,5390,5582,45188,3889,401,4285,5448,54922
LGA12700,0,0,0,0,..,0,0,0,0,0,..,0,0,0,0,0,..,0,0,0,0,0,..,12,3,16,0,17,..,79,7,90,0,91,..,31,0,34,388,417,9027,112,12,122,385,9541
LGA12730,0,4,0,4,..,5,0,5,0,5,..,3,0,3,0,3,..,3,0,5,0,5,..,36,3,39,5,42,..,214,25,244,4,250,..,13,0,10,769,781,7430,228,28,255,771,8456
LGA12750,0,0,0,0,..,27,5,36,0,36,..,9,0,9,0,9,..,44,11,56,0,57,..,291,31,328,7,332,..,1425,166,1587,33,1622,..,103,6,105,2920,3030,35935,1528,169,1693,2959,40593
LGA12850,11,114,0,117,..,702,408,1107,6,1117,..,828,229,1059,7,1064,..,26339,17333,43676,260,43936,..,22584,10023,32607,268,32876,..,97532,46784,144310,986,145297,..,1883,1019,2907,11522,14421,48753,99413,47801,147216,12508,208475
LGA12870,0,0,0,0,..,11,3,14,0,14,..,0,0,6,0,6,..,10,0,9,0,9,..,50,13,62,5,66,..,244,37,283,9,294,..,27,4,28,885,921,11684,276,39,318,901,12899
LGA12900,0,3,0,3,..,3,0,3,0,3,..,0,0,0,0,0,..,3,0,3,0,3,..,22,0,18,0,21,..,176,20,199,4,200,..,13,0,13,755,765,8358,191,20,213,751,9319
LGA12930,3,260,3,271,..,613,151,768,5,772,..,179,33,211,4,213,..,972,228,1199,9,1209,..,2148,399,2549,110,2659,..,64794,15600,80394,630,81024,..,802,153,949,6208,7155,64097,65594,15746,81341,6834,152274
LGA12950,0,0,0,0,..,0,0,0,0,3,..,0,0,0,0,0,..,0,0,0,0,0,..,10,0,10,0,13,..,58,3,63,5,66,..,11,0,12,485,501,3727,70,3,78,489,4295
LGA13010,0,0,0,0,..,3,0,3,0,3,..,0,0,0,0,0,..,0,0,0,0,0,..,48,7,58,0,59,..,188,21,207,0,206,..,34,3,39,968,1006,7718,218,24,241,972,8931
LGA13310,3,15,0,15,..,37,13,50,0,51,..,13,0,16,0,16,..,30,4,26,0,27,..,287,45,331,10,331,..,1708,259,1967,29,1995,..,96,21,115,2418,2536,27516,1805,281,2083,2454,32053
LGA13340,0,10,0,10,..,4,0,3,0,3,..,0,0,0,0,0,..,3,0,3,0,3,..,59,14,68,0,71,..,205,20,232,4,236,..,23,3,23,884,905,10014,230,24,250,891,11157
LGA13450,0,45,0,44,..,22,8,29,0,29,..,57,48,98,0,97,..,12,0,9,0,9,..,719,125,846,18,860,..,4921,1287,6205,69,6278,..,101,26,125,2018,2149,18662,5025,1305,6334,2088,27086
LGA13550,0,8,0,8,..,5,0,6,0,6,..,5,0,5,0,3,..,5,5,11,0,11,..,99,14,110,5,113,..,357,48,403,8,413,..,32,6,34,1082,1116,11402,384,54,440,1094,12929
LGA13660,0,0,0,0,..,0,0,0,0,0,..,0,0,0,0,0,..,0,0,0,0,0,..,17,0,20,0,19,..,43,4,44,0,45,..,16,4,20,424,442,4418,58,6,65,428,4910
LGA13800,0,29,0,27,..,88,12,96,0,96,..,31,0,28,0,28,..,54,20,70,0,70,..,1043,120,1161,14,1178,..,4195,529,4722,44,4765,..,194,20,213,2839,3047,59393,4380,550,4935,2881,67207
LGA13850,0,0,0,0,..,0,0,0,0,0,..,0,0,0,0,0,..,0,0,0,0,0,..,23,0,26,0,26,..,98,16,112,3,117,..,13,0,13,329,346,2422,107,18,130,332,2882
LGA13910,0,7,0,7,..,9,6,11,0,11,..,8,0,8,0,8,..,12,3,15,0,15,..,108,14,123,0,122,..,840,161,996,13,1010,..,51,5,55,1353,1405,16836,886,159,1049,1367,19254
LGA14000,37,1644,15,1659,..,403,91,492,0,501,..,121,5,131,0,136,..,571,114,682,7,687,..,3196,313,3510,99,3605,..,46595,7117,53710,492,54202,..,571,91,666,3990,4656,92951,47172,7206,54377,4485,151811
LGA14100,0,5,0,5,..,15,8,18,0,18,..,24,0,25,0,25,..,52,8,58,0,58,..,244,25,272,0,273,..,2304,354,2662,20,2685,..,32,3,37,792,826,10052,2334,362,2693,818,13559
LGA14170,18,333,6,343,..,867,315,1176,13,1196,..,509,112,624,3,633,..,2454,1133,3584,22,3605,..,3062,323,3388,95,3484,..,38258,8535,46793,451,47236,..,677,145,818,7239,8062,127518,38932,8676,47613,7689,182818
LGA14220,0,0,0,0,..,14,3,19,0,19,..,0,0,0,0,0,..,28,4,35,0,35,..,171,16,191,7,196,..,568,89,660,14,676,..,39,6,45,1616,1662,15509,614,91,705,1635,17853
LGA14300,0,0,0,0,..,0,0,0,0,0,..,0,0,0,0,0,..,0,0,0,0,0,..,79,5,81,0,80,..,177,115,293,4,295,..,9,0,11,1157,1171,4953,188,116,306,1163,6415
LGA14350,0,0,0,0,..,24,3,30,0,35,..,0,0,0,0,0,..,10,0,8,0,15,..,219,10,236,17,245,..,759,103,862,24,889,..,95,6,97,2986,3083,26714,859,107,963,3010,30688
LGA14400,0,4,0,4,..,32,3,35,0,35,..,5,0,5,0,5,..,16,6,27,0,27,..,173,19,194,5,195,..,933,92,1025,11,1033,..,38,4,41,997,1040,20993,971,93,1068,1012,23074
LGA14500,9,432,0,432,..,258,53,311,0,311,..,115,8,121,0,121,..,373,47,421,0,423,..,1938,158,2087,60,2151,..,35339,5784,41128,339,41469,..,413,67,480,2655,3137,79470,35752,5855,41613,2995,124076
LGA14550,0,0,0,0,..,5,0,5,0,5,..,0,0,0,0,0,..,3,0,3,0,3,..,102,7,107,0,107,..,287,21,306,4,311,..,26,0,27,887,914,8140,313,26,335,888,9359
LGA14600,0,0,0,0,..,4,0,3,0,3,..,0,0,0,0,0,..,0,0,0,0,0,..,41,0,41,0,41,..,193,22,216,3,218,..,15,0,21,713,730,5149,209,20,233,711,6094
LGA14650,5,148,0,148,..,290,87,373,0,377,..,37,4,39,0,39,..,188,53,241,4,250,..,1763,258,2021,68,2092,..,9855,1238,11096,162,11259,..,622,55,681,7599,8278,194306,10475,1295,11775,7764,213845
LGA14700,5,113,0,115,..,172,28,194,0,195,..,84,4,88,0,88,..,126,13,148,3,146,..,892,77,966,40,1007,..,9863,1161,11028,150,11175,..,144,26,167,1295,1459,26798,10006,1187,11191,1446,39438
LGA14750,0,5,0,5,..,11,9,24,0,24,..,0,0,0,0,0,..,0,0,0,0,0,..,128,33,158,10,166,..,849,246,1090,13,1107,..,33,7,41,933,973,9374,880,250,1133,947,11452
LGA14850,0,6,0,6,..,77,13,88,0,88,..,5,0,5,0,5,..,53,18,69,3,74,..,462,49,516,11,524,..,2101,191,2292,24,2318,..,101,6,107,3147,3253,38754,2206,198,2403,3172,44334
LGA14870,0,15,0,14,..,38,14,47,0,47,..,5,0,5,0,5,..,19,4,22,0,22,..,163,8,173,8,180,..,784,103,893,8,903,..,64,7,73,1673,1744,18199,852,112,963,1680,20842
LGA14900,58,1041,14,1059,..,484,148,632,7,639,..,1512,312,1826,12,1838,..,8392,3979,12374,95,12470,..,14625,3089,17715,227,17939,..,102056,22480,124530,1026,125558,..,1782,470,2252,13494,15740,92144,103840,22941,126782,14513,233446
LGA14920,0,0,0,0,..,3,0,3,0,3,..,3,0,3,0,3,..,3,0,3,0,3,..,68,3,70,0,70,..,182,18,203,0,202,..,19,0,19,829,848,6498,203,18,219,832,7551
LGA14950,0,0,0,0,..,0,0,5,0,5,..,0,0,0,0,0,..,3,0,4,0,4,..,17,0,17,0,17,..,51,5,63,0,63,..,6,0,3,253,261,3000,55,8,68,253,3319
LGA15050,4,58,0,58,..,109,26,128,0,128,..,15,4,20,0,20,..,94,44,139,0,139,..,836,135,974,38,1013,..,4256,643,4897,69,4969,..,221,12,227,3312,3535,81723,4475,655,5129,3373,90226
LGA15240,0,23,0,24,..,100,19,116,0,116,..,8,0,8,0,8,..,61,19,78,0,80,..,514,64,575,15,589,..,2741,288,3031,48,3078,..,256,30,288,6412,6696,86805,2996,321,3318,6457,96579
LGA15270,0,4,0,4,..,27,7,30,0,30,..,0,0,0,0,0,..,25,6,28,0,28,..,169,24,193,3,197,..,762,84,845,14,856,..,67,0,70,1856,1931,22921,827,89,910,1874,25713
LGA15300,0,11,0,11,..,18,5,22,0,22,..,0,0,0,0,0,..,6,4,8,0,8,..,99,5,100,0,105,..,431,36,467,3,468,..,28,3,36,2593,2629,9658,456,43,500,2599,12751
LGA15350,0,25,0,25,..,62,8,68,0,68,..,30,5,40,0,40,..,46,9,56,0,60,..,511,30,547,10,556,..,4187,432,4621,59,4673,..,102,4,104,875,981,22671,4286,439,4724,931,28329
LGA15520,0,3,0,3,..,11,3,17,0,17,..,0,0,0,0,0,..,9,3,19,0,22,..,83,13,97,0,101,..,371,77,448,6,454,..,17,0,23,913,931,11466,388,81,473,915,12850
LGA15560,0,0,0,0,..,0,0,0,0,0,..,0,0,0,0,0,..,0,0,0,0,0,..,35,0,39,0,43,..,120,13,135,6,138,..,4,0,4,318,321,2895,129,13,141,321,3353
LGA15650,5,15,0,18,..,36,6,40,0,40,..,0,0,0,0,0,..,6,0,6,0,6,..,103,14,121,6,121,..,602,58,657,3,664,..,44,0,46,1249,1292,14400,645,56,704,1253,16357
LGA15700,0,0,0,0,..,21,0,21,0,21,..,0,0,0,0,0,..,0,4,7,0,7,..,153,22,173,7,180,..,571,88,662,11,676,..,64,6,69,1500,1571,18156,630,95,726,1511,20407
LGA15750,0,10,0,10,..,3,0,3,0,3,..,6,0,4,0,4,..,9,0,9,0,9,..,54,10,66,5,70,..,266,41,307,4,311,..,25,0,25,1322,1352,11039,293,41,332,1329,12703
LGA15800,0,3,0,3,..,13,0,10,0,10,..,0,0,0,0,0,..,4,0,4,0,4,..,45,0,49,0,49,..,182,9,195,4,191,..,22,0,22,546,565,4937,203,9,211,549,5698
LGA15850,0,0,0,0,..,6,0,5,0,5,..,0,0,0,0,0,..,0,0,0,0,0,..,29,3,26,0,32,..,107,10,115,3,111,..,22,0,22,849,869,5372,130,10,139,849,6360
LGA15900,7,252,3,253,..,244,63,307,0,307,..,66,8,78,0,78,..,494,175,667,7,680,..,2457,404,2865,69,2927,..,15184,2374,17557,206,17761,..,526,83,611,7318,7926,143184,15705,2457,18168,7526,168873
LGA15950,3,166,0,166,..,328,88,415,0,415,..,114,6,119,0,119,..,245,26,270,3,274,..,1234,109,1342,29,1379,..,14869,1419,16284,177,16464,..,215,23,238,2748,2990,49499,15081,1443,16528,2926,68950
LGA15990,4,103,0,103,..,583,125,706,4,706,..,177,30,203,0,203,..,437,95,531,4,534,..,6173,726,6901,122,7025,..,36579,4028,40607,441,41049,..,926,111,1032,8111,9150,213359,37505,4139,41642,8548,263554
LGA16100,0,10,0,10,..,0,0,0,0,0,..,0,0,0,0,0,..,3,0,6,0,6,..,54,8,59,0,62,..,220,34,256,7,262,..,16,0,16,687,706,4612,235,35,270,692,5580
LGA16150,3,55,0,55,..,44,31,72,0,72,..,21,4,26,0,26,..,40,16,55,0,56,..,472,65,538,22,562,..,2723,355,3079,50,3132,..,113,22,134,2290,2421,37958,2837,381,3215,2340,43512
LGA16200,0,0,0,0,..,5,3,12,0,8,..,5,0,5,0,5,..,10,5,13,0,13,..,95,11,107,3,110,..,441,52,493,9,496,..,38,4,39,1032,1065,12796,478,56,525,1041,14361
LGA16260,358,5640,74,5712,..,660,185,848,3,852,..,955,185,1142,9,1145,..,1497,228,1725,16,1736,..,10439,1512,11947,323,12269,..,119589,23853,143436,1365,144802,..,1281,371,1652,12169,13813,98111,120871,24213,145087,13533,256729
LGA16350,69,877,13,892,..,399,124,529,11,534,..,623,127,751,17,763,..,427,107,537,10,546,..,6478,851,7326,122,7457,..,37578,4707,42285,440,42721,..,833,162,998,12525,13522,161419,38410,4870,43280,12971,217664
LGA16380,12,49,3,51,..,101,20,124,0,120,..,31,6,34,0,34,..,74,19,96,0,96,..,666,78,750,18,767,..,3105,323,3425,42,3464,..,203,15,218,3824,4046,79252,3307,336,3644,3864,86762
LGA16400,0,6,0,6,..,104,31,143,0,143,..,20,5,21,0,21,..,61,24,82,0,82,..,539,78,610,8,618,..,2675,319,2998,29,3027,..,181,14,199,3669,3863,68383,2863,334,3196,3698,75276
LGA16490,0,87,0,85,..,94,11,102,0,101,..,39,0,40,0,40,..,82,19,99,0,99,..,999,106,1102,21,1128,..,7686,763,8455,78,8534,..,218,27,249,2967,3213,51554,7907,791,8701,3050,63304
LGA16550,3,210,0,215,..,449,92,542,0,541,..,227,37,263,3,266,..,576,90,666,3,667,..,3050,279,3329,71,3398,..,32982,4047,37025,295,37320,..,569,75,640,7515,8158,88767,33553,4118,37669,7811,134252
LGA16610,0,0,0,0,..,13,3,18,0,18,..,0,0,0,0,0,..,0,0,0,0,0,..,184,22,206,9,218,..,491,57,545,12,560,..,90,7,99,2200,2298,20715,579,61,640,2215,23565
LGA16700,26,911,14,924,..,544,122,667,4,679,..,234,21,256,0,256,..,956,108,1061,17,1072,..,4469,656,5123,129,5255,..,52919,10423,63346,622,63963,..,523,140,662,4760,5418,59738,53440,10567,64004,5382,129123
LGA16900,0,17,0,19,..,120,31,155,0,156,..,278,56,333,0,338,..,130,49,175,0,175,..,764,110,868,25,892,..,6418,973,7389,83,7472,..,283,28,309,3334,3639,65160,6696,1001,7698,3414,76271
LGA16950,0,43,0,46,..,130,38,166,0,166,..,20,4,22,0,22,..,87,23,111,0,111,..,879,100,986,27,1009,..,4653,563,5217,82,5299,..,288,22,310,6996,7303,95928,4943,582,5522,7076,108531
LGA17000,0,3,0,3,..,37,11,44,0,48,..,0,0,0,0,0,..,31,11,45,0,45,..,130,16,147,0,147,..,719,107,823,8,834,..,64,8,70,1405,1475,22267,788,114,897,1412,24577
LGA17040,0,3,0,3,..,53,10,57,0,57,..,9,0,5,0,5,..,13,4,13,0,13,..,190,18,206,6,214,..,1187,140,1325,22,1344,..,41,3,46,1683,1735,18588,1232,144,1374,1704,21666
LGA17080,0,15,0,15,..,27,11,40,0,40,..,0,0,0,0,0,..,10,0,10,0,10,..,146,20,168,3,168,..,588,58,651,3,653,..,42,0,43,1220,1263,12979,630,64,689,1223,14891
LGA17100,140,2181,19,2197,..,196,87,283,5,286,..,153,25,172,0,172,..,953,182,1137,7,1147,..,2311,212,2522,56,2579,..,24584,4940,29517,240,29762,..,304,78,382,2172,2554,13277,24883,5020,29898,2414,45593
LGA17150,0,97,0,97,..,514,80,599,0,598,..,195,20,210,0,210,..,505,85,594,9,604,..,2512,334,2846,85,2930,..,27833,3599,31436,322,31757,..,639,51,693,7017,7709,190743,28475,3651,32123,7339,230211
LGA17200,10,362,10,371,..,4037,1851,5887,27,5916,..,568,91,658,5,664,..,2012,484,2495,18,2511,..,4142,486,4634,109,4743,..,62527,10636,73167,561,73722,..,886,202,1089,14097,15192,122723,63419,10835,74259,14659,211632
LGA17310,4,29,0,29,..,48,11,60,0,59,..,4,0,4,0,4,..,206,145,350,0,349,..,622,90,710,21,738,..,2956,619,3573,60,3630,..,182,19,202,4265,4463,54968,3136,638,3778,4326,63070
LGA17350,0,0,0,0,..,0,0,0,0,0,..,0,0,0,0,0,..,3,4,9,0,9,..,17,3,23,3,25,..,132,15,149,5,151,..,16,0,16,307,323,5562,149,15,165,313,6034
LGA17400,0,0,0,0,..,6,0,6,0,6,..,0,0,0,0,0,..,0,0,0,0,0,..,41,3,44,7,53,..,167,18,184,8,195,..,34,0,34,612,646,5968,205,18,222,622,6810
LGA17420,93,2824,23,2843,..,320,63,379,4,381,..,444,50,498,0,501,..,617,100,719,7,721,..,4908,433,5342,149,5491,..,64964,8736,73697,679,74377,..,788,124,907,4196,5102,112395,65748,8859,74609,4872,191876
LGA17550,0,30,0,33,..,188,22,210,0,210,..,25,0,25,0,25,..,74,9,88,0,88,..,644,85,737,22,756,..,4360,430,4793,72,4862,..,303,26,328,6379,6715,85814,4664,450,5117,6454,97392
LGA17620,3,15,0,15,..,4,0,9,0,9,..,0,0,0,0,0,..,7,5,12,0,12,..,114,20,136,0,133,..,452,131,578,8,584,..,36,3,41,879,917,12728,483,132,619,888,14229
LGA17640,0,4,0,4,..,4,0,4,0,4,..,0,0,0,0,0,..,5,3,9,0,9,..,48,4,50,0,47,..,194,15,209,0,213,..,23,0,25,674,695,7604,215,17,235,674,8514
LGA17650,0,0,0,0,..,15,0,15,0,15,..,0,0,0,0,0,..,3,0,8,0,8,..,19,0,19,0,19,..,133,6,143,0,144,..,11,0,11,367,377,5447,142,6,152,369,5971
LGA17750,11,115,0,117,..,72,16,95,0,90,..,0,0,0,0,0,..,86,14,107,0,107,..,1603,605,2208,31,2235,..,5072,1017,6090,82,6168,..,202,30,233,3514,3747,57697,5276,1045,6318,3593,67609
LGA17850,0,0,0,0,..,0,0,0,0,0,..,0,0,0,0,0,..,0,0,0,0,0,..,34,0,33,0,33,..,55,0,54,0,54,..,11,0,12,282,294,2665,65,3,69,282,3016
LGA17900,0,0,0,0,..,3,0,8,0,8,..,0,0,0,0,0,..,0,0,0,0,0,..,69,0,74,0,74,..,237,36,277,5,276,..,27,0,27,1353,1378,3595,264,36,302,1356,5253
LGA17950,0,0,0,0,..,0,0,0,0,0,..,0,0,0,0,0,..,0,0,0,0,0,..,4,0,3,0,3,..,78,3,75,0,75,..,3,0,3,270,268,2202,77,3,85,270,2550
LGA18020,0,0,0,0,..,0,0,0,0,0,..,0,0,0,0,0,..,4,0,9,0,9,..,46,4,53,0,53,..,200,12,212,0,213,..,26,3,23,1231,1258,7757,225,14,235,1229,9225
LGA18050,0,17,0,16,..,111,26,140,0,140,..,75,6,82,0,82,..,102,11,111,0,111,..,2240,111,2349,31,2388,..,13153,1091,14247,121,14372,..,266,19,283,3791,4077,50164,13422,1110,14527,3916,68605
LGA18100,0,0,0,0,..,0,0,0,0,0,..,0,0,0,0,0,..,0,0,0,0,0,..,10,0,11,0,13,..,49,0,51,0,55,..,9,0,9,244,255,3302,58,0,64,245,3608
LGA18200,0,4,0,4,..,11,0,19,0,19,..,11,0,11,0,11,..,0,0,0,0,0,..,65,12,77,4,76,..,249,32,279,0,288,..,31,9,42,868,913,6255,283,41,323,875,7453
LGA18250,4,241,0,244,..,434,124,554,0,560,..,59,0,60,0,60,..,314,36,345,3,350,..,1627,210,1836,61,1893,..,25676,5111,30789,245,31032,..,261,55,320,2276,2599,41979,25940,5168,31107,2528,75613
LGA18350,3,18,0,18,..,86,18,110,0,110,..,26,4,30,0,30,..,39,9,47,0,51,..,430,50,483,10,494,..,3320,323,3637,46,3685,..,122,12,138,2531,2668,46361,3439,332,3775,2574,52709
LGA18400,0,3,0,3,..,34,11,45,0,45,..,45,0,45,0,49,..,49,8,63,0,63,..,583,80,661,8,662,..,2742,314,3059,23,3078,..,150,10,160,2364,2525,48361,2887,330,3213,2389,53961
LGA18450,7,210,0,215,..,463,125,581,8,588,..,747,198,941,5,948,..,843,264,1101,7,1115,..,3370,664,4032,73,4104,..,28292,5284,33575,288,33864,..,732,120,848,8673,9520,171184,29024,5404,34426,8957,214564
LGA18500,0,28,0,28,..,97,18,107,0,112,..,76,9,77,0,80,..,122,12,133,0,133,..,1050,62,1117,16,1128,..,7574,632,8210,85,8295,..,153,5,162,2511,2678,42520,7735,645,8379,2598,53496
LGA18710,0,5,0,5,..,16,4,20,0,20,..,7,0,7,0,7,..,14,6,22,0,22,..,105,13,115,6,118,..,623,75,698,12,707,..,32,0,34,792,824,15750,660,71,730,800,17281
LGA19399,0,0,0,0,..,0,0,0,0,0,..,0,0,0,0,0,..,0,0,0,0,0,..,16,0,19,0,19,..,39,6,40,0,39,..,0,0,0,81,81,893,39,6,40,79,1016
LGA19499,0,13,0,14,..,10,3,14,0,16,..,12,4,11,0,11,..,25,16,39,0,39,..,171,32,203,4,205,..,966,159,1125,25,1150,..,35,6,40,3764,3803,6417,1003,162,1166,3781,11371
LGA19799,0,0,0,0,..,0,0,0,0,0,..,0,0,0,0,0,..,0,0,0,0,0,..,0,0,0,0,0,..,0,0,0,0,0,..,0,0,0,0,0,0,0,0,0,0,0
LGA20110,0,0,0,0,..,12,0,12,0,12,..,0,0,0,0,0,..,0,0,4,0,4,..,112,20,131,0,136,..,787,114,899,16,916,..,35,8,45,846,890,11428,822,119,941,864,13235
LGA20260,0,3,0,3,..,8,0,8,0,8,..,7,4,6,0,6,..,18,4,17,0,17,..,99,9,111,5,109,..,504,85,588,8,595,..,23,0,23,1427,1444,9836,527,83,615,1428,11880
LGA20570,0,146,3,149,..,119,20,139,4,139,..,18,3,26,0,26,..,167,23,186,0,186,..,1117,125,1243,40,1287,..,7122,733,7858,113,7976,..,316,36,356,5258,5612,100172,7444,771,8214,5375,113763
LGA20660,30,547,9,550,..,258,30,284,5,292,..,159,13,169,0,171,..,776,148,923,4,933,..,2642,356,3000,90,3089,..,23714,3542,27255,290,27548,..,430,56,479,3576,4061,94634,24146,3592,27742,3865,126236
LGA20740,0,17,0,17,..,59,10,65,0,65,..,15,0,15,0,15,..,45,9,59,0,59,..,300,41,342,0,348,..,1817,213,2033,29,2060,..,126,3,129,2615,2744,35984,1941,223,2160,2647,40789
LGA20830,5,38,0,38,..,65,18,78,0,82,..,20,0,20,0,20,..,63,34,99,0,97,..,555,49,610,10,617,..,2482,312,2787,31,2819,..,128,6,135,3074,3214,51600,2607,316,2923,3106,57626
LGA20910,8,89,0,91,..,124,10,133,3,138,..,224,16,240,0,245,..,226,28,258,0,258,..,1665,135,1801,39,1842,..,13763,1725,15487,158,15645,..,306,33,342,3191,3534,82132,14071,1758,15830,3349,101306
LGA21010,0,8,0,8,..,12,0,12,0,12,..,0,0,0,0,0,..,5,0,8,0,9,..,73,4,76,0,80,..,464,46,513,14,529,..,39,0,39,1165,1204,12802,504,46,550,1179,14528
LGA21110,16,683,3,684,..,329,41,369,0,369,..,191,17,211,4,210,..,1792,272,2067,16,2080,..,2115,195,2310,60,2373,..,41121,6756,47878,346,48227,..,507,49,556,4555,5117,114556,41632,6809,48437,4906,167900
LGA21180,163,988,8,1000,..,357,85,443,3,443,..,1719,462,2186,7,2189,..,22839,12888,35726,299,36020,..,14675,3784,18451,220,18673,..,84422,26093,110518,903,111421,..,1256,420,1669,10861,12534,70661,85679,26514,112188,11765,194618
LGA21270,0,0,0,0,..,8,0,10,0,10,..,6,0,3,0,3,..,3,0,3,0,3,..,32,0,36,0,36,..,183,19,203,0,206,..,11,0,13,518,534,5444,196,22,217,520,6178
LGA21370,0,10,0,10,..,27,23,52,0,52,..,6,4,6,0,6,..,23,12,32,0,32,..,195,29,228,7,229,..,1283,211,1496,27,1521,..,127,3,133,2529,2665,34548,1411,216,1629,2555,38735
LGA21450,71,646,3,651,..,170,29,200,0,200,..,89,12,102,0,105,..,185,54,240,0,242,..,3455,630,4091,83,4175,..,18466,2362,20820,247,21073,..,459,84,544,5472,6012,91108,18921,2444,21360,5721,118194
LGA21610,510,5961,74,6034,..,566,138,703,11,711,..,1409,298,1710,10,1717,..,2136,801,2941,12,2956,..,29964,7655,37617,532,38144,..,129632,21284,150921,1607,152525,..,2795,765,3563,15352,18913,193800,132433,22049,154479,16959,365239
LGA21670,0,0,0,0,..,9,0,9,0,9,..,6,0,6,0,6,..,4,6,8,0,8,..,91,10,97,0,98,..,366,32,397,5,403,..,43,0,51,929,975,12098,413,31,446,935,13483
LGA21750,0,10,0,10,..,17,3,22,0,25,..,3,0,3,0,3,..,20,9,26,0,26,..,202,38,236,12,246,..,988,304,1290,18,1310,..,41,0,49,1398,1447,19672,1032,302,1334,1419,22423
LGA21830,0,0,0,0,..,7,3,11,0,11,..,3,0,3,0,3,..,7,0,7,0,7,..,70,6,81,4,79,..,364,42,413,0,410,..,39,0,43,1112,1154,14555,407,46,452,1113,16115
LGA21890,30,457,9,461,..,265,41,308,0,308,..,351,72,421,3,424,..,2235,813,3050,23,3067,..,3357,460,3819,94,3912,..,38756,8827,47588,414,48003,..,551,108,661,5792,6448,94119,39315,8937,48249,6202,148570
LGA22110,3,40,0,41,..,32,33,63,0,71,..,6,0,6,0,6,..,74,39,114,0,114,..,290,39,329,10,336,..,1687,252,1940,28,1968,..,129,18,150,3519,3664,43084,1812,272,2090,3546,48715
LGA22170,24,329,3,333,..,296,56,349,4,353,..,154,28,181,0,180,..,263,62,330,0,327,..,2320,372,2698,62,2755,..,13605,1938,15545,184,15734,..,498,44,539,6591,7131,116411,14100,1985,16087,6778,139281
LGA22250,0,0,0,0,..,13,0,12,0,12,..,0,0,0,0,0,..,0,0,0,0,0,..,29,3,34,4,39,..,221,30,251,3,256,..,30,4,29,818,851,9574,248,36,279,824,10683
LGA22310,24,799,14,813,..,298,55,347,4,352,..,175,20,199,7,200,..,999,136,1136,8,1143,..,6809,483,7288,127,7416,..,40173,5465,45633,429,46060,..,587,86,669,4472,5143,97714,40760,5545,46301,4893,148908
LGA22410,0,4,0,4,..,32,0,31,0,31,..,0,0,0,0,0,..,18,5,21,0,22,..,109,11,124,4,124,..,539,39,578,5,582,..,49,0,52,1330,1384,18185,588,41,630,1341,20152
LGA22490,0,0,0,0,..,24,4,24,0,26,..,4,0,4,0,4,..,14,3,15,0,19,..,200,33,232,7,241,..,674,66,736,12,752,..,42,5,47,1135,1179,23053,711,72,782,1151,24985
LGA22620,3,83,0,81,..,81,21,102,0,102,..,27,3,37,0,37,..,124,43,170,5,176,..,1820,911,2726,57,2785,..,6323,1426,7753,116,7869,..,322,63,378,6530,6911,106692,6645,1489,8133,6647,121470
LGA22670,348,2761,32,2797,..,418,236,655,5,657,..,1183,326,1510,12,1518,..,11981,6691,18668,112,18784,..,13624,4408,18033,197,18227,..,75626,25385,101009,840,101849,..,1508,703,2209,7788,9994,46362,77130,26092,103225,8621,158208
LGA22750,40,462,4,462,..,351,79,431,3,436,..,279,52,340,0,340,..,650,237,889,9,897,..,5087,1294,6384,130,6513,..,27176,4242,31411,388,31800,..,759,108,866,13049,13915,225345,27937,4347,32283,13431,271057
LGA22830,14,161,0,159,..,111,47,157,0,158,..,356,122,483,0,483,..,69,27,95,8,102,..,1960,728,2692,50,2743,..,9499,2395,11889,167,12066,..,268,64,334,4921,5251,51093,9762,2460,12228,5090,68409
LGA22910,0,0,0,0,..,20,0,20,0,20,..,10,0,10,0,10,..,13,0,16,0,16,..,145,16,163,0,169,..,718,69,789,8,798,..,39,0,42,1254,1297,14514,759,73,835,1262,16604
LGA22980,0,5,0,5,..,4,0,4,0,4,..,0,0,0,0,0,..,7,3,11,0,11,..,151,115,262,6,266,..,270,127,396,3,402,..,18,4,25,362,389,4903,290,130,419,370,5698
LGA23110,10,195,0,194,..,192,42,236,5,237,..,117,19,132,3,132,..,1346,504,1847,26,1873,..,3236,595,3830,81,3908,..,20805,3672,24478,258,24734,..,361,71,431,3785,4213,62380,21168,3740,24909,4037,91322
LGA23190,4,11,0,13,..,13,0,13,0,13,..,11,0,20,0,15,..,17,0,18,0,18,..,147,65,218,7,219,..,828,115,944,15,958,..,43,8,49,1052,1102,18370,870,123,993,1062,20429
LGA23270,66,955,18,975,..,402,112,518,7,518,..,11544,3160,14709,100,14814,..,1414,662,2073,11,2081,..,17809,5993,23796,308,24106,..,98145,19661,117803,1213,119012,..,2057,660,2713,11985,14697,110184,100196,20322,120519,13197,243901
LGA23350,0,0,0,0,..,12,3,17,0,17,..,0,0,0,0,0,..,4,0,0,0,0,..,101,13,110,0,111,..,362,31,394,11,404,..,18,6,27,1031,1058,15902,386,34,421,1044,17368
LGA23430,34,762,6,775,..,323,77,401,0,401,..,617,140,757,8,767,..,1302,407,1711,14,1727,..,3538,432,3964,86,4048,..,34501,6212,40722,408,41125,..,566,83,651,4810,5466,111535,35072,6294,41372,5219,158129
LGA23670,67,1452,6,1457,..,321,34,355,4,362,..,151,24,175,3,176,..,967,315,1282,10,1294,..,2945,518,3469,112,3575,..,38443,6803,45242,493,45732,..,586,107,690,4525,5217,108159,39023,6906,45930,5017,159103
LGA23810,0,44,0,44,..,75,19,98,3,100,..,18,4,16,0,16,..,87,32,122,3,127,..,1007,201,1210,34,1246,..,4355,704,5056,72,5134,..,223,38,267,5419,5682,66500,4578,741,5325,5493,77318
LGA23940,0,3,0,3,..,5,0,5,0,5,..,0,0,0,0,0,..,3,0,4,0,4,..,24,0,33,0,33,..,215,22,240,0,241,..,15,4,12,805,823,6692,228,29,255,807,7759
LGA24130,0,7,0,7,..,43,3,42,0,42,..,42,0,42,0,42,..,34,8,37,0,37,..,437,43,481,4,485,..,2092,224,2309,28,2340,..,95,6,94,2486,2584,46536,2181,227,2407,2519,51458
LGA24210,16,422,0,425,..,150,15,167,0,168,..,245,44,293,0,293,..,688,134,817,10,828,..,1826,255,2084,84,2169,..,47505,9680,57188,494,57685,..,447,87,536,3291,3825,63188,47954,9766,57725,3790,124700
LGA24250,3,4,0,4,..,10,0,12,0,12,..,4,0,4,0,4,..,12,0,9,0,9,..,51,10,61,0,60,..,376,33,408,4,418,..,13,0,13,732,746,9011,391,33,426,733,10178
LGA24330,15,212,0,209,..,222,33,259,0,253,..,286,72,364,5,360,..,6951,2900,9851,76,9928,..,3471,546,4021,74,4097,..,25509,6597,32108,326,32435,..,369,85,451,4075,4533,48241,25878,6684,32559,4408,85209
LGA24410,15,263,3,272,..,245,31,277,0,279,..,61,16,71,0,71,..,436,119,555,4,555,..,3039,1400,4439,112,4553,..,18241,4225,22469,282,22750,..,439,122,560,3307,3864,88426,18681,4348,23028,3585,115043
LGA24600,50,1122,10,1138,..,1515,392,1911,9,1916,..,407,61,467,5,470,..,2713,445,3157,19,3172,..,4896,540,5438,111,5545,..,60781,7686,68466,409,68881,..,527,105,633,10737,11369,69367,61319,7785,69098,11152,149615
LGA24650,112,1271,15,1284,..,304,50,352,0,353,..,1140,156,1295,11,1305,..,3222,1304,4526,28,4557,..,11585,2074,13661,216,13881,..,60815,8162,68973,751,69725,..,1118,275,1393,10588,11977,97261,61929,8435,70363,11334,178960
LGA24780,14,88,3,92,..,76,92,168,8,175,..,278,154,431,0,431,..,202,199,399,8,408,..,1032,346,1383,24,1404,..,5044,1862,6907,99,7004,..,212,33,250,4203,4455,45513,5252,1901,7159,4303,56972
LGA24850,6,72,0,76,..,68,9,75,0,76,..,167,27,195,0,195,..,58,18,75,0,75,..,869,156,1022,30,1056,..,4978,591,5566,73,5640,..,137,15,147,2791,2936,40885,5110,606,5715,2869,49460
LGA24900,0,16,0,16,..,49,16,63,0,63,..,0,0,3,0,3,..,16,7,22,0,22,..,184,26,208,3,209,..,1260,311,1574,25,1601,..,90,6,95,2122,2215,26713,1355,314,1668,2144,30522
LGA24970,120,3162,16,3177,..,437,74,513,3,517,..,255,43,296,3,301,..,2874,600,3473,26,3497,..,5458,581,6040,116,6152,..,82939,15299,98240,749,98988,..,722,170,892,6968,7858,83546,83664,15465,99128,7721,190397
LGA25060,19,283,4,288,..,228,45,272,0,279,..,756,119,875,8,882,..,2195,691,2885,17,2902,..,3462,531,3996,72,4065,..,29205,4825,34036,317,34350,..,471,72,544,4178,4718,82779,29679,4902,34575,4499,121851
LGA25150,7,47,0,47,..,16,0,25,0,25,..,26,5,29,0,29,..,51,17,70,3,70,..,588,62,654,15,667,..,2609,265,2875,40,2918,..,97,14,111,1747,1850,32863,2706,281,2983,1782,37632
LGA25250,34,430,5,434,..,299,57,349,0,352,..,2405,633,3036,28,3065,..,1257,334,1589,11,1604,..,4006,635,4638,130,4770,..,49991,8528,58516,604,59123,..,786,129,918,6767,7682,104555,50775,8654,59431,7366,171357
LGA25340,0,34,0,34,..,198,27,219,0,225,..,64,13,76,0,76,..,104,23,130,0,130,..,1180,144,1328,28,1355,..,8207,842,9051,121,9177,..,430,24,455,8651,9108,150667,8641,871,9508,8780,168948
LGA25430,0,7,0,7,..,15,0,15,0,15,..,5,0,5,0,5,..,12,0,10,0,10,..,153,23,177,0,177,..,596,55,655,10,660,..,48,5,50,1933,1980,17612,645,57,708,1936,20253
LGA25490,0,0,0,0,..,4,0,4,0,4,..,4,0,4,0,4,..,5,0,5,0,5,..,76,11,85,8,90,..,340,26,368,10,381,..,37,5,44,1052,1092,15903,375,30,410,1059,17374
LGA25620,0,3,0,3,..,13,0,13,0,13,..,11,0,11,0,11,..,13,3,16,0,16,..,113,13,124,0,128,..,518,41,559,4,567,..,18,6,20,1283,1305,13328,540,45,580,1289,15197
LGA25710,0,60,0,59,..,44,8,56,0,51,..,101,21,116,0,118,..,79,7,88,0,88,..,621,73,696,21,712,..,5469,513,5980,64,6039,..,144,6,148,1561,1712,55147,5614,517,6131,1624,62895
LGA25810,0,15,0,15,..,3,0,3,0,3,..,0,0,0,0,0,..,5,5,8,0,8,..,134,12,147,0,148,..,523,114,637,5,643,..,32,4,32,1007,1040,10258,553,117,672,1013,11948
LGA25900,6,185,3,192,..,246,31,278,0,278,..,231,37,267,0,264,..,438,79,518,7,518,..,2522,264,2789,57,2846,..,19063,2180,21252,207,21461,..,337,40,376,6210,6590,73895,19406,2223,21630,6424,101942
LGA25990,0,0,0,0,..,3,0,3,0,3,..,0,0,0,0,0,..,4,0,4,0,4,..,49,3,56,0,57,..,153,15,159,8,167,..,10,3,12,939,951,6558,159,15,169,940,7671
LGA26080,0,0,0,0,..,0,0,0,0,0,..,0,0,0,0,0,..,0,0,0,0,0,..,20,0,20,0,19,..,106,9,111,0,113,..,4,0,4,213,214,2943,113,9,121,215,3276
LGA26170,0,11,0,11,..,13,0,13,0,13,..,0,0,0,0,0,..,25,16,31,4,39,..,220,21,245,3,249,..,1039,127,1170,19,1185,..,51,8,58,1953,2008,27388,1091,136,1226,1967,30577
LGA26260,0,0,0,0,..,19,3,23,0,23,..,0,0,0,0,0,..,11,0,8,0,8,..,71,14,82,3,91,..,440,50,492,13,501,..,38,0,41,934,974,15109,478,51,529,947,16588
LGA26350,8,260,4,260,..,266,59,326,9,327,..,204,54,259,0,261,..,562,93,658,5,666,..,1801,167,1962,43,2002,..,20234,2766,23002,202,23205,..,244,33,272,4683,4953,76544,20475,2798,23275,4882,104703
LGA26430,0,8,0,8,..,26,0,30,0,30,..,4,0,4,0,4,..,8,12,18,0,18,..,56,12,65,3,66,..,358,58,415,7,419,..,38,5,49,981,1020,10011,401,61,458,987,11455
LGA26490,0,3,0,3,..,17,0,21,0,21,..,3,0,3,0,3,..,15,0,23,3,23,..,288,23,309,7,318,..,1429,108,1531,32,1562,..,70,8,79,1870,1946,34184,1493,116,1608,1902,37694
LGA26610,0,24,0,24,..,61,66,129,0,129,..,0,0,0,0,0,..,162,237,401,9,408,..,505,183,690,20,712,..,2303,1139,3444,55,3504,..,90,40,131,1738,1870,16030,2393,1177,3572,1800,21403
LGA26670,0,0,0,0,..,0,0,0,0,0,..,0,0,0,0,0,..,0,0,0,0,0,..,31,7,34,0,34,..,162,12,170,6,175,..,12,0,12,521,531,5516,165,12,179,529,6223
LGA26700,6,33,0,33,..,43,22,64,5,64,..,5,0,0,0,3,..,19,8,26,0,26,..,173,18,194,14,209,..,1351,181,1529,26,1551,..,77,13,85,1638,1723,26531,1419,195,1617,1659,29808
LGA26730,6,28,0,28,..,56,15,76,0,76,..,8,0,10,4,16,..,70,54,122,0,127,..,261,33,294,13,304,..,1544,314,1856,42,1900,..,100,8,109,1881,1993,31517,1647,320,1963,1926,35406
LGA26810,5,44,0,49,..,42,13,55,0,55,..,7,0,7,0,7,..,58,32,88,3,90,..,261,31,289,8,303,..,1570,210,1777,21,1801,..,108,0,109,3925,4032,39808,1674,213,1888,3946,45639
LGA26890,0,0,0,0,..,0,0,0,0,0,..,0,0,0,0,0,..,4,0,4,0,4,..,12,0,12,0,13,..,86,4,95,3,96,..,7,0,7,315,320,3592,93,7,100,317,4006
LGA26980,51,1001,11,1014,..,404,78,478,0,478,..,132,21,152,0,152,..,1815,499,2309,16,2322,..,2748,405,3155,99,3256,..,54224,13732,67949,637,68588,..,543,100,638,5505,6147,94609,54759,13830,68590,6147,169346
LGA27070,225,2506,28,2536,..,334,75,413,4,418,..,1440,363,1809,8,1817,..,3635,1596,5226,46,5274,..,7929,1228,9161,214,9376,..,87169,15215,102381,1063,103445,..,1417,323,1741,9094,10833,115115,88588,15534,104124,10153,229396
LGA27170,4,18,0,18,..,36,8,41,0,41,..,6,0,6,0,6,..,122,89,211,0,206,..,580,178,765,15,780,..,2456,496,2952,43,2989,..,154,28,188,1982,2165,38096,2612,522,3134,2023,43253
LGA27260,219,4213,67,4281,..,577,143,722,11,735,..,387,57,440,0,444,..,2343,787,3127,27,3153,..,23925,4462,28389,559,28947,..,127032,16450,143481,1911,145394,..,1890,434,2320,15740,18059,128559,128918,16879,145802,17656,292011
LGA27350,0,94,0,94,..,186,34,228,0,226,..,213,56,269,0,273,..,1792,1183,2980,24,2998,..,2163,343,2508,59,2568,..,14209,3625,17833,192,18021,..,311,42,357,4348,4705,67385,14520,3670,18192,4537,90114
LGA27450,5,86,5,90,..,183,29,221,0,219,..,38,0,40,0,40,..,160,25,187,9,194,..,2690,817,3508,64,3574,..,10548,1748,12294,146,12438,..,488,74,558,5220,5776,137846,11033,1821,12850,5366,156068
LGA27630,0,0,0,0,..,4,0,5,3,7,..,0,0,0,0,0,..,0,0,0,0,0,..,30,12,43,0,43,..,165,23,188,8,193,..,8,0,8,474,486,5879,173,23,199,476,6556
LGA29399,0,0,0,0,..,0,0,0,0,0,..,0,0,0,0,0,..,0,0,0,0,0,..,8,4,15,0,16,..,78,29,106,0,107,..,7,0,7,235,241,609,86,29,111,237,955
LGA29499,0,6,0,6,..,7,0,7,0,7,..,25,13,32,0,35,..,32,14,42,0,42,..,187,40,227,6,229,..,794,171,962,15,977,..,37,7,45,3575,3624,4485,834,179,1012,3592,9089
LGA29799,0,0,0,0,..,0,0,0,0,0,..,0,0,0,0,0,..,0,0,0,0,0,..,0,0,0,0,0,..,5,0,5,0,5,..,0,0,0,27,27,13,5,0,5,27,38
LGA30250,0,0,0,0,..,0,0,0,0,0,..,0,0,0,0,0,..,0,0,0,0,0,..,682,218,895,17,914,..,683,221,900,17,916,..,12,0,13,66,76,102,695,220,913,80,1101
LGA30300,0,0,0,0,..,3,0,3,0,3,..,0,0,0,0,0,..,3,3,4,0,4,..,41,7,48,4,50,..,133,18,152,3,154,..,34,3,45,396,437,3728,169,18,189,401,4320
LGA30370,9,23,0,23,..,12,4,14,0,14,..,0,0,0,0,0,..,13,10,24,0,24,..,79,12,92,0,92,..,494,154,646,3,658,..,22,0,24,1809,1834,12028,514,152,675,1815,14513
LGA30410,0,0,0,0,..,0,0,0,0,0,..,0,0,0,0,0,..,0,0,0,0,0,..,3,0,4,0,4,..,46,5,49,0,49,..,8,0,8,294,304,2493,53,5,58,294,2849
LGA30450,0,0,0,0,..,0,0,0,0,0,..,0,0,0,0,0,..,0,0,0,0,0,..,0,0,0,0,0,..,0,0,0,0,0,..,0,0,0,36,36,275,0,0,0,36,308
LGA30760,0,0,0,0,..,0,0,0,0,0,..,0,0,0,0,0,..,0,0,0,0,0,..,5,0,8,0,8,..,28,0,33,0,33,..,7,0,7,149,151,1720,38,0,37,149,1905
LGA30900,0,0,0,0,..,0,0,0,0,0,..,0,0,0,0,0,..,0,0,0,0,0,..,9,0,9,0,9,..,18,0,16,0,16,..,0,0,0,51,57,384,18,0,20,51,458
LGA31000,221,4134,41,4172,..,2811,573,3383,20,3407,..,869,104,981,3,983,..,15233,6286,21518,161,21679,..,29383,4627,34010,776,34788,..,253842,40797,294637,3032,297672,..,4938,871,5808,48937,54743,890403,258774,41665,300447,51970,1242825
LGA31750,0,0,0,0,..,0,0,0,0,0,..,0,0,0,0,0,..,0,0,0,0,0,..,0,0,0,0,0,..,8,0,7,0,7,..,0,0,0,22,23,309,9,0,8,22,337
LGA31820,0,41,0,43,..,104,123,233,0,233,..,53,17,75,0,75,..,161,84,250,0,251,..,877,157,1038,21,1059,..,4178,875,5052,71,5119,..,290,46,333,6041,6379,87709,4462,923,5390,6115,99215
LGA31900,0,0,0,0,..,12,5,18,0,18,..,4,0,4,0,4,..,32,14,46,0,46,..,207,59,264,22,284,..,868,166,1039,32,1068,..,49,0,56,1433,1484,14142,919,168,1091,1464,16692
LGA31950,0,0,0,0,..,0,0,0,0,0,..,0,0,0,0,0,..,0,0,0,0,0,..,5,0,5,0,5,..,17,0,17,0,17,..,4,0,5,85,86,315,21,0,21,85,419
LGA32080,0,105,3,107,..,460,87,547,0,553,..,49,4,61,0,62,..,343,82,426,3,435,..,6052,822,6876,155,7029,..,20314,2827,23140,328,23470,..,1229,184,1417,13916,15333,128138,21544,3012,24558,14246,166943
LGA32250,0,0,0,0,..,0,0,0,0,3,..,0,0,0,0,0,..,0,0,0,0,0,..,45,0,46,0,51,..,81,5,83,5,87,..,13,0,13,224,235,1766,90,5,89,226,2090
LGA32260,0,4,0,4,..,47,10,57,0,57,..,0,0,0,0,0,..,18,3,26,0,26,..,734,164,898,26,921,..,2488,424,2910,58,2971,..,128,7,134,2759,2893,23291,2614,436,3047,2819,29157
LGA32270,0,19,0,19,..,44,8,53,0,53,..,7,0,12,0,12,..,23,8,29,0,29,..,353,51,404,15,419,..,1421,187,1610,23,1636,..,82,6,88,3093,3182,23022,1509,192,1696,3115,27836
LGA32310,0,6,0,6,..,7,0,10,0,10,..,0,0,0,0,0,..,12,3,19,0,19,..,73,0,77,0,77,..,277,14,292,4,295,..,40,0,40,1501,1541,9959,317,14,331,1505,11794
LGA32330,0,0,0,0,..,0,0,0,0,0,..,0,0,0,0,0,..,0,0,0,0,0,..,20,0,20,0,25,..,24,0,24,0,28,..,0,0,0,38,39,1129,26,0,26,40,1194
LGA32450,0,4,0,4,..,0,0,4,0,4,..,0,0,0,0,0,..,3,5,7,0,7,..,30,6,32,0,32,..,144,8,149,0,152,..,14,0,14,549,565,2925,156,8,162,549,3644
LGA32500,0,0,0,0,..,8,0,11,0,11,..,0,0,0,0,0,..,7,4,12,0,12,..,216,14,232,8,242,..,383,36,420,14,436,..,30,3,33,778,813,3260,417,41,455,793,4511
LGA32600,0,0,0,0,..,0,0,0,0,0,..,0,0,0,0,0,..,0,0,0,0,0,..,0,0,0,0,0,..,7,0,7,0,7,..,0,0,0,41,41,227,7,0,7,41,266
LGA32750,0,0,0,0,..,0,0,0,0,0,..,0,0,0,0,0,..,0,0,0,0,0,..,0,0,0,0,0,..,15,6,22,0,22,..,4,0,4,54,54,189,23,6,23,54,266
LGA32770,0,0,0,0,..,0,0,0,0,0,..,0,0,0,0,0,..,0,0,0,0,0,..,15,0,15,0,15,..,40,0,45,0,45,..,4,0,5,47,53,1290,48,5,46,47,1387
LGA32810,0,0,0,0,..,30,7,39,0,39,..,0,0,0,0,0,..,10,0,14,0,14,..,257,17,268,13,282,..,1087,55,1144,21,1162,..,67,7,80,1381,1458,9717,1153,61,1216,1401,12337
LGA33100,0,0,0,0,..,3,0,3,0,3,..,0,0,0,0,0,..,0,0,0,0,0,..,4,0,4,0,4,..,5,0,5,0,5,..,0,0,0,96,96,615,5,0,5,96,714
LGA33200,0,0,0,0,..,0,0,0,0,0,..,0,0,0,0,0,..,0,0,0,0,0,..,5,0,5,0,5,..,32,3,34,0,34,..,4,0,4,183,185,1275,35,3,40,183,1500
LGA33220,5,46,0,42,..,159,27,188,0,188,..,20,0,26,0,26,..,49,15,63,0,69,..,903,123,1025,23,1047,..,3862,367,4230,54,4285,..,254,13,271,7073,7345,99403,4120,378,4499,7129,111032
LGA33360,8,107,0,108,..,90,17,109,0,112,..,9,0,11,0,11,..,44,19,65,0,65,..,498,59,560,18,574,..,3285,280,3565,51,3613,..,158,19,174,4188,4369,55537,3443,295,3739,4244,63515
LGA33430,13,432,3,435,..,1529,246,1772,11,1783,..,592,98,683,7,689,..,1263,279,1541,13,1555,..,10136,1174,11308,225,11539,..,74588,10036,84622,830,85451,..,2397,279,2672,34969,37648,501988,76987,10312,87297,35800,625087
LGA33610,0,9,0,9,..,0,0,3,0,3,..,0,0,0,0,0,..,7,0,7,0,7,..,21,6,32,0,31,..,295,33,327,0,332,..,27,7,39,880,914,9059,321,46,367,882,10310
LGA33620,0,8,0,15,..,43,5,49,0,49,..,0,0,0,0,0,..,27,11,44,0,44,..,281,35,321,6,328,..,1316,131,1447,26,1472,..,115,12,127,3433,3559,48214,1427,144,1568,3460,53242
LGA33800,0,0,0,0,..,4,3,6,0,6,..,0,0,0,0,0,..,4,3,8,0,8,..,84,10,92,3,94,..,492,79,575,14,581,..,29,0,28,822,850,9487,526,79,605,833,10920
LGA33830,0,0,0,0,..,0,0,0,0,0,..,0,0,0,0,0,..,0,0,0,0,0,..,519,20,542,36,575,..,537,20,556,36,593,..,4,9,16,48,67,320,543,29,566,85,976
LGA33960,43,546,7,550,..,283,62,348,6,353,..,72,12,89,0,89,..,1441,651,2089,19,2115,..,6644,1070,7714,163,7882,..,28018,3801,31819,424,32243,..,988,124,1108,13010,14116,182849,29002,3923,32932,13431,229208
LGA33980,0,4,0,4,..,27,10,37,0,37,..,0,0,0,0,0,..,13,3,15,0,17,..,171,20,194,6,198,..,952,84,1034,21,1058,..,71,9,80,4520,4597,16392,1027,87,1113,4540,22046
LGA34420,0,0,0,0,..,0,0,0,0,0,..,0,0,0,0,0,..,0,0,0,0,0,..,21,0,22,0,23,..,29,0,27,11,41,..,9,0,9,104,115,926,35,0,36,118,1079
LGA34530,0,0,0,0,..,37,7,43,0,43,..,0,0,0,0,0,..,18,6,28,0,30,..,218,26,237,15,246,..,979,78,1058,21,1077,..,94,6,101,3660,3762,34555,1072,84,1153,3678,39398
LGA34570,0,0,0,0,..,0,0,0,0,0,..,0,0,0,0,0,..,0,0,0,0,0,..,388,10,401,15,414,..,388,10,401,15,414,..,0,0,6,68,75,148,389,11,407,80,640
LGA34580,0,20,0,20,..,45,4,46,0,46,..,14,6,26,0,26,..,62,40,103,11,114,..,558,146,709,25,736,..,2221,643,2862,44,2907,..,90,14,109,2658,2766,35429,2315,659,2971,2704,41101
LGA34590,35,475,7,483,..,418,133,552,6,553,..,394,83,474,10,488,..,1224,504,1723,9,1739,..,15500,4563,20061,289,20352,..,51225,10564,61786,746,62532,..,1730,384,2113,21185,23306,259262,52953,10946,63899,21939,345098
LGA34710,0,0,0,0,..,0,0,0,0,0,..,0,0,0,0,0,..,0,0,0,0,0,..,45,4,52,0,52,..,108,13,121,0,124,..,10,0,12,443,449,3072,118,12,134,445,3647
LGA34770,8,74,0,74,..,183,36,223,0,230,..,7,0,7,0,7,..,74,25,101,3,104,..,1409,137,1550,28,1579,..,6557,587,7143,99,7239,..,420,42,461,10590,11055,103403,6976,627,7603,10688,121691
LGA34800,0,0,0,0,..,0,0,0,0,0,..,0,0,0,0,0,..,0,0,0,0,0,..,0,0,0,0,0,..,10,0,10,0,10,..,0,0,0,159,159,660,10,0,10,159,836
LGA34830,0,0,0,0,..,0,0,0,0,0,..,0,0,0,0,0,..,0,0,0,0,0,..,128,12,143,0,143,..,138,12,146,0,146,..,0,0,0,54,54,235,138,12,146,54,432
LGA34860,0,5,0,5,..,3,0,3,0,3,..,0,0,0,0,0,..,5,0,6,0,6,..,94,6,104,4,107,..,470,33,503,10,511,..,36,0,36,1370,1410,10903,508,33,540,1380,12825
LGA34880,3,6,0,6,..,44,7,50,0,50,..,0,0,0,0,0,..,14,7,22,3,23,..,431,46,478,7,485,..,2037,296,2332,37,2370,..,97,11,103,3382,3483,17006,2132,307,2439,3415,22858
LGA35010,17,305,9,311,..,699,199,903,13,911,..,100,12,118,0,120,..,529,143,670,4,674,..,6591,904,7495,167,7663,..,35844,4389,40232,459,40697,..,1536,151,1689,21196,22883,412761,37387,4534,41924,21657,476340
LGA35250,0,0,0,0,..,0,0,0,0,0,..,0,0,0,0,0,..,0,0,0,0,0,..,329,0,330,8,336,..,344,0,347,6,355,..,0,0,0,93,99,575,343,0,348,104,1025
LGA35300,0,26,0,26,..,18,3,27,0,27,..,0,3,7,0,7,..,12,4,21,0,21,..,538,31,567,10,582,..,1681,120,1806,21,1823,..,113,12,127,1751,1879,15027,1798,135,1927,1769,18727
LGA35600,0,0,0,0,..,5,0,5,0,5,..,0,0,0,0,0,..,49,78,125,0,127,..,36,4,40,0,40,..,139,82,224,0,223,..,3,5,7,468,470,3280,146,85,225,468,3971
LGA35670,0,0,0,0,..,0,0,0,0,0,..,0,0,0,0,0,..,0,0,0,0,0,..,113,6,121,3,128,..,128,7,129,3,136,..,20,0,21,146,166,573,146,7,150,154,883
LGA35740,0,4,0,4,..,75,7,87,0,87,..,12,0,12,0,12,..,32,7,42,0,44,..,510,39,552,15,569,..,3036,188,3220,42,3258,..,129,7,141,3054,3195,49844,3165,195,3361,3097,56298
LGA35760,0,0,0,0,..,13,5,14,0,14,..,0,0,0,0,0,..,13,0,14,0,14,..,109,23,139,4,139,..,454,84,537,11,555,..,28,5,32,1025,1056,8456,481,91,570,1039,10068
LGA35780,0,0,0,0,..,0,0,0,0,0,..,0,0,0,0,0,..,0,0,0,0,0,..,1611,303,1919,90,2003,..,1631,303,1939,90,2024,..,41,6,45,291,339,420,1672,315,1983,375,2781
LGA35790,0,0,0,0,..,0,0,0,0,0,..,0,0,0,0,0,..,0,0,0,0,0,..,734,49,784,3,788,..,792,51,845,9,854,..,22,3,23,115,136,1114,809,56,862,123,2098
LGA35800,0,0,0,0,..,0,0,0,0,0,..,0,0,0,0,0,..,0,0,0,0,0,..,19,5,22,0,22,..,50,3,57,0,57,..,4,0,4,91,95,1531,54,3,57,91,1679
LGA36070,0,0,0,0,..,0,0,0,0,0,..,0,0,0,0,0,..,0,0,0,0,0,..,297,4,300,14,315,..,305,4,306,14,321,..,3,0,5,75,77,215,308,0,313,86,611
LGA36150,0,0,0,0,..,0,0,0,0,0,..,0,0,0,0,0,..,0,0,0,0,0,..,3,0,3,0,3,..,9,3,6,0,6,..,4,0,4,45,48,644,12,3,9,45,698
LGA36250,3,106,0,107,..,237,41,276,4,278,..,60,0,60,0,69,..,182,49,231,0,236,..,1983,297,2274,49,2324,..,10588,1100,11691,144,11835,..,475,32,505,5277,5775,141607,11060,1133,12187,5421,159222
LGA36300,0,0,0,0,..,0,0,0,0,0,..,0,0,0,0,0,..,0,0,0,0,0,..,4,0,4,0,4,..,12,0,12,0,12,..,0,0,0,129,129,624,9,0,9,129,761
LGA36370,43,190,0,194,..,82,18,97,0,97,..,3,0,3,0,3,..,246,167,418,5,415,..,800,164,962,29,992,..,4424,797,5222,69,5288,..,277,58,333,5805,6138,70536,4699,850,5555,5876,81968
LGA36510,0,0,0,0,..,31,0,33,0,33,..,0,0,0,0,0,..,11,0,17,0,15,..,326,24,342,14,362,..,1352,151,1502,25,1527,..,95,7,103,2903,3006,38455,1443,156,1604,2927,42984
LGA36580,0,11,0,11,..,21,3,23,0,23,..,0,0,0,0,0,..,36,53,83,0,86,..,166,35,198,8,209,..,1065,182,1244,27,1270,..,78,8,86,1577,1660,22130,1137,187,1325,1596,25057
LGA36630,0,4,0,4,..,25,0,25,0,25,..,0,0,0,0,0,..,21,9,26,0,26,..,216,33,247,8,259,..,876,123,1002,18,1018,..,86,6,91,2883,2978,28997,960,127,1093,2901,32996
LGA36660,0,4,0,4,..,27,0,33,0,33,..,3,0,3,0,3,..,21,12,26,0,28,..,225,41,263,8,275,..,1333,230,1563,20,1582,..,76,11,85,2670,2752,31954,1409,239,1647,2690,36290
LGA36720,0,97,0,97,..,545,99,642,3,642,..,48,5,54,0,53,..,386,82,470,6,474,..,3303,347,3650,71,3720,..,19087,1604,20698,286,20982,..,950,97,1043,16442,17490,304081,20038,1699,21739,16727,342541
LGA36820,0,4,0,4,..,26,4,31,0,31,..,0,0,0,0,0,..,5,4,11,0,11,..,443,50,492,22,516,..,1196,114,1309,27,1337,..,98,5,102,2468,2568,22335,1288,122,1407,2498,26244
LGA36910,14,176,3,177,..,136,23,160,0,158,..,17,3,24,0,24,..,165,28,192,0,194,..,3497,1496,4992,92,5083,..,12754,2620,15374,208,15583,..,536,131,663,8803,9465,148153,13290,2750,16038,9013,173204
LGA36950,0,0,0,0,..,6,0,6,0,6,..,0,0,0,0,0,..,4,0,4,0,4,..,1332,201,1537,48,1584,..,1406,206,1615,48,1666,..,87,9,92,244,339,1419,1490,220,1706,295,3421
LGA36960,0,0,0,0,..,0,0,0,0,0,..,0,0,0,0,0,..,0,0,0,0,0,..,2814,623,3440,69,3515,..,2839,637,3478,78,3554,..,49,37,91,223,310,262,2891,678,3568,294,4124
LGA37010,9,230,0,230,..,246,56,302,0,302,..,13,0,19,0,19,..,311,116,424,3,429,..,3952,677,4627,69,4700,..,13460,1621,15083,161,15246,..,844,91,939,14809,15755,161774,14309,1711,16025,14978,192768
LGA37300,0,6,0,6,..,14,0,13,0,14,..,0,0,0,0,0,..,0,0,0,0,0,..,225,11,242,7,245,..,346,27,373,4,385,..,50,3,54,490,548,3170,406,31,430,498,4100
LGA37310,0,7,0,8,..,6,4,14,0,14,..,0,0,0,0,0,..,12,11,24,0,24,..,198,24,217,4,223,..,1258,111,1368,26,1395,..,73,3,79,3220,3303,29149,1332,113,1449,3250,33843
LGA37340,4,21,0,21,..,80,21,97,0,97,..,19,4,27,0,27,..,70,36,100,0,100,..,494,52,542,12,556,..,2222,273,2494,25,2521,..,115,14,123,4106,4228,30406,2332,279,2616,4128,37152
LGA37400,0,0,0,0,..,0,0,0,0,0,..,0,0,0,0,0,..,0,0,0,0,0,..,8,0,8,0,8,..,16,0,16,0,21,..,4,0,4,172,178,928,26,0,26,177,1129
LGA37550,0,0,0,0,..,0,0,0,0,0,..,0,0,0,0,0,..,0,0,0,0,0,..,21,0,27,0,27,..,30,7,39,0,38,..,12,0,10,40,54,933,40,3,42,46,1019
LGA37570,0,0,0,0,..,0,0,0,0,0,..,0,0,0,0,0,..,0,0,0,0,0,..,80,6,85,14,100,..,90,3,93,19,114,..,0,3,8,10,16,150,94,4,100,33,276
LGA37600,0,0,0,0,..,0,0,0,0,0,..,0,0,0,0,0,..,0,0,0,0,0,..,1853,38,1892,66,1958,..,1857,38,1901,66,1966,..,18,4,22,80,101,442,1878,41,1919,137,2505
LGA39499,0,0,0,0,..,13,3,18,0,18,..,5,0,5,0,5,..,21,5,23,0,23,..,272,31,300,7,316,..,1031,135,1163,19,1184,..,56,4,62,3455,3517,9972,1085,140,1226,3475,14670
LGA39799,0,0,0,0,..,0,0,0,0,0,..,0,0,0,0,0,..,0,0,0,0,0,..,0,0,0,0,0,..,19,0,21,0,22,..,0,0,0,128,128,32,19,0,21,130,183
LGA40070,0,109,0,109,..,78,12,92,0,92,..,38,3,39,0,39,..,399,35,433,0,433,..,406,39,447,5,454,..,7963,998,8962,35,9001,..,104,4,111,1940,2051,13980,8071,1008,9073,1975,25026
LGA40120,0,8,0,8,..,22,4,27,0,29,..,7,0,7,0,14,..,44,19,61,0,61,..,358,30,389,12,400,..,2063,157,2218,27,2247,..,69,0,72,1540,1609,37020,2128,162,2288,1568,40879
LGA40150,4,7,0,7,..,10,0,10,0,10,..,0,0,0,0,0,..,32,23,58,0,58,..,125,20,143,11,156,..,447,89,537,14,552,..,32,4,40,572,611,8678,482,92,576,583,9835
LGA40220,0,0,0,0,..,19,3,16,4,19,..,0,0,0,0,0,..,10,0,13,0,13,..,174,11,189,12,199,..,697,57,749,22,772,..,58,0,58,1341,1404,26552,759,57,812,1366,28730
LGA40250,0,0,0,0,..,0,0,0,0,0,..,0,0,0,0,0,..,0,0,0,0,0,..,1598,241,1844,115,1959,..,1625,241,1860,117,1978,..,19,13,28,74,99,256,1640,248,1888,193,2333
LGA40310,0,0,0,0,..,14,0,14,0,14,..,0,0,0,0,0,..,9,0,7,0,7,..,94,28,123,5,121,..,591,61,650,14,662,..,39,0,41,927,966,23436,631,54,692,939,25066
LGA40430,0,0,0,0,..,0,0,0,0,0,..,0,0,0,0,0,..,0,0,0,0,0,..,4,0,3,3,6,..,30,5,30,3,38,..,3,0,3,192,188,2391,32,5,33,193,2619
LGA40520,0,13,0,13,..,5,0,4,0,4,..,0,0,0,0,0,..,0,4,6,0,6,..,123,40,160,6,171,..,834,189,1019,14,1027,..,25,4,29,530,560,8895,858,187,1048,545,10484
LGA40700,4,202,4,204,..,80,6,85,0,81,..,25,0,30,0,30,..,291,27,318,0,318,..,738,52,792,18,813,..,11161,1385,12546,116,12661,..,136,9,140,845,988,32387,11294,1395,12683,958,46030
LGA40910,7,286,0,286,..,48,12,61,0,61,..,14,0,14,0,19,..,255,52,311,5,310,..,1137,127,1258,28,1287,..,17074,2420,19492,181,19670,..,203,29,232,1509,1736,33390,17277,2454,19723,1684,54800
LGA41010,0,0,0,0,..,0,0,0,0,0,..,0,0,0,0,0,..,0,0,0,0,0,..,149,0,151,4,156,..,285,9,297,18,320,..,42,0,42,244,284,2904,327,9,336,260,3505
LGA41060,13,276,3,281,..,136,30,171,0,165,..,65,7,74,0,77,..,2369,996,3363,28,3392,..,3010,532,3543,72,3614,..,27645,4862,32514,302,32810,..,498,95,596,3816,4407,84630,28145,4960,33104,4111,121840
LGA41140,0,0,0,0,..,10,0,10,0,10,..,0,0,0,0,0,..,7,0,7,0,7,..,39,11,49,0,48,..,223,26,251,4,258,..,18,0,19,505,523,8406,244,27,268,510,9187
LGA41190,0,0,0,0,..,0,0,0,0,0,..,0,0,0,0,0,..,0,0,0,0,0,..,0,0,0,0,0,..,23,0,23,0,28,..,4,0,4,132,136,1588,30,0,30,128,1742
LGA41330,0,0,0,0,..,0,0,0,0,0,..,0,0,0,0,0,..,0,0,0,0,0,..,62,0,60,0,61,..,311,31,341,6,347,..,18,0,19,285,306,910,328,29,360,296,1566
LGA41560,0,0,0,0,..,10,5,14,0,14,..,0,0,0,0,0,..,8,5,4,0,4,..,65,12,75,0,76,..,308,36,345,8,351,..,30,0,33,998,1024,13674,336,37,375,1003,15050
LGA41750,0,0,0,0,..,0,0,0,0,0,..,0,0,0,0,0,..,0,0,0,0,0,..,4,0,4,0,4,..,10,0,10,0,15,..,4,0,4,76,79,922,15,0,17,78,1014
LGA41830,0,0,0,0,..,0,0,0,0,0,..,0,0,0,0,0,..,0,0,0,0,0,..,43,0,43,0,40,..,69,0,69,0,71,..,16,0,23,153,177,1397,87,0,92,156,1646
LGA41960,0,0,0,0,..,0,0,0,0,0,..,0,0,0,0,0,..,0,0,0,0,0,..,0,0,0,0,0,..,13,0,11,0,11,..,3,0,3,128,128,1147,15,0,15,128,1293
LGA42030,0,4,0,3,..,11,0,11,0,9,..,0,0,0,0,0,..,37,22,63,0,63,..,195,40,233,5,243,..,1018,137,1156,15,1173,..,67,4,73,905,975,22849,1093,138,1227,915,24988
LGA42110,0,0,0,0,..,5,0,4,0,4,..,0,0,0,0,0,..,0,0,0,0,0,..,15,0,19,0,22,..,76,7,85,4,91,..,13,0,14,286,296,3669,91,11,101,284,4060
LGA42250,0,0,0,0,..,4,0,4,0,4,..,0,0,0,0,0,..,8,3,9,0,9,..,18,6,25,0,24,..,132,11,145,0,148,..,6,0,9,1229,1240,7246,140,17,153,1234,8636
LGA42600,0,39,0,39,..,40,6,46,0,42,..,21,5,25,0,25,..,69,15,80,0,77,..,514,83,598,20,614,..,3649,370,4020,43,4062,..,117,9,121,1113,1234,32245,3766,377,4146,1156,37543
LGA42750,0,0,0,0,..,4,0,8,0,8,..,0,0,0,0,0,..,11,0,11,0,11,..,46,4,46,0,50,..,185,15,195,0,201,..,0,0,6,397,400,4294,182,20,201,397,4894
LGA43080,0,0,0,0,..,0,0,0,0,0,..,0,0,0,0,0,..,0,0,0,0,0,..,8,0,8,0,8,..,23,0,23,0,23,..,3,0,3,79,81,901,26,0,26,79,1007
LGA43220,0,0,0,0,..,0,0,0,0,0,..,0,0,0,0,0,..,0,0,0,0,0,..,0,0,0,0,0,..,18,3,18,0,18,..,0,0,0,69,69,950,18,3,18,69,1037
LGA43360,0,0,0,0,..,0,0,0,0,0,..,0,0,0,0,0,..,0,0,0,0,0,..,0,0,0,0,0,..,35,4,41,0,41,..,4,0,4,131,132,2155,37,4,41,131,2326
LGA43650,0,0,0,0,..,11,0,11,0,11,..,0,0,0,0,0,..,17,0,17,0,17,..,78,12,88,0,88,..,366,27,393,0,396,..,23,0,27,698,720,14676,385,31,420,702,15792
LGA43710,0,0,0,0,..,5,0,10,0,8,..,0,0,0,0,0,..,0,0,0,0,0,..,30,3,33,6,42,..,97,3,102,9,107,..,14,0,14,522,530,5267,110,3,117,529,5910
LGA43790,0,4,0,4,..,4,0,7,0,7,..,0,0,0,0,0,..,7,5,16,0,16,..,60,15,74,0,74,..,449,107,562,8,573,..,29,9,30,740,775,10327,479,115,591,750,11666
LGA44000,0,0,0,0,..,3,0,0,0,0,..,0,0,0,0,0,..,0,0,0,0,0,..,56,3,56,11,69,..,60,0,63,11,75,..,0,0,0,8,8,15,60,0,63,19,96
LGA44060,5,292,0,295,..,127,21,147,0,147,..,36,0,37,0,35,..,320,55,376,8,381,..,1776,329,2107,58,2165,..,17098,2438,19540,216,19757,..,379,59,446,2512,2952,72015,17475,2506,19983,2720,94721
LGA44210,0,0,0,0,..,11,0,11,0,11,..,0,0,0,0,0,..,0,0,0,0,0,..,39,0,41,0,41,..,161,14,174,0,174,..,26,0,26,915,945,8053,185,14,200,915,9164
LGA44340,3,114,0,117,..,75,3,78,0,82,..,15,7,18,0,18,..,219,41,264,3,264,..,1030,86,1125,27,1152,..,9124,1009,10133,108,10236,..,176,18,202,1411,1613,55762,9303,1027,10331,1524,67617
LGA44550,0,17,0,17,..,34,6,37,0,37,..,8,0,8,0,8,..,20,3,21,0,21,..,322,41,361,8,369,..,1795,166,1965,28,1984,..,71,10,78,1497,1575,35652,1863,175,2039,1522,39217
LGA44620,0,9,0,11,..,24,0,30,0,31,..,0,0,0,0,0,..,16,8,33,0,33,..,497,273,768,14,782,..,1431,362,1791,29,1821,..,87,17,101,1397,1501,23553,1522,376,1893,1427,26878
LGA44830,0,0,0,0,..,0,0,0,0,0,..,0,0,0,0,0,..,0,0,0,0,0,..,9,3,16,0,16,..,45,4,52,0,52,..,15,0,15,234,246,2567,59,4,61,234,2862
LGA45040,0,13,0,13,..,21,0,16,0,16,..,31,14,50,0,50,..,61,42,105,0,111,..,299,56,356,3,361,..,1433,319,1749,10,1763,..,79,4,84,1651,1738,18145,1518,322,1838,1663,21644
LGA45090,0,4,0,4,..,31,6,46,0,46,..,6,0,3,0,3,..,28,12,39,0,39,..,222,126,349,5,356,..,642,262,905,11,915,..,20,9,27,567,593,7179,662,270,931,579,8686
LGA45120,0,0,0,0,..,0,0,5,0,5,..,0,0,0,0,0,..,0,0,0,0,0,..,31,3,31,0,31,..,78,11,88,4,93,..,7,0,7,269,280,4188,93,11,96,273,4559
LGA45290,6,115,0,115,..,70,12,78,0,80,..,15,0,15,0,15,..,278,21,301,3,302,..,601,84,686,29,712,..,8667,1218,9886,88,9969,..,83,9,95,1133,1228,26290,8752,1228,9976,1216,37487
LGA45340,5,110,0,110,..,151,24,173,0,175,..,8,5,12,0,12,..,151,17,171,0,176,..,1879,276,2157,56,2209,..,11065,1274,12344,159,12497,..,397,23,422,6411,6834,155870,11459,1300,12761,6576,175204
LGA45400,0,0,0,0,..,0,0,0,0,0,..,0,0,0,0,0,..,0,0,0,0,0,..,4,0,4,0,4,..,12,0,12,0,12,..,0,0,0,73,73,784,12,0,12,73,874
LGA45540,0,0,0,0,..,0,0,4,0,4,..,0,0,0,0,0,..,0,0,0,0,0,..,9,0,4,0,4,..,20,4,27,0,27,..,6,0,6,210,218,1395,31,4,35,210,1638
LGA45680,7,81,0,81,..,110,20,136,0,141,..,92,16,104,0,104,..,532,380,909,4,915,..,4954,1552,6508,99,6607,..,11412,3492,14906,200,15110,..,522,116,640,5232,5871,78212,11938,3611,15544,5433,99190
LGA45890,36,485,3,493,..,191,44,230,0,233,..,78,9,84,0,84,..,4605,2315,6920,45,6962,..,5555,1740,7298,147,7441,..,38267,8181,46448,480,46926,..,634,164,795,5575,6373,79095,38901,8348,47243,6059,132400
LGA46090,0,16,0,17,..,7,0,7,0,7,..,0,0,0,0,0,..,30,6,33,0,33,..,325,39,364,9,373,..,855,89,939,22,957,..,80,3,88,1581,1666,11202,938,91,1028,1600,13829
LGA46300,0,0,0,0,..,13,0,12,0,12,..,0,0,0,0,0,..,14,4,15,0,15,..,98,18,113,0,119,..,575,52,628,11,640,..,67,5,70,879,952,12821,643,56,695,891,14404
LGA46450,0,7,0,13,..,12,3,16,0,16,..,0,0,0,0,0,..,18,6,22,0,22,..,144,26,174,0,175,..,664,92,759,10,769,..,67,4,70,920,991,15527,732,97,824,933,17282
LGA46510,7,82,0,82,..,37,8,40,0,40,..,15,0,15,0,15,..,679,104,788,9,792,..,432,62,498,11,505,..,5596,674,6271,43,6317,..,59,13,70,586,659,15298,5657,688,6344,629,22272
LGA46670,0,4,0,4,..,11,0,8,0,8,..,54,15,74,0,74,..,50,21,73,0,73,..,102,71,174,0,179,..,1062,291,1353,13,1370,..,15,8,22,591,612,7804,1074,297,1374,606,9783
LGA46860,0,0,0,0,..,0,3,3,0,3,..,0,0,0,0,0,..,0,0,0,0,0,..,14,0,13,0,13,..,28,11,41,0,45,..,7,0,7,84,84,1412,36,11,47,84,1542
LGA46970,0,5,0,3,..,10,7,12,0,12,..,5,0,5,0,6,..,9,0,9,0,9,..,41,8,49,4,56,..,323,22,341,5,352,..,6,0,4,453,461,3170,325,22,352,459,3976
LGA47140,22,419,0,425,..,228,75,302,3,307,..,109,19,127,0,127,..,3789,1979,5771,33,5806,..,8987,3243,12226,165,12395,..,36984,9944,46927,464,47383,..,966,313,1280,5481,6758,91663,37946,10257,48204,5939,145806
LGA47290,0,0,0,0,..,0,0,0,0,0,..,0,0,0,0,0,..,0,0,0,0,0,..,13,10,18,3,21,..,139,25,160,4,163,..,11,0,10,156,165,1648,152,22,172,159,1979
LGA47490,0,0,0,0,..,0,0,0,0,0,..,0,0,0,0,0,..,0,0,0,0,0,..,14,0,14,0,11,..,35,0,37,0,35,..,5,0,10,173,179,1953,38,7,38,172,2165
LGA47630,0,28,0,28,..,3,4,7,0,7,..,0,0,0,0,0,..,10,0,10,0,10,..,103,55,161,3,160,..,458,144,598,3,605,..,18,0,18,497,514,5774,472,144,615,502,6891
LGA47700,13,204,3,207,..,81,17,96,0,96,..,41,7,50,0,50,..,203,42,241,0,242,..,1867,314,2180,51,2228,..,13294,1700,14994,174,15173,..,301,41,345,2450,2790,83214,13597,1742,15337,2623,101174
LGA47800,0,0,0,0,..,0,0,3,0,3,..,0,0,0,0,0,..,3,0,3,0,3,..,98,3,99,0,103,..,196,11,206,0,202,..,10,3,10,512,520,4734,206,13,218,513,5463
LGA47910,0,0,0,0,..,3,0,3,0,3,..,0,0,0,0,0,..,0,0,0,0,0,..,9,6,16,0,16,..,26,8,33,0,35,..,6,0,6,172,174,2602,38,8,39,172,2817
LGA47980,4,98,0,98,..,53,10,61,0,62,..,17,0,17,0,17,..,148,28,175,0,175,..,534,39,570,13,584,..,6613,824,7441,60,7496,..,108,14,124,805,927,30220,6723,834,7555,859,38641
LGA48050,0,0,0,0,..,15,4,20,0,20,..,0,0,0,0,0,..,8,0,6,0,6,..,130,17,138,3,146,..,510,42,549,9,554,..,37,0,37,579,614,14965,548,42,581,586,16139
LGA48130,0,0,0,0,..,0,0,0,0,0,..,0,0,0,0,0,..,5,0,5,0,5,..,26,0,28,0,30,..,240,17,262,5,264,..,20,0,25,351,374,6137,262,18,286,351,6780
LGA48260,4,34,0,34,..,12,6,20,0,20,..,0,0,0,0,0,..,130,12,144,0,148,..,110,13,122,5,128,..,1673,177,1844,16,1865,..,19,6,26,258,282,5868,1692,181,1868,281,8023
LGA48340,0,0,0,0,..,11,0,12,0,12,..,0,0,0,0,0,..,7,0,11,0,11,..,45,12,57,0,61,..,284,51,337,11,351,..,29,0,31,769,800,10740,313,54,366,784,11888
LGA48410,13,156,3,159,..,112,34,145,0,149,..,31,4,37,0,37,..,377,91,465,0,465,..,1387,262,1652,67,1716,..,16595,2389,18978,190,19172,..,243,34,280,1737,2013,40510,16836,2420,19258,1929,61699
LGA48540,0,42,0,45,..,18,0,15,0,15,..,5,0,6,0,6,..,18,0,13,0,13,..,183,25,213,12,227,..,1237,107,1341,22,1361,..,83,6,95,1293,1384,18491,1324,113,1435,1318,21244
LGA48640,0,0,0,0,..,0,0,0,0,0,..,0,0,0,0,0,..,0,0,0,0,0,..,6,6,6,0,6,..,11,6,10,0,10,..,0,0,0,110,110,1013,11,6,10,110,1136
LGA48750,0,0,0,0,..,4,0,8,0,4,..,0,0,0,0,0,..,0,0,0,0,0,..,21,4,21,0,21,..,117,11,128,4,129,..,13,0,14,308,323,5391,131,13,142,312,5834
LGA48830,0,0,0,0,..,9,0,9,0,9,..,0,0,0,0,0,..,0,0,7,0,7,..,47,4,48,5,51,..,174,9,184,5,190,..,30,3,29,875,902,10500,209,9,214,884,11598
LGA49399,0,3,0,3,..,0,0,0,0,0,..,0,0,0,0,0,..,0,0,0,0,0,..,351,13,361,17,379,..,431,15,447,22,468,..,27,0,34,382,414,2124,465,17,481,404,3006
LGA49499,0,0,0,0,..,0,0,0,0,0,..,0,0,0,0,0,..,9,0,8,0,8,..,85,10,92,11,105,..,270,33,302,11,314,..,32,6,32,770,806,2261,300,34,334,777,3377
LGA49799,0,0,0,0,..,0,0,0,0,0,..,0,0,0,0,0,..,0,0,0,0,0,..,0,0,0,0,0,..,8,0,8,0,8,..,0,0,0,5,5,0,8,0,8,5,12
LGA50080,0,19,0,19,..,56,4,61,0,61,..,8,0,6,0,6,..,34,0,39,0,39,..,465,136,594,0,597,..,2119,248,2373,14,2387,..,92,8,103,2235,2339,34040,2210,262,2468,2252,38763
LGA50210,114,1286,13,1299,..,246,33,280,0,281,..,47,4,53,0,53,..,120,32,153,3,158,..,3781,590,4373,91,4465,..,19708,2193,21902,309,22213,..,442,83,524,4528,5049,66921,20153,2276,22423,4842,94184
LGA50250,0,11,0,11,..,38,5,44,0,50,..,0,0,0,0,0,..,8,0,6,0,6,..,293,18,309,10,318,..,748,44,794,14,811,..,33,0,35,1384,1419,5167,783,43,833,1395,7391
LGA50280,0,0,0,0,..,32,11,33,0,33,..,0,0,0,0,0,..,17,9,28,0,28,..,145,70,216,3,215,..,1088,147,1228,20,1250,..,52,3,57,1326,1380,14155,1134,145,1283,1349,16791
LGA50350,0,29,0,29,..,38,11,47,0,47,..,4,0,5,0,5,..,124,47,170,0,173,..,363,43,405,11,415,..,1908,276,2186,37,2220,..,56,3,61,794,857,12856,1966,284,2247,830,15932
LGA50420,3,210,3,213,..,215,33,246,5,252,..,66,21,94,0,94,..,1718,745,2463,16,2476,..,2156,302,2460,44,2504,..,15639,3003,18640,199,18844,..,331,53,384,2794,3178,47267,15975,3052,19027,2990,69283
LGA50490,7,106,0,105,..,175,53,227,4,231,..,84,28,107,0,107,..,379,95,473,9,480,..,1906,304,2212,51,2263,..,11211,1715,12926,174,13101,..,239,40,278,2751,3034,26130,11448,1749,13199,2928,42257
LGA50560,0,0,0,0,..,0,0,0,0,0,..,0,0,0,0,0,..,0,4,0,0,0,..,5,0,7,0,7,..,47,3,55,0,55,..,4,0,3,193,200,1442,55,10,55,193,1694
LGA50630,0,4,0,4,..,3,0,3,4,5,..,0,0,0,0,0,..,0,0,0,0,0,..,9,0,8,0,11,..,64,6,73,6,76,..,5,0,5,148,148,1475,67,6,74,148,1705
LGA50770,0,0,0,0,..,0,0,0,0,0,..,0,0,0,0,0,..,7,0,7,0,7,..,13,0,12,0,12,..,39,3,40,0,40,..,5,0,5,190,190,1598,43,3,45,190,1834
LGA50840,0,0,0,0,..,8,0,8,0,13,..,0,0,0,0,0,..,0,5,4,0,4,..,32,4,37,4,37,..,163,10,174,7,180,..,7,0,7,379,388,4675,170,10,184,384,5238
LGA50910,0,0,0,0,..,4,0,4,0,4,..,0,0,0,0,0,..,0,0,0,0,0,..,16,3,15,0,15,..,37,8,44,0,46,..,0,0,0,95,101,785,43,8,42,99,929
LGA50980,0,17,0,17,..,64,9,78,0,78,..,6,0,10,0,14,..,20,0,25,0,25,..,869,44,912,30,938,..,1927,104,2037,37,2076,..,148,18,166,2286,2460,12426,2079,127,2204,2328,16959
LGA51080,0,0,0,0,..,0,0,0,0,0,..,0,0,0,0,0,..,0,0,0,0,0,..,17,0,17,0,17,..,38,0,38,0,38,..,0,0,0,118,124,892,39,0,39,118,1046
LGA51120,0,0,0,0,..,0,0,0,0,0,..,0,0,0,0,0,..,0,0,0,0,0,..,16,3,20,0,19,..,34,6,36,0,38,..,0,0,0,147,146,795,37,6,37,144,979
LGA51190,0,19,0,19,..,49,5,52,0,52,..,5,0,5,0,5,..,54,28,81,0,81,..,390,44,435,8,442,..,2500,324,2827,24,2853,..,103,9,111,2406,2518,27619,2601,330,2936,2435,32987
LGA51260,0,20,0,17,..,71,9,82,0,87,..,0,0,0,0,0,..,53,26,77,0,77,..,356,77,437,11,448,..,1862,202,2067,29,2098,..,135,10,146,2214,2359,36188,1999,213,2212,2241,40640
LGA51310,0,50,0,50,..,42,3,45,0,45,..,9,0,5,0,5,..,70,7,80,0,83,..,538,30,564,3,573,..,3884,297,4175,36,4212,..,112,4,121,733,852,23810,3996,302,4300,769,28876
LGA51330,63,1318,13,1337,..,276,52,330,3,336,..,382,110,494,6,491,..,538,160,697,5,701,..,3893,421,4320,101,4417,..,35330,5264,40595,397,40993,..,609,98,706,3412,4116,50748,35939,5363,41304,3804,95860
LGA51400,0,11,0,11,..,21,3,24,0,24,..,0,0,0,0,0,..,15,11,25,0,25,..,235,20,257,7,266,..,1493,89,1581,22,1603,..,40,9,49,820,867,15709,1528,93,1629,837,18175
LGA51470,0,0,0,0,..,0,0,0,0,0,..,0,0,0,0,0,..,0,0,0,0,0,..,14,0,14,0,14,..,20,0,20,0,20,..,0,0,0,84,84,442,20,0,20,84,552
LGA51540,0,3,0,3,..,7,0,9,0,9,..,0,0,0,0,0,..,92,71,162,0,165,..,110,14,125,4,129,..,509,146,654,11,666,..,21,0,24,881,909,3674,526,150,680,896,5251
LGA51610,0,0,0,0,..,0,0,0,0,0,..,0,0,0,0,0,..,0,0,0,0,0,..,10,0,10,0,10,..,33,3,40,0,39,..,7,0,7,202,213,1306,41,3,40,208,1556
LGA51680,0,0,0,0,..,12,5,10,0,10,..,0,0,0,0,0,..,3,0,8,0,8,..,88,5,90,3,91,..,243,17,257,3,264,..,15,0,15,449,464,5208,256,17,273,453,5930
LGA51710,0,4,0,4,..,5,3,6,0,6,..,0,0,0,0,0,..,5,4,7,0,7,..,5,0,8,0,8,..,541,200,744,14,757,..,3,3,3,431,443,495,539,206,746,451,1692
LGA51750,0,14,0,14,..,5,3,9,0,9,..,0,0,0,0,0,..,11,0,17,0,17,..,153,8,159,7,164,..,1282,122,1410,15,1423,..,26,0,28,514,543,9326,1305,125,1433,526,11284
LGA51820,16,301,7,301,..,265,54,316,0,320,..,50,12,59,0,59,..,267,75,344,3,346,..,2444,307,2747,74,2822,..,22240,2974,25211,290,25504,..,543,72,610,4565,5178,87418,22781,3044,25825,4850,118091
LGA51860,0,0,0,0,..,0,0,0,0,0,..,0,0,0,0,0,..,0,0,0,0,0,..,5,0,6,0,6,..,254,124,382,4,381,..,0,4,3,93,100,113,257,128,385,102,593
LGA51890,0,0,0,0,..,6,0,6,0,6,..,0,0,0,0,0,..,4,0,4,0,4,..,54,5,57,0,60,..,208,22,234,0,233,..,29,3,26,670,702,7873,233,29,261,669,8812
LGA51960,0,4,0,4,..,11,0,11,0,11,..,0,0,0,0,0,..,0,0,0,0,0,..,70,8,80,0,80,..,177,10,190,0,190,..,24,0,24,772,791,2503,200,10,212,772,3478
LGA52030,0,0,0,0,..,0,0,0,0,0,..,0,0,0,0,0,..,0,0,0,0,0,..,4,0,6,0,6,..,19,0,19,0,21,..,0,0,0,137,138,895,22,0,21,138,1055
LGA52100,0,0,0,0,..,0,0,0,0,0,..,0,0,0,0,0,..,0,0,0,0,0,..,9,0,9,0,9,..,30,0,30,0,28,..,0,0,0,56,56,916,30,0,30,64,1007
LGA52170,0,0,0,0,..,6,0,6,0,6,..,9,0,9,0,9,..,8,0,8,0,8,..,67,9,69,0,69,..,468,31,501,4,504,..,12,0,13,337,349,7113,485,27,510,344,7970
LGA52240,0,0,0,0,..,0,0,0,0,0,..,0,0,0,0,0,..,6,0,6,0,6,..,5,4,8,0,8,..,38,4,43,0,42,..,3,0,3,118,120,936,42,4,45,119,1100
LGA52310,0,0,0,0,..,0,0,0,0,0,..,0,0,0,0,0,..,0,0,0,0,0,..,4,0,3,0,3,..,18,0,23,0,23,..,4,0,4,71,74,803,20,0,24,71,902
LGA52380,0,0,0,0,..,0,0,0,0,0,..,0,0,0,0,0,..,0,0,0,0,0,..,5,0,5,0,5,..,11,0,11,0,17,..,0,0,0,31,31,174,14,0,14,31,215
LGA52450,0,0,0,0,..,0,0,0,0,0,..,0,0,0,0,0,..,0,0,0,0,0,..,12,4,13,0,13,..,67,0,77,7,82,..,0,0,0,91,93,1124,72,0,76,100,1302
LGA52520,0,0,0,0,..,0,0,6,0,6,..,0,0,0,0,0,..,0,0,0,0,0,..,16,0,20,3,24,..,127,6,136,3,135,..,4,0,4,204,212,1036,130,6,134,207,1379
LGA52590,0,0,0,0,..,4,0,4,0,4,..,0,0,0,0,0,..,4,0,4,0,4,..,29,3,34,0,32,..,123,9,137,0,138,..,3,0,3,330,332,2885,129,9,139,333,3355
LGA52660,0,11,0,11,..,21,9,30,0,30,..,7,0,7,0,7,..,13,15,18,0,18,..,196,17,215,3,226,..,838,84,917,16,930,..,34,5,35,782,822,12934,867,88,953,801,14686
LGA52730,0,3,0,3,..,5,3,9,0,9,..,0,0,0,0,0,..,16,5,19,0,19,..,35,0,36,0,38,..,229,14,237,5,238,..,13,0,13,576,587,5481,237,14,247,576,6310
LGA52800,0,0,0,0,..,7,0,3,0,12,..,0,0,0,0,0,..,0,0,0,0,0,..,1943,182,2126,49,2177,..,2143,197,2344,63,2407,..,104,144,243,1301,1541,3128,2250,338,2582,1365,7075
LGA52870,0,0,0,0,..,3,0,3,0,3,..,0,0,0,0,0,..,13,6,17,0,17,..,59,13,72,0,72,..,253,41,296,0,297,..,8,6,13,367,381,5482,266,43,308,367,6155
LGA52940,0,0,0,0,..,0,0,0,0,0,..,0,0,0,0,0,..,0,0,0,0,0,..,0,0,0,0,4,..,7,0,10,0,13,..,0,0,0,61,58,637,12,0,11,59,715
LGA53010,0,0,0,0,..,0,0,0,0,0,..,0,0,0,0,0,..,0,0,0,0,0,..,5,0,5,0,5,..,9,3,11,0,10,..,3,0,9,119,120,546,12,5,12,117,681
LGA53080,0,0,0,0,..,10,0,8,0,8,..,0,0,0,0,0,..,0,0,0,0,0,..,13,0,13,0,13,..,39,0,42,0,43,..,3,0,3,129,130,498,44,0,44,129,677
LGA53150,0,0,0,0,..,7,0,7,0,7,..,0,0,6,0,6,..,0,7,5,0,5,..,73,5,79,6,78,..,536,42,582,3,586,..,21,5,25,308,335,6902,553,51,603,315,7819
LGA53220,0,10,0,9,..,49,14,62,0,59,..,3,0,5,0,5,..,11,0,11,0,11,..,1146,113,1258,14,1272,..,1874,157,2033,22,2055,..,36,3,41,2283,2326,5386,1913,163,2073,2304,9760
LGA53290,0,5,0,5,..,32,0,34,0,34,..,0,0,0,0,0,..,18,0,20,0,20,..,123,8,130,3,134,..,557,44,602,8,615,..,58,5,58,1395,1449,11815,619,49,662,1405,13883
LGA53360,0,0,0,0,..,3,0,6,0,6,..,0,0,0,0,0,..,0,0,0,0,0,..,31,0,32,3,35,..,181,13,191,7,202,..,12,0,16,287,303,2584,188,14,208,296,3085
LGA53430,0,4,0,4,..,50,5,50,0,54,..,22,0,22,0,22,..,35,6,42,6,43,..,512,65,580,4,583,..,3536,511,4047,49,4094,..,88,13,103,1874,1976,25861,3627,526,4152,1922,31930
LGA53570,0,4,0,4,..,11,0,16,0,16,..,0,0,0,0,0,..,20,16,41,0,41,..,106,16,125,17,137,..,405,100,499,19,522,..,23,0,19,420,443,4615,424,100,522,443,5576
LGA53640,0,0,0,0,..,0,0,0,0,0,..,0,0,0,0,0,..,0,0,0,0,0,..,12,0,12,0,9,..,87,0,84,0,89,..,0,0,4,99,99,1026,88,4,90,99,1215
LGA53710,0,0,0,0,..,0,0,0,0,0,..,0,0,0,0,0,..,0,0,0,0,0,..,3,0,3,0,3,..,10,0,10,0,10,..,0,0,0,110,110,833,10,0,10,110,955
LGA53780,208,1933,22,1947,..,399,73,467,4,469,..,264,56,319,3,318,..,487,169,661,11,670,..,7052,1801,8856,136,8985,..,37716,6810,44527,470,44991,..,811,197,1009,6840,7846,73536,38522,7009,45530,7305,126376
LGA53800,0,22,0,22,..,96,21,115,0,115,..,0,0,0,0,0,..,105,50,156,0,154,..,486,49,537,19,551,..,2640,293,2932,44,2977,..,167,10,178,3734,3912,32606,2813,305,3115,3774,39489
LGA53920,0,0,0,0,..,0,0,3,0,3,..,0,0,0,0,0,..,3,0,3,0,3,..,1445,110,1552,73,1622,..,1512,119,1636,73,1704,..,58,12,71,362,434,1440,1566,133,1702,436,3574
LGA53990,0,11,0,11,..,37,5,37,0,37,..,4,0,4,0,4,..,16,4,21,0,20,..,303,45,346,16,363,..,1945,250,2195,34,2230,..,93,3,99,1332,1431,24905,2037,257,2296,1366,28567
LGA54060,0,3,0,3,..,6,0,9,0,9,..,0,0,0,0,0,..,4,0,8,0,8,..,13,0,11,0,13,..,65,8,74,0,74,..,12,0,12,387,398,3207,78,8,84,390,3680
LGA54130,0,0,0,0,..,0,0,0,0,0,..,0,0,0,0,0,..,0,0,0,0,0,..,3,0,3,0,3,..,41,6,45,0,47,..,0,0,0,102,105,1009,40,3,47,105,1160
LGA54170,6,115,3,125,..,302,50,348,0,352,..,37,0,37,0,37,..,360,98,453,3,457,..,2060,203,2266,45,2310,..,15577,1453,17023,169,17195,..,516,28,542,4401,4948,137864,16092,1477,17574,4573,160003
LGA54200,15,171,0,172,..,164,23,182,3,188,..,19,4,26,0,26,..,68,20,83,0,83,..,1437,236,1672,31,1703,..,6571,726,7298,99,7399,..,202,18,220,2274,2501,48865,6771,743,7517,2380,58762
LGA54280,0,40,4,43,..,119,24,149,0,149,..,10,0,10,0,10,..,46,16,62,0,58,..,918,63,979,27,1009,..,3435,261,3692,56,3744,..,193,30,225,3037,3262,22298,3628,289,3918,3090,29306
LGA54310,0,23,0,23,..,128,18,148,0,147,..,4,0,4,0,4,..,35,10,43,0,43,..,845,44,890,26,914,..,2552,175,2731,41,2771,..,152,13,164,3668,3834,15589,2711,186,2893,3713,22199
LGA54340,0,7,0,7,..,8,0,7,0,7,..,0,0,0,0,0,..,4,6,6,0,6,..,206,160,366,12,375,..,509,263,771,17,786,..,23,9,33,397,430,2839,540,270,810,410,4057
LGA54410,0,0,0,0,..,0,0,0,0,0,..,0,0,0,0,0,..,0,0,0,0,0,..,15,0,16,0,16,..,49,0,47,0,48,..,6,0,6,125,126,964,55,0,51,122,1138
LGA54480,0,0,0,0,..,0,0,0,0,0,..,0,0,0,0,0,..,0,0,0,0,0,..,3,0,3,0,3,..,22,0,22,0,22,..,0,0,0,47,51,420,20,0,20,47,491
LGA54550,0,0,0,0,..,0,0,0,0,0,..,0,0,0,0,0,..,5,3,6,0,6,..,15,0,15,3,19,..,91,6,95,9,101,..,0,0,3,154,153,1644,88,12,101,160,1901
LGA54620,0,0,0,0,..,0,0,0,0,0,..,0,0,0,0,0,..,0,0,0,0,0,..,7,0,7,0,7,..,23,4,24,0,24,..,0,0,4,111,114,705,24,6,29,111,847
LGA54690,0,0,0,0,..,0,0,0,0,0,..,0,0,0,0,0,..,0,0,0,0,0,..,0,0,0,0,0,..,3,4,6,0,6,..,0,0,0,12,12,349,3,4,6,12,361
LGA54760,0,0,0,0,..,0,0,0,0,0,..,0,0,0,0,0,..,0,0,0,0,0,..,5,0,5,0,5,..,14,3,19,0,19,..,0,0,0,84,84,670,14,3,19,84,769
LGA54830,15,158,0,158,..,130,21,145,0,148,..,0,0,0,0,0,..,86,27,111,0,114,..,1435,116,1553,44,1592,..,8779,887,9666,146,9812,..,195,23,219,3374,3602,32453,8980,909,9891,3523,45867
LGA54900,0,0,0,0,..,0,0,3,0,3,..,0,0,0,0,0,..,0,0,0,0,0,..,17,0,17,0,17,..,68,3,74,0,74,..,0,0,0,80,90,1105,74,3,74,86,1265
LGA54970,0,0,0,0,..,5,0,5,0,5,..,0,0,0,0,0,..,0,0,0,0,0,..,168,7,171,0,171,..,217,9,225,0,225,..,11,0,15,464,475,631,230,8,236,464,1333
LGA55040,0,0,0,0,..,11,0,16,0,16,..,0,0,0,0,0,..,0,0,0,0,0,..,83,5,88,0,86,..,170,5,176,5,182,..,0,0,4,500,502,902,170,10,181,504,1588
LGA55110,4,41,0,41,..,241,43,287,3,294,..,6,0,6,0,6,..,113,36,148,0,148,..,1132,109,1239,30,1270,..,5639,494,6135,67,6204,..,352,24,375,4957,5335,78773,5991,520,6506,5027,90306
LGA55180,0,3,0,3,..,3,0,8,0,8,..,0,0,0,0,0,..,3,0,0,0,0,..,151,26,173,4,178,..,496,74,569,9,578,..,21,7,27,639,667,7854,515,77,595,651,9093
LGA55250,0,0,0,0,..,0,0,0,0,0,..,0,0,0,0,0,..,0,0,0,0,0,..,79,12,90,3,97,..,154,18,171,3,171,..,0,0,0,292,298,731,154,13,170,296,1200
LGA55320,10,453,0,453,..,252,43,300,0,302,..,48,3,54,0,54,..,291,45,329,0,330,..,1387,136,1519,27,1549,..,18786,2079,20867,164,21030,..,407,36,448,3309,3754,78738,19199,2114,21316,3469,103523
LGA55390,0,0,0,0,..,0,0,0,0,0,..,0,0,0,0,0,..,0,0,0,0,0,..,60,3,68,3,70,..,85,3,89,8,96,..,0,0,0,155,152,278,84,3,88,154,524
LGA55460,0,0,0,0,..,0,0,3,0,3,..,0,0,0,0,0,..,3,4,4,0,4,..,34,0,39,0,39,..,137,12,148,0,150,..,3,5,7,353,361,2603,147,15,160,354,3119
LGA55530,0,0,0,0,..,0,0,0,0,0,..,0,0,0,0,0,..,0,0,0,0,0,..,5,0,5,0,5,..,5,0,5,0,5,..,0,0,0,67,67,343,4,0,6,67,407
LGA55600,0,0,0,0,..,0,4,0,0,0,..,0,0,0,0,0,..,0,0,0,0,0,..,12,0,17,0,17,..,75,6,78,5,82,..,12,0,16,267,281,1931,89,3,92,272,2292
LGA55670,0,4,0,4,..,0,0,0,0,0,..,0,0,0,0,0,..,0,0,0,0,0,..,7,0,7,0,7,..,18,0,18,0,18,..,0,0,0,128,132,508,16,0,16,133,660
LGA55740,0,16,0,16,..,15,6,19,0,19,..,4,0,4,0,4,..,11,0,15,0,15,..,246,19,263,8,273,..,1152,94,1255,14,1267,..,43,3,45,459,504,7397,1199,103,1299,474,9169
LGA55810,0,0,0,0,..,0,3,0,0,0,..,0,0,0,0,0,..,0,0,0,0,0,..,8,0,8,0,8,..,24,0,26,0,26,..,3,0,3,313,319,304,27,0,31,313,653
LGA55880,0,0,0,0,..,0,0,0,0,0,..,0,0,0,0,0,..,0,0,0,0,0,..,5,0,5,0,5,..,3,0,4,0,4,..,0,0,0,42,42,409,3,0,4,42,459
LGA55950,0,0,0,0,..,0,0,0,0,0,..,0,0,0,0,0,..,0,0,0,0,0,..,0,0,0,0,0,..,5,0,8,0,8,..,0,0,0,63,63,501,5,0,8,63,579
LGA56090,4,24,0,24,..,79,17,92,0,91,..,8,0,8,0,8,..,28,6,35,0,37,..,411,45,461,9,473,..,1985,183,2169,21,2189,..,108,9,114,3475,3586,33392,2094,192,2285,3494,39166
LGA56160,0,0,0,0,..,0,0,0,0,0,..,0,0,0,0,0,..,0,0,0,0,0,..,7,0,7,0,7,..,13,0,13,0,13,..,0,0,0,7,7,83,13,0,13,7,101
LGA56230,0,0,0,0,..,29,8,39,0,39,..,3,0,3,0,3,..,9,5,13,0,13,..,90,15,103,6,103,..,493,44,539,5,542,..,118,3,121,1229,1346,16182,606,46,657,1229,18068
LGA56300,0,0,0,0,..,0,0,0,0,0,..,0,0,0,0,0,..,0,0,0,0,0,..,9,0,9,0,9,..,47,0,48,0,48,..,0,0,0,195,195,1294,47,0,48,195,1538
LGA56370,0,0,0,0,..,0,0,0,0,0,..,0,0,0,0,0,..,0,0,0,0,0,..,8,0,8,3,5,..,37,0,37,3,46,..,0,0,0,124,126,624,43,0,43,126,787
LGA56460,0,4,0,4,..,0,0,0,0,0,..,0,0,0,0,0,..,7,4,9,0,9,..,80,13,94,5,96,..,382,28,411,5,415,..,11,3,15,501,513,3848,390,38,425,504,4779
LGA56580,0,80,0,80,..,21,0,24,0,25,..,8,0,9,0,9,..,79,5,87,0,87,..,293,11,307,4,313,..,3152,255,3406,31,3438,..,55,3,63,603,663,18036,3205,258,3466,630,22132
LGA56620,0,0,0,0,..,0,0,0,0,0,..,0,0,0,0,0,..,0,0,0,0,0,..,999,80,1074,18,1096,..,1011,84,1093,19,1114,..,20,8,26,79,109,135,1039,84,1125,99,1358
LGA56730,0,13,0,13,..,11,3,13,0,13,..,0,0,0,0,0,..,11,10,21,0,21,..,94,17,111,0,112,..,533,72,601,10,610,..,25,3,28,1386,1414,9341,557,72,631,1396,11358
LGA56790,0,0,0,0,..,5,0,5,0,5,..,0,0,0,0,0,..,3,0,3,0,3,..,19,0,18,0,18,..,71,3,73,3,79,..,16,0,18,420,436,2708,89,8,96,421,3227
LGA56860,0,0,0,0,..,0,0,0,0,0,..,0,0,0,0,0,..,0,0,0,0,0,..,0,0,0,0,0,..,7,0,14,0,10,..,0,0,0,51,51,190,7,0,14,53,255
LGA56930,0,6,0,6,..,0,0,0,0,0,..,0,0,0,0,0,..,4,0,4,0,4,..,11,0,11,0,11,..,154,5,160,0,163,..,0,0,0,59,58,1377,157,5,160,57,1597
LGA57000,0,0,0,0,..,4,0,3,0,3,..,0,0,0,0,0,..,0,0,0,0,0,..,13,0,13,0,14,..,28,6,35,0,37,..,0,0,0,188,192,405,31,6,33,191,629
LGA57080,4,190,0,193,..,199,32,232,0,232,..,25,0,22,0,22,..,301,63,363,3,361,..,739,65,808,15,829,..,9560,1090,10652,101,10753,..,117,12,126,2657,2782,14938,9679,1098,10778,2756,28463
LGA57140,0,0,0,0,..,0,0,0,0,0,..,0,0,0,0,0,..,0,0,0,0,0,..,19,0,22,0,22,..,44,5,47,0,47,..,7,0,7,56,65,931,53,5,51,56,1037
LGA57210,0,0,0,0,..,4,3,8,0,8,..,0,0,0,0,0,..,5,0,5,0,5,..,108,43,143,0,143,..,276,65,338,3,338,..,9,0,8,609,622,4425,283,65,349,614,5388
LGA57280,5,17,0,17,..,86,6,92,0,90,..,5,3,14,0,10,..,44,0,42,0,42,..,591,45,637,15,654,..,2080,160,2240,35,2277,..,192,8,205,2296,2497,10907,2270,171,2443,2336,15684
LGA57350,0,0,0,0,..,0,0,0,0,0,..,0,0,0,0,0,..,0,0,0,0,0,..,7,0,7,0,4,..,21,0,21,0,21,..,14,0,14,239,255,685,36,0,37,239,961
LGA57420,0,0,0,0,..,3,0,3,0,3,..,0,0,0,0,0,..,3,0,3,0,3,..,38,0,39,0,39,..,118,9,122,0,122,..,8,0,8,196,206,1752,125,9,135,196,2085
LGA57490,0,128,0,129,..,377,54,432,4,436,..,24,0,26,0,25,..,206,71,280,6,285,..,2357,256,2614,64,2683,..,9937,980,10917,134,11049,..,512,40,553,7340,7890,116738,10449,1022,11473,7473,135678
LGA57630,0,0,0,0,..,0,0,0,0,0,..,0,0,0,0,0,..,0,0,0,0,0,..,3,0,3,0,3,..,3,0,3,0,3,..,0,0,0,37,37,67,3,0,3,37,109
LGA57700,8,90,0,88,..,35,3,36,0,36,..,4,0,4,0,4,..,19,14,32,0,32,..,876,81,954,21,971,..,3162,278,3440,40,3484,..,125,15,135,1652,1789,26899,3283,291,3574,1697,32173
LGA57770,0,0,0,0,..,3,0,3,0,3,..,0,0,0,0,0,..,12,0,11,0,11,..,14,0,14,0,14,..,82,8,93,0,97,..,3,0,3,168,174,763,89,11,97,165,1031
LGA57840,3,134,0,133,..,134,25,162,0,160,..,45,7,60,0,60,..,221,51,266,0,270,..,938,111,1052,33,1088,..,7916,866,8786,109,8893,..,197,22,219,1987,2201,32305,8112,889,9003,2088,43405
LGA57910,20,382,6,389,..,567,97,667,0,668,..,207,65,271,3,277,..,3342,1406,4749,26,4770,..,10040,1691,11727,185,11912,..,52968,8448,61415,637,62054,..,1255,202,1455,9851,11303,153013,54228,8647,62868,10487,226369
LGA57980,0,39,0,46,..,39,6,42,0,42,..,14,0,14,0,14,..,66,5,78,0,76,..,356,25,383,6,392,..,2713,263,2977,35,3012,..,59,10,71,768,838,13411,2778,270,3046,805,17267
LGA58050,46,598,13,612,..,400,67,470,0,470,..,40,10,54,0,54,..,2074,983,3059,20,3078,..,6959,1234,8190,142,8333,..,30504,4678,35183,377,35555,..,810,135,943,7045,7985,109433,31313,4811,36127,7416,152974
LGA58190,0,0,0,0,..,0,0,0,0,0,..,0,0,0,0,0,..,0,0,0,0,0,..,0,0,0,0,0,..,0,0,0,0,0,..,0,0,0,52,57,327,0,0,0,52,386
LGA58260,0,0,0,0,..,0,0,0,0,0,..,0,0,0,0,0,..,0,0,0,0,0,..,3,0,4,0,4,..,18,0,16,0,16,..,0,0,0,89,89,467,18,0,16,89,575
LGA58330,0,0,0,0,..,7,0,8,0,8,..,0,0,0,0,0,..,0,0,0,4,4,..,38,9,41,0,42,..,134,15,145,0,155,..,11,0,13,502,515,3932,145,17,160,507,4601
LGA58400,0,0,0,0,..,0,0,0,0,0,..,0,0,0,0,0,..,0,0,0,0,0,..,5,0,5,0,5,..,9,0,9,0,9,..,0,0,0,37,39,251,9,0,9,37,298
LGA58470,0,0,0,0,..,0,0,0,0,0,..,0,0,0,0,0,..,0,0,0,0,0,..,23,0,23,0,23,..,22,0,22,0,22,..,0,0,0,13,13,133,22,0,22,13,170
LGA58510,10,96,0,96,..,161,20,178,4,180,..,28,14,38,4,44,..,266,59,332,0,332,..,1127,149,1276,23,1297,..,7946,919,8867,114,8984,..,240,19,261,2373,2629,25273,8187,940,9121,2487,36889
LGA58540,0,0,0,0,..,4,0,5,0,5,..,0,0,0,0,0,..,0,0,0,0,0,..,0,0,0,0,0,..,24,3,26,0,26,..,5,0,5,98,94,679,24,3,32,98,802
LGA58570,0,52,0,54,..,88,17,108,0,108,..,23,0,23,0,23,..,480,150,629,0,639,..,712,65,780,24,805,..,6202,960,7161,73,7236,..,159,14,170,1761,1933,27361,6364,969,7332,1840,36537
LGA58610,0,0,0,0,..,0,0,3,0,3,..,0,0,0,0,0,..,0,0,4,0,4,..,19,0,21,0,21,..,66,4,72,0,72,..,5,0,5,185,187,1502,66,4,71,185,1761
LGA58680,0,0,0,0,..,0,0,0,0,0,..,0,0,0,0,0,..,0,0,0,0,0,..,0,0,0,0,0,..,11,0,11,0,11,..,0,0,0,97,96,428,11,0,13,97,535
LGA58760,15,314,3,319,..,534,71,609,6,611,..,82,7,89,0,89,..,3430,1921,5349,40,5394,..,7764,1536,9294,154,9446,..,36715,6184,42899,388,43288,..,1114,207,1329,8208,9535,156289,37836,6394,44231,8593,209111
LGA58820,0,0,0,0,..,5,3,6,0,6,..,0,0,0,0,0,..,0,0,0,0,0,..,12,9,27,0,27,..,212,33,241,3,248,..,17,0,17,331,346,3645,225,33,258,334,4234
LGA58890,0,0,0,0,..,0,0,0,0,0,..,0,0,0,0,0,..,0,0,0,0,0,..,0,0,0,0,0,..,5,0,3,0,3,..,0,0,0,101,103,664,3,0,7,101,773
LGA59030,0,0,0,0,..,0,0,0,0,0,..,0,0,0,0,0,..,0,0,0,0,0,..,0,0,0,0,0,..,9,0,9,0,9,..,0,0,0,25,25,213,9,0,9,25,248
LGA59100,0,0,0,0,..,0,0,0,0,0,..,0,0,0,0,0,..,0,0,0,0,0,..,0,0,0,0,0,..,16,0,18,0,18,..,0,0,0,100,100,571,16,0,18,100,690
LGA59170,0,0,0,0,..,0,0,0,0,0,..,0,0,0,0,0,..,0,0,0,0,0,..,10,0,10,0,10,..,26,0,33,0,34,..,0,0,0,109,115,873,34,0,31,108,1021
LGA59250,0,0,0,0,..,0,0,0,0,0,..,0,0,0,0,0,..,3,0,3,0,3,..,110,3,114,0,114,..,122,3,129,0,129,..,10,0,6,176,180,223,135,3,140,176,535
LGA59310,0,0,0,0,..,0,0,0,0,0,..,0,0,0,0,0,..,0,0,0,0,0,..,5,0,5,0,5,..,39,12,49,0,49,..,0,0,0,97,97,1150,39,12,49,97,1297
LGA59320,0,0,0,0,..,0,0,0,0,0,..,0,0,0,0,0,..,0,0,0,0,0,..,5,0,4,0,4,..,9,0,14,0,14,..,3,0,3,50,51,387,16,0,20,50,448
LGA59330,0,0,0,0,..,0,0,0,0,0,..,0,0,0,0,0,..,0,0,0,0,0,..,9,0,9,0,9,..,19,0,20,0,20,..,0,0,0,41,48,406,21,0,24,41,470
LGA59340,0,0,0,0,..,9,0,9,0,9,..,0,0,0,0,0,..,13,6,21,0,21,..,483,24,507,19,520,..,835,55,892,30,919,..,64,16,79,1229,1306,5252,901,73,971,1251,7477
LGA59350,0,0,0,0,..,0,0,0,0,0,..,0,0,0,0,0,..,0,0,0,0,0,..,6,0,6,0,6,..,16,0,16,0,16,..,0,0,0,151,150,173,11,0,11,151,340
LGA59360,0,0,0,0,..,0,0,0,0,0,..,0,0,0,0,0,..,0,0,0,0,0,..,10,0,10,0,10,..,81,9,87,0,85,..,9,0,6,203,210,878,83,9,92,203,1173
LGA59370,0,0,0,0,..,0,0,0,0,0,..,0,0,0,0,0,..,0,0,0,0,0,..,33,0,35,0,43,..,102,3,106,5,107,..,3,0,3,281,281,3069,105,3,108,285,3459
LGA59499,3,4,0,4,..,3,0,3,0,3,..,0,0,0,0,0,..,10,0,15,0,15,..,97,16,114,3,117,..,432,51,479,9,486,..,70,5,78,3411,3488,4079,497,56,555,3421,8055
LGA59799,0,0,0,0,..,0,0,0,0,0,..,0,0,0,0,0,..,0,0,0,0,0,..,11,0,11,0,11,..,61,3,66,0,66,..,0,0,0,219,221,232,59,3,65,218,514
LGA60210,0,4,0,4,..,6,0,8,0,8,..,0,0,0,0,0,..,0,0,0,0,0,..,42,0,42,0,42,..,195,9,200,4,205,..,12,0,12,442,456,6108,203,9,214,445,6770
LGA60410,0,6,0,6,..,8,0,11,0,11,..,0,0,0,0,0,..,16,7,26,0,26,..,91,18,110,4,110,..,536,76,614,9,628,..,39,9,47,1016,1065,17299,581,85,664,1030,18995
LGA60610,0,28,0,28,..,16,5,19,0,19,..,0,0,0,0,0,..,15,0,15,0,15,..,113,19,132,4,142,..,835,85,920,17,931,..,53,5,59,953,1016,17974,891,90,982,965,19918
LGA60810,0,0,0,0,..,11,3,15,0,15,..,0,0,0,0,0,..,9,0,9,0,9,..,145,19,166,0,168,..,502,51,551,3,556,..,44,0,44,1130,1170,21032,544,50,595,1130,22760
LGA61010,0,0,0,0,..,0,0,0,0,0,..,0,0,0,0,0,..,0,0,0,0,0,..,13,0,9,3,13,..,72,0,76,0,83,..,7,0,7,216,223,2218,81,0,79,220,2520
LGA61210,0,0,0,0,..,4,0,4,0,4,..,0,0,0,0,0,..,0,0,0,0,0,..,62,9,72,0,74,..,324,24,351,4,356,..,16,0,16,648,671,7095,345,24,366,655,8117
LGA61410,0,35,0,35,..,70,7,76,0,74,..,16,0,16,0,13,..,159,21,183,0,182,..,441,70,514,22,534,..,4640,463,5113,58,5166,..,158,11,170,2760,2939,53422,4798,477,5284,2825,61531
LGA61510,0,0,0,0,..,0,0,5,0,5,..,0,0,0,0,0,..,9,0,9,0,12,..,50,10,53,0,54,..,223,19,248,4,250,..,28,0,30,660,693,9999,252,21,275,671,10942
LGA61610,0,6,0,6,..,31,5,31,0,31,..,0,0,0,0,0,..,44,23,64,0,67,..,175,38,219,16,234,..,1299,158,1460,18,1480,..,69,0,71,1106,1179,23499,1369,160,1527,1125,26150
LGA61810,0,0,0,0,..,0,0,0,0,0,..,0,0,0,0,0,..,0,0,0,0,5,..,37,0,39,0,39,..,148,5,158,4,155,..,17,0,23,465,483,6187,165,10,176,465,6829
LGA62010,0,0,0,0,..,7,0,7,0,7,..,0,0,0,0,0,..,0,0,0,0,0,..,11,0,11,0,11,..,21,0,20,0,20,..,0,0,0,59,59,831,31,0,29,59,922
LGA62210,0,0,0,0,..,6,0,8,0,8,..,0,0,0,0,0,..,0,0,0,0,0,..,39,4,46,0,49,..,160,14,172,0,173,..,26,0,29,395,426,6431,187,12,200,395,7033
LGA62410,0,0,0,0,..,0,0,3,0,3,..,0,0,0,0,0,..,6,0,8,0,8,..,35,0,35,0,35,..,300,17,320,0,324,..,20,0,22,349,371,4322,320,21,344,351,5012
LGA62610,9,105,3,104,..,58,8,64,4,70,..,5,0,4,0,4,..,297,66,363,4,373,..,974,282,1259,37,1294,..,8260,1099,9355,136,9492,..,206,49,259,2230,2486,38432,8465,1149,9611,2366,50411
LGA62810,6,102,0,102,..,94,12,103,0,103,..,24,4,30,0,30,..,343,23,367,4,372,..,746,122,864,29,897,..,10400,902,11301,92,11398,..,172,17,189,2180,2365,41311,10573,923,11492,2272,55077
LGA63010,0,0,0,0,..,7,0,10,0,10,..,3,7,9,0,4,..,8,5,10,0,10,..,120,5,130,0,130,..,690,42,734,14,743,..,43,0,42,1159,1203,16314,731,44,781,1175,18259
LGA63210,0,0,0,0,..,7,0,4,0,4,..,0,0,0,0,0,..,5,7,6,0,6,..,53,4,55,0,56,..,246,19,263,0,262,..,18,0,18,509,526,5812,266,19,285,505,6603
LGA63410,0,0,0,0,..,0,0,4,0,4,..,0,0,0,0,0,..,0,0,0,0,0,..,6,0,6,0,6,..,85,5,91,0,93,..,7,0,7,165,168,1352,91,5,97,164,1617
LGA63610,5,49,0,49,..,57,5,65,0,67,..,15,4,13,0,13,..,89,7,99,6,100,..,418,48,463,22,489,..,3881,390,4280,66,4345,..,91,11,103,1182,1282,34450,3980,400,4377,1249,40082
LGA63810,0,0,0,0,..,6,0,5,0,5,..,0,0,0,0,0,..,0,0,0,0,0,..,96,11,107,0,108,..,383,41,422,7,428,..,23,0,25,617,640,11353,406,46,448,620,12420
LGA64010,0,60,0,60,..,74,11,90,0,90,..,10,0,10,0,10,..,174,25,200,3,200,..,999,333,1329,33,1362,..,6358,1128,7484,99,7578,..,216,52,265,3296,3561,58910,6569,1181,7747,3387,70055
LGA64210,0,10,0,10,..,3,0,3,0,3,..,3,0,3,0,3,..,9,6,13,0,13,..,154,29,182,8,191,..,745,89,837,14,850,..,42,0,43,871,910,18946,780,91,874,890,20709
LGA64610,0,4,0,4,..,6,0,6,0,6,..,5,0,5,0,5,..,0,0,0,0,0,..,82,8,87,4,90,..,293,38,331,11,335,..,32,0,30,679,714,12697,324,36,363,686,13745
LGA64810,0,0,0,0,..,19,0,14,0,21,..,0,0,0,0,0,..,4,4,10,0,10,..,97,11,107,0,114,..,579,44,622,13,635,..,33,0,37,936,974,15123,607,45,656,952,16734
LGA65010,0,0,0,0,..,5,0,5,0,5,..,0,0,0,0,0,..,0,0,0,0,0,..,20,3,25,0,25,..,85,7,91,0,91,..,7,0,7,510,521,6055,96,7,103,510,6662
LGA65210,0,0,0,0,..,0,0,3,0,3,..,0,0,0,0,0,..,0,0,0,0,0,..,22,4,21,0,21,..,72,3,74,4,74,..,4,0,4,219,220,2298,71,3,82,218,2593
LGA65410,0,0,0,0,..,14,3,19,0,19,..,0,0,0,0,0,..,0,0,3,0,3,..,79,14,90,0,92,..,292,30,322,0,322,..,26,0,31,788,814,13160,322,24,346,791,14300
LGA65610,0,0,0,0,..,3,0,3,0,3,..,0,0,0,0,0,..,3,0,3,0,7,..,27,3,32,0,31,..,161,7,164,3,167,..,0,0,0,430,433,3662,163,7,170,432,4263
LGA65810,3,36,0,36,..,20,3,25,0,25,..,4,0,4,0,4,..,32,4,36,0,36,..,176,28,206,3,208,..,1295,133,1425,11,1442,..,77,3,83,1033,1114,22593,1375,135,1513,1042,25145
LGA69499,0,0,0,0,..,3,0,3,0,3,..,0,0,0,0,0,..,0,0,0,0,0,..,18,3,27,0,23,..,63,11,73,3,74,..,4,0,4,314,325,978,70,11,77,318,1377
LGA69799,0,0,0,0,..,0,0,0,0,0,..,0,0,0,0,0,..,0,0,0,0,0,..,0,0,0,0,0,..,0,0,0,0,0,..,0,0,0,3,3,11,0,0,0,3,19
LGA70200,5,27,0,27,..,64,10,67,0,67,..,4,3,10,0,10,..,69,23,93,0,93,..,2409,253,2661,67,2732,..,5669,552,6221,114,6333,..,212,32,246,1674,1917,17658,5883,585,6461,1785,25912
LGA70420,0,3,0,3,..,7,7,12,0,12,..,5,0,5,0,5,..,7,0,7,0,7,..,2469,289,2760,73,2831,..,2765,315,3072,81,3156,..,48,21,74,488,561,2598,2812,339,3147,574,6316
LGA70540,0,0,0,0,..,0,0,0,0,0,..,0,0,0,0,0,..,0,0,0,0,0,..,115,0,112,0,112,..,122,0,120,0,120,..,0,0,0,0,0,34,117,0,120,0,149
LGA70620,0,0,0,0,..,0,0,0,0,0,..,0,0,0,0,0,..,0,0,0,0,0,..,2406,186,2595,66,2661,..,2481,194,2674,66,2735,..,23,0,26,256,280,568,2505,194,2700,318,3591
LGA70700,0,0,0,0,..,0,0,0,0,0,..,0,0,0,0,0,..,11,4,11,0,11,..,21,0,26,0,26,..,71,7,74,0,74,..,8,0,8,288,295,901,75,7,83,288,1276
LGA71000,35,377,0,378,..,402,114,513,0,513,..,37,5,44,0,44,..,693,180,875,0,873,..,2610,381,2994,95,3090,..,21933,2477,24415,283,24699,..,532,86,619,6263,6882,48953,22468,2563,25032,6542,80530
LGA71150,0,0,0,0,..,3,0,3,0,3,..,0,0,0,0,0,..,0,0,0,0,0,..,3,4,6,0,6,..,65,3,74,0,73,..,6,0,6,15,16,200,69,3,75,19,293
LGA71300,0,0,0,0,..,0,0,0,0,0,..,0,0,0,0,0,..,0,0,0,0,0,..,5913,1477,7384,187,7580,..,6058,1545,7603,202,7803,..,139,16,155,308,469,504,6196,1565,7756,512,8778
LGA72200,0,3,0,3,..,23,3,27,0,27,..,6,0,6,0,6,..,20,12,28,0,28,..,837,76,913,25,936,..,1611,124,1739,34,1770,..,143,20,165,1392,1556,6314,1756,147,1899,1427,9643
LGA72300,0,3,0,3,..,95,23,119,0,119,..,0,0,0,0,0,..,75,72,143,0,143,..,261,33,297,4,304,..,1091,206,1294,10,1305,..,72,8,80,3098,3177,16923,1159,211,1373,3112,21411
LGA72330,0,3,0,3,..,0,0,0,0,0,..,0,0,0,0,0,..,0,0,0,0,0,..,3150,574,3723,115,3841,..,3260,582,3844,124,3965,..,38,18,54,821,877,902,3301,601,3898,945,5748
LGA72800,7,112,0,111,..,190,42,235,0,231,..,4,0,4,0,4,..,210,69,287,4,289,..,1208,165,1376,34,1403,..,5946,644,6587,94,6684,..,265,41,304,3240,3543,27015,6212,679,6894,3337,37247
LGA73600,0,0,0,0,..,4,0,4,0,4,..,4,0,4,0,4,..,0,0,0,0,0,..,3600,463,4060,35,4095,..,3687,466,4148,39,4188,..,39,8,44,668,706,1587,3721,470,4194,706,6486
LGA74050,0,0,0,0,..,0,0,0,0,0,..,0,0,0,0,0,..,4,0,4,0,4,..,1784,60,1844,34,1876,..,1828,59,1892,34,1929,..,10,7,14,113,128,291,1842,67,1905,150,2348
LGA74550,0,0,0,0,..,0,0,0,0,0,..,0,0,0,0,0,..,0,0,0,0,5,..,1355,96,1451,30,1484,..,1418,98,1521,32,1555,..,14,9,16,301,318,945,1433,109,1536,333,2815
LGA74560,0,0,0,0,..,4,0,4,0,4,..,0,0,0,0,0,..,0,0,0,0,0,..,17,0,17,0,17,..,32,0,32,0,32,..,0,0,0,37,37,354,32,0,32,37,423
LGA74660,0,0,0,0,..,6,0,8,0,8,..,0,0,0,0,0,..,0,0,0,0,0,..,3813,818,4627,106,4738,..,3954,824,4781,106,4890,..,39,14,55,309,354,1037,3996,839,4834,412,6281
LGA74680,0,0,0,0,..,0,0,0,0,0,..,0,0,0,0,0,..,0,0,0,0,0,..,1829,472,2309,94,2402,..,1918,493,2409,96,2506,..,4,16,18,90,109,355,1922,504,2431,190,2973
LGA79399,0,14,0,14,..,16,5,23,0,23,..,0,0,0,0,0,..,57,52,105,0,103,..,298,16,314,11,319,..,830,109,938,17,954,..,31,6,38,1364,1406,4442,861,119,978,1376,6802
LGA79499,0,0,0,0,..,0,0,0,0,0,..,0,0,0,0,0,..,0,0,0,0,0,..,310,41,349,36,392,..,454,56,514,42,551,..,109,11,125,1214,1343,1605,567,70,636,1259,3500
LGA79799,0,0,0,0,..,0,0,0,0,0,..,0,0,0,0,0,..,0,0,0,0,0,..,5,0,5,0,5,..,7,0,11,0,11,..,0,0,0,24,24,63,7,4,11,24,99
LGA89399,102,2387,25,2417,..,1059,224,1280,11,1291,..,348,30,384,11,391,..,4036,950,4985,41,5029,..,14222,1746,15964,307,16266,..,99394,11083,110476,1104,111578,..,1775,256,2034,16824,18854,323454,101167,11334,112504,17932,453890
LGA89499,0,0,0,0,..,5,0,5,0,5,..,0,0,0,0,0,..,0,0,0,0,0,..,18,3,19,0,19,..,71,10,78,0,81,..,5,0,5,125,130,400,76,10,82,127,605
LGA89799,0,0,0,0,..,0,0,0,0,0,..,0,0,0,0,0,..,0,0,0,0,0,..,0,0,0,0,0,..,0,0,0,0,0,..,0,0,0,0,0,0,0,0,0,0,0
LGA99399,0,0,0,0,..,0,0,6,0,6,..,0,0,0,0,0,..,0,0,0,0,0,..,696,18,720,8,726,..,769,21,792,18,803,..,13,9,14,333,351,1341,778,27,805,348,2494
LGA99499,0,0,0,0,..,0,0,0,0,0,..,0,0,0,0,0,..,0,0,0,0,0,..,0,0,0,0,0,..,3,3,5,0,5,..,0,0,0,3,3,5,3,3,5,3,11
LGA99799,0,0,0,0,..,0,0,0,0,0,..,0,0,0,0,0,..,0,0,0,0,0,..,0,0,0,0,0,..,0,0,0,0,0,..,0,0,0,0,0,0,0,0,0,0,0
