LGA_CODE_2021,P_NS_0_14,P_NS_15_24,P_NS_25_34,P_NS_35_44,P_NS_45_54,P_NS_55_64,P_NS_65_74,P_NS_75_84,P_NS_85_over,P_NS_Tot,P_Tot_0_14,P_Tot_15_24,P_Tot_25_34,P_Tot_35_44,P_Tot_45_54,P_Tot_55_64,P_Tot_65_74,P_Tot_75_84,P_Tot_85_over,P_Tot_Tot
LGA10050,1000,614,614,578,570,526,397,270,109,4678,10571,6809,7316,6881,6711,6839,6036,3539,1385,56087
LGA10180,664,880,456,329,329,340,237,218,140,3593,5240,4661,3750,3182,3208,3574,2885,1918,713,29131
LGA10250,674,381,400,431,452,494,460,301,177,3770,7539,4306,4262,5248,5901,6505,6722,3968,1834,46285
LGA10300,82,38,48,36,54,55,53,15,7,388,434,220,274,212,289,333,289,117,47,2215
LGA10470,685,629,736,651,591,454,330,185,84,4345,8175,5785,5680,5124,5383,5338,4497,2528,1052,43562
LGA10500,1992,1690,2881,1965,1571,1299,951,734,519,13602,26491,21488,36536,26551,20624,17495,13485,8707,3802,175179
LGA10550,546,320,295,280,409,514,455,271,181,3271,5428,3044,3033,3344,4348,6337,6219,3104,1089,35946
LGA10600,242,134,100,163,181,193,200,99,27,1339,2220,1104,1044,1300,1770,2263,2110,1054,395,13260
LGA10650,193,101,89,86,125,152,198,99,41,1084,1332,730,732,793,968,1277,1595,899,334,8660
LGA10750,7398,4480,5352,5081,3815,2669,1695,927,498,31915,90124,50801,59261,67391,47563,37873,27022,12432,4304,396771
LGA10800,150,57,57,94,76,94,62,43,28,661,1088,542,582,627,642,791,681,411,176,5540
LGA10850,137,70,59,69,103,108,83,57,19,705,1524,776,794,777,1009,1106,877,477,165,7505
LGA10900,918,526,445,584,678,603,522,341,231,4848,13628,8087,7126,9583,10957,11205,10517,5258,1763,78124
LGA10950,36,39,18,28,40,43,33,31,13,281,482,292,320,224,336,321,225,208,71,2479
LGA11150,140,62,59,62,71,57,32,23,0,506,515,260,311,273,303,315,211,106,34,2328
LGA11200,40,34,41,18,34,36,21,3,3,230,277,161,205,127,169,209,132,51,17,1348
LGA11250,420,279,272,263,239,225,166,137,124,2125,2999,1874,2182,1883,2010,2570,2214,1272,590,17594
LGA11300,278,449,637,343,303,286,191,226,250,2963,4802,6830,8805,5002,4503,4109,3028,1960,1177,40216
LGA11350,795,452,630,707,658,629,482,179,81,4613,5812,3183,4871,5150,5197,5197,4488,1634,584,36116
LGA11400,290,149,107,161,178,172,155,105,61,1378,2792,1499,1139,1539,1832,1987,1677,960,331,13756
LGA11450,1961,934,1072,1134,891,599,382,206,99,7278,30093,14488,19454,18834,14279,10328,7203,3432,1220,119331
LGA11500,3667,1958,2131,2130,1692,1430,915,545,225,14693,38859,22208,25608,26597,20283,19501,14817,6689,1953,176515
LGA11520,817,636,980,775,679,592,519,332,343,5673,14101,9496,14886,13677,11738,10252,8074,4743,2219,89186
LGA11570,7149,4485,5410,4875,4065,3406,2349,1637,1325,34701,73477,47782,55449,51070,45671,41923,29760,17504,8374,371010
LGA11600,70,44,74,50,69,59,48,30,5,449,567,298,472,337,371,390,251,126,56,2868
LGA11650,5336,3293,3027,3187,3370,3167,2717,2025,1326,27448,62348,38764,38119,41358,44183,44882,40693,25702,10545,346594
LGA11700,74,60,46,38,37,62,53,16,3,389,302,208,217,182,225,240,222,105,22,1723
LGA11720,1230,838,1140,976,846,688,492,277,136,6623,12833,7585,9106,7898,7749,7635,6577,3083,1167,63633
LGA11730,951,684,923,836,784,801,641,340,148,6108,8656,5098,5203,5404,6516,8407,8356,4719,1757,54116
LGA11750,154,90,93,90,69,88,59,38,7,688,831,458,592,508,444,552,390,211,75,4061
LGA11800,1318,795,838,877,852,816,660,499,326,6981,13964,8105,8788,9273,9821,10579,10183,5726,2320,78759
LGA12000,84,42,31,40,42,47,40,35,14,375,866,475,439,438,533,599,565,335,135,4385
LGA12150,179,71,73,84,47,75,52,43,7,631,811,390,460,395,435,511,404,240,85,3731
LGA12160,226,133,110,127,141,150,166,106,40,1199,1982,1128,999,1096,1303,1674,1763,1086,382,11413
LGA12350,259,183,157,131,172,147,162,112,36,1359,2155,1372,1285,1203,1560,1763,1869,1105,411,12723
LGA12380,4788,3002,4235,3523,2479,2048,1276,783,492,22626,46888,31305,43631,36083,25996,23165,16129,8806,3442,235445
LGA12390,1551,907,1237,1003,856,671,484,312,145,7166,11507,6236,8321,6671,6273,6424,5169,3131,1186,54918
LGA12700,151,76,65,97,68,70,68,42,20,657,1772,915,864,1120,1242,1529,1254,658,184,9538
LGA12730,178,111,124,113,113,129,105,78,27,978,1486,876,868,846,1022,1262,1136,676,286,8458
LGA12750,705,404,311,373,509,651,609,325,159,4046,5617,3238,3172,3547,4767,6929,7823,4000,1498,40591
LGA12850,3619,2403,2344,2306,2290,2259,1531,902,597,18251,37247,29122,27047,24959,27188,27942,20373,10159,4440,208477
LGA12870,244,133,128,113,154,188,201,90,47,1298,2021,1189,1135,1153,1525,1956,2169,1284,468,12900
LGA12900,193,130,110,106,117,135,108,90,30,1019,1850,1023,1003,1003,1074,1217,1126,748,284,9328
LGA12930,1416,1211,1510,1242,1182,1075,819,624,640,9719,24266,19595,23667,20681,19057,18651,13895,8224,4229,152265
LGA12950,125,61,67,68,72,74,63,54,16,600,818,379,444,435,531,650,555,353,129,4294
LGA13010,226,133,145,147,148,153,142,92,43,1229,1367,854,849,840,1074,1416,1375,855,303,8933
LGA13310,668,384,519,461,449,369,305,161,73,3389,5784,3474,4097,3740,3987,4284,3744,2121,825,32056
LGA13340,229,139,73,144,160,183,169,89,22,1208,2250,1228,934,1253,1376,1669,1486,743,229,11168
LGA13450,596,352,394,356,368,329,273,161,99,2928,5257,3270,4019,3396,3433,3221,2369,1431,689,27085
LGA13550,387,183,220,173,163,166,148,114,69,1623,2895,1371,1747,1509,1394,1575,1264,851,332,12938
LGA13660,108,48,46,70,62,81,74,44,18,551,868,382,393,501,616,758,742,477,173,4910
LGA13800,1035,717,697,639,702,633,415,287,152,5277,12849,8641,8834,7916,9184,8650,6361,3560,1215,67210
LGA13850,74,49,46,41,42,72,44,36,12,416,463,312,314,259,333,522,331,255,90,2879
LGA13910,407,228,193,205,244,291,205,159,53,1985,3642,1999,1969,1979,2293,2747,2587,1504,541,19261
LGA14000,1266,884,678,962,1050,834,687,625,608,7594,28859,18119,14405,22239,22004,18731,14233,8902,4327,151819
LGA14100,119,102,69,98,136,100,96,130,266,1116,2319,1725,996,1537,2017,1714,1498,1009,734,13549
LGA14170,1475,1302,2363,1940,1633,1405,917,597,364,11996,26701,18706,35238,30530,26101,19845,14219,7906,3569,182815
LGA14220,481,234,244,233,288,259,216,148,73,2176,3420,2028,1971,1832,2171,2366,2170,1424,471,17853
LGA14300,104,180,298,280,211,127,75,53,8,1336,1051,693,890,840,844,868,719,391,125,6421
LGA14350,738,516,647,575,463,443,349,232,72,4035,5071,3148,3062,3017,3570,4773,4743,2444,863,30691
LGA14400,246,179,128,163,187,218,270,148,77,1616,3795,2236,1992,2485,2763,3436,3597,1988,777,23069
LGA14500,973,701,417,595,804,686,492,371,353,5392,24148,16091,9330,16439,18833,15230,11713,8150,4138,124072
LGA14550,211,89,99,130,123,207,160,68,33,1120,1483,793,710,907,1167,1811,1588,675,228,9362
LGA14600,213,91,105,99,116,108,77,52,25,886,1298,579,710,678,706,818,687,412,199,6087
LGA14650,3137,1799,1649,1754,1787,1717,1452,1056,619,14970,38759,23988,24165,25799,26769,27279,25149,15618,6305,213831
LGA14700,307,206,364,392,231,207,144,112,137,2100,7182,3980,6440,6953,5239,3990,3110,1824,725,39443
LGA14750,302,163,169,160,164,163,94,57,39,1311,2419,1535,1366,1258,1385,1447,1065,710,284,11469
LGA14850,891,593,518,549,596,595,452,222,137,4553,7580,4940,4751,5196,5986,6638,5537,2620,1081,44329
LGA14870,393,262,344,307,278,282,268,148,37,2319,3412,2116,2273,2144,2613,3171,2910,1666,534,20839
LGA14900,4743,2846,2962,2995,2390,1968,1252,863,597,20616,51573,32697,33456,33975,29602,25169,15987,8048,2943,233450
LGA14920,177,116,93,115,157,138,155,74,37,1062,1334,771,703,786,961,1136,1073,600,189,7553
LGA14950,71,52,20,30,45,52,39,18,14,341,690,338,265,309,389,527,433,248,125,3324
LGA15050,1626,867,912,897,730,672,418,271,150,6543,19266,11041,12943,12042,10990,9936,8181,4334,1494,90227
LGA15240,1609,878,773,851,1006,1226,1347,925,454,9069,14067,8120,7601,8382,10914,15414,17646,10533,3884,96561
LGA15270,578,262,286,309,334,351,278,179,63,2640,5114,2523,2945,2981,3329,3497,2935,1782,598,25704
LGA15300,634,376,380,390,374,398,254,140,47,2993,2621,1474,1699,1508,1607,1723,1238,690,199,12759
LGA15350,232,188,153,193,232,225,163,155,48,1589,4611,2963,2935,3649,4238,3727,3073,2216,916,28328
LGA15520,209,109,124,131,140,188,160,137,60,1258,2167,1095,1194,1277,1533,1926,2034,1223,401,12850
LGA15560,82,43,45,41,47,63,59,29,14,423,568,342,406,353,418,545,436,214,76,3358
LGA15650,380,222,288,252,254,188,129,69,31,1813,3462,1928,2309,2112,2116,1977,1451,746,256,16357
LGA15700,445,230,221,187,236,347,283,147,68,2164,3214,1775,1675,1828,2313,3461,3471,1953,713,20403
LGA15750,366,191,195,180,234,251,163,69,27,1676,2542,1403,1564,1388,1552,1822,1345,787,303,12706
LGA15800,176,82,67,91,81,82,82,47,25,733,1143,568,549,616,667,822,687,437,203,5692
LGA15850,259,112,113,121,91,135,97,72,51,1051,1345,674,712,687,703,854,749,473,173,6370
LGA15900,1937,2249,1933,1532,1516,1358,938,668,595,12726,27360,24150,26941,21852,20660,19267,15262,8967,4421,168880
LGA15950,430,336,834,711,529,489,421,301,173,4224,8724,5505,14656,12343,8800,7436,6417,3848,1226,68955
LGA15990,2685,1789,1782,2048,2435,1994,1368,1007,681,15789,48729,30004,28875,35504,40004,32479,24219,16501,7243,263558
LGA16100,164,101,101,125,102,81,124,58,7,863,959,522,539,609,742,828,846,429,107,5581
LGA16150,858,459,491,464,438,372,327,190,135,3734,9377,5071,5893,5464,5108,4776,4256,2511,1049,43505
LGA16200,343,195,184,196,162,206,109,75,49,1519,2935,1666,1631,1562,1672,1915,1551,995,438,14365
LGA16260,2732,1984,3819,3190,1926,1555,1044,651,373,17274,46643,28537,49933,45531,29102,24787,18185,9948,4067,256733
LGA16350,4148,2637,3231,2860,2392,1697,1244,811,532,19552,46117,28321,32976,31767,26855,23332,17418,8164,2713,217663
LGA16380,1177,791,625,666,731,812,787,526,311,6426,13860,8803,7637,8655,10452,12073,13187,8690,3417,86774
LGA16400,1163,653,585,608,744,749,799,584,264,6149,12890,7935,7049,7877,9271,10759,11058,6564,1860,75263
LGA16490,895,541,698,637,599,645,404,170,78,4667,12359,6836,9347,9004,9200,8022,5281,2475,777,63301
LGA16550,1330,1271,2009,1635,1384,1056,819,563,508,10575,20665,16173,24573,20345,17468,14085,10665,6904,3371,134249
LGA16610,639,363,302,335,334,357,290,195,91,2906,4316,2571,2296,2336,2811,3330,3296,1857,765,23578
LGA16700,1075,794,1335,1121,813,807,567,415,445,7372,20967,14501,23722,21266,15232,13994,10500,5836,3111,129129
LGA16900,1319,797,715,673,682,638,510,407,376,6117,14618,9409,9585,9343,9674,9667,7827,4452,1695,76270
LGA16950,1912,1197,1302,1287,1254,1249,1093,706,314,10314,17341,10221,11029,11131,12301,16093,17085,9829,3504,108534
LGA17000,458,415,309,260,302,280,142,80,19,2265,5076,3295,3219,3030,3337,3079,2153,1033,353,24575
LGA17040,307,271,392,306,323,315,237,120,50,2321,3553,2353,2807,2473,3013,3182,2449,1349,483,21662
LGA17080,331,162,198,234,218,218,158,134,36,1689,2745,1483,1465,1693,1837,2210,1915,1141,398,14887
LGA17100,456,533,793,452,283,258,160,108,52,3095,6767,6662,11081,6639,4535,4388,2971,1717,826,45586
LGA17150,2505,1614,1562,1793,1927,1595,1214,858,651,13719,42528,26981,26420,30575,31902,28567,22941,13859,6435,230208
LGA17200,1156,2418,5594,3202,2107,1654,1078,623,299,18131,16033,26862,68112,39461,22838,17940,12378,5972,2037,211633
LGA17310,1434,868,784,743,750,651,525,414,211,6380,12705,7414,7984,7352,7452,7638,6768,4178,1579,63070
LGA17350,81,60,36,45,54,74,60,48,17,475,1100,643,520,562,710,862,866,530,236,6029
LGA17400,112,61,53,79,103,137,147,65,21,778,955,555,479,569,825,1194,1392,633,211,6813
LGA17420,1772,1192,981,1290,1306,982,713,433,311,8980,40664,24508,19325,30834,27125,21006,16849,8724,2845,191880
LGA17550,1657,964,924,1115,1207,1179,1011,737,495,9289,16084,9217,8868,11161,12115,14018,13616,8467,3844,97390
LGA17620,237,123,153,150,172,195,132,90,52,1304,2647,1499,1659,1707,1789,1934,1651,942,406,14234
LGA17640,155,79,66,94,104,161,152,69,27,907,1412,782,723,837,1123,1510,1229,667,229,8512
LGA17650,101,58,61,59,79,87,65,31,9,550,1057,605,547,602,821,952,845,422,118,5969
LGA17750,1197,975,793,663,652,587,437,297,176,5777,13755,9801,9689,8230,7554,7394,6105,3524,1567,67619
LGA17850,72,35,30,28,42,56,51,32,8,354,509,265,271,265,361,461,486,324,81,3023
LGA17900,314,156,176,160,188,209,170,88,17,1478,973,504,633,520,644,834,711,353,83,5255
LGA17950,63,26,25,32,38,43,50,37,32,346,496,254,271,244,303,387,303,212,87,2557
LGA18020,241,143,130,122,180,222,206,163,74,1481,1551,846,858,824,1099,1408,1425,873,345,9229
LGA18050,699,504,1412,911,633,443,345,269,171,5387,10813,6218,16114,11614,8858,6127,4621,2849,1381,68595
LGA18100,52,20,26,34,44,55,47,36,10,324,561,316,290,340,439,587,588,354,143,3618
LGA18200,205,129,134,135,138,132,115,49,15,1052,1428,777,804,828,963,1098,942,464,136,7440
LGA18250,671,397,531,615,565,392,337,203,178,3889,14285,8145,9375,12731,10832,8161,6527,3611,1954,75621
LGA18350,685,414,314,404,501,509,507,422,298,4054,8797,5134,4747,5332,6753,7235,7778,5167,1764,52707
LGA18400,861,591,458,528,546,433,315,256,194,4182,11725,6902,6537,6900,7346,6311,5005,2462,766,53954
LGA18450,2739,2244,1974,1832,1905,1702,1215,862,485,14958,37709,28813,28419,26758,26838,26064,20904,13310,5754,214569
LGA18500,475,428,567,487,444,373,333,317,293,3717,7956,5583,8405,7215,6990,6173,5573,3876,1724,53495
LGA18710,256,163,118,160,192,160,142,84,34,1309,3424,1909,1591,2181,2709,2300,1897,935,338,17284
LGA19399,20,7,9,12,8,20,20,13,4,113,181,57,119,150,136,164,135,55,20,1017
LGA19499,555,462,763,794,661,469,210,54,14,3982,1260,1357,2187,1859,1678,1648,1055,277,49,11370
LGA19799,0,0,0,0,0,0,0,0,0,0,0,0,0,0,0,0,0,0,0,0
LGA20110,155,125,102,103,150,201,160,103,49,1148,2026,1182,1194,1459,1760,2151,1982,1080,396,13230
LGA20260,155,130,289,277,276,237,201,108,40,1713,1804,1121,1438,1312,1520,1745,1644,915,371,11870
LGA20570,1830,1221,1175,974,1112,926,785,501,286,8810,21321,14126,15533,14072,13845,13314,11927,6743,2877,113758
LGA20660,1207,875,984,1003,955,835,683,428,234,7204,22430,13841,16254,18164,16921,14862,12694,7678,3400,126244
LGA20740,590,297,304,408,432,561,592,352,165,3701,6166,3273,3585,4242,4815,6672,7185,3641,1218,40797
LGA20830,1039,508,564,566,587,578,510,342,149,4843,10964,6098,7130,6567,6921,7577,7078,3940,1359,57634
LGA20910,1059,690,467,664,989,795,638,431,274,6007,17682,12177,7912,11814,16260,14041,11081,6937,3422,101326
LGA21010,291,153,158,159,193,205,198,154,69,1580,2071,1347,1389,1350,1725,2350,2342,1392,566,14532
LGA21110,1263,1238,1150,1007,1259,1053,788,548,345,8651,26933,24255,21044,20408,23812,20747,15917,9829,4961,167906
LGA21180,3241,2139,2929,2375,2072,1777,1256,797,437,17023,33764,24536,30553,26419,24555,23114,18308,9714,3664,194627
LGA21270,89,79,54,51,99,103,73,66,67,681,930,568,550,490,805,1051,945,547,286,6172
LGA21370,673,390,359,357,467,527,471,316,185,3745,6613,4085,3902,3885,4918,5716,5143,3201,1273,38736
LGA21450,2235,1151,1353,1267,1149,876,628,387,193,9239,26774,14348,18597,17514,14459,11663,8701,4640,1494,118190
LGA21610,6179,3609,4104,3778,3186,2377,1489,795,371,25888,83045,47470,55683,58004,45253,36204,23658,11711,4207,365235
LGA21670,243,133,107,121,186,174,161,130,54,1309,1967,1238,1185,1108,1678,2111,2260,1433,501,13481
LGA21750,363,201,224,209,280,304,263,147,58,2049,3734,2237,2573,2463,2814,3223,3071,1651,651,22417
LGA21830,243,202,152,151,192,203,187,113,73,1516,2681,1679,1571,1591,2065,2536,2154,1322,517,16116
LGA21890,1472,1198,1807,1446,1403,965,725,514,433,9963,22358,16148,28587,23888,20391,15323,10566,7356,3949,148566
LGA22110,799,433,454,454,597,697,741,471,245,4891,7290,4125,4378,4496,5618,7752,8664,4873,1516,48712
LGA22170,2169,1326,1517,1526,1568,1191,816,529,290,10932,25833,15585,19076,19695,18983,16928,12919,7236,3017,139272
LGA22250,202,102,74,129,130,148,168,103,57,1113,1677,932,884,1013,1293,1670,1744,1068,409,10690
LGA22310,1316,1004,1279,1152,1083,831,758,481,363,8267,26069,17799,22436,21899,20378,16099,13025,7220,3979,148904
LGA22410,312,199,162,219,236,272,279,146,65,1890,3092,1949,1865,2050,2667,3330,3059,1545,594,20151
LGA22490,485,229,190,223,307,237,185,71,15,1942,5507,2813,2547,3348,3693,3234,2568,1007,258,24975
LGA22620,2112,1243,1276,1179,1239,1272,931,662,427,10341,22735,14265,15687,14674,14673,15299,13545,7499,3097,121474
LGA22670,2276,1461,2295,1817,1426,1292,913,592,265,12337,27409,19987,27782,23041,18472,16646,13369,8102,3400,158208
LGA22750,3716,2750,2997,2710,2492,2250,1982,1236,610,20743,47777,32292,38200,34409,32985,32161,29684,16706,6844,271058
LGA22830,1410,893,952,893,840,820,613,448,181,7050,13223,7966,8899,8176,8527,8503,7214,4255,1649,68412
LGA22910,257,138,130,178,228,261,266,134,68,1660,2354,1192,1297,1748,2432,2927,2881,1311,467,16609
LGA22980,72,43,42,54,48,63,68,52,49,491,850,520,610,533,664,918,784,537,282,5698
LGA23110,1262,691,1016,1013,896,719,515,316,191,6619,16938,9032,12426,14248,12897,11063,8051,4548,2115,91318
LGA23190,319,246,222,174,164,189,144,112,60,1630,3742,2346,2557,2267,2421,2759,2266,1425,656,20439
LGA23270,4638,2657,3273,2974,2327,1853,1029,575,225,19551,54750,31810,40097,37187,28715,24719,16262,7891,2473,243904
LGA23350,254,163,157,200,221,225,155,117,31,1523,3039,1572,1463,1945,2453,2796,2468,1232,394,17362
LGA23430,1567,1067,1289,1278,1314,1109,903,662,330,9519,27206,16935,19848,22756,22848,19205,15387,9541,4401,158127
LGA23670,1575,1127,1184,1141,1208,1113,770,541,281,8940,27114,18981,20219,22280,21548,20530,15998,8898,3540,159108
LGA23810,1632,957,988,924,918,970,774,506,365,8034,13697,8639,9809,8868,9314,10657,9321,5066,1947,77318
LGA23940,129,81,61,86,132,191,159,93,73,1005,1155,655,618,694,988,1388,1299,651,308,7756
LGA24130,740,486,334,468,608,537,440,245,79,3937,10228,5410,4469,6672,7838,7007,5937,2999,893,51453
LGA24210,982,771,667,778,885,778,673,579,352,6465,20146,14700,13388,16055,16718,15921,13063,10148,4558,124697
LGA24250,175,97,90,131,133,176,134,63,18,1017,1747,868,870,1127,1229,1703,1645,762,239,10190
LGA24330,909,706,1475,1060,783,618,397,224,130,6302,13259,9001,19257,15258,10931,8225,5253,2669,1348,85201
LGA24410,1183,772,840,907,848,764,527,396,293,6530,21021,12920,15033,16863,15364,13610,10760,6580,2883,115034
LGA24600,902,2516,4431,2168,1154,893,638,304,161,13167,10100,31487,52962,23170,11740,9236,6589,3141,1188,149613
LGA24650,3609,2177,2992,2769,1953,1220,752,334,133,15939,43589,22684,28329,30533,22490,15104,10748,4321,1154,178952
LGA24780,1231,719,775,753,736,733,584,355,227,6113,10544,6455,7619,6720,7076,7383,6137,3505,1526,56965
LGA24850,991,564,573,602,547,519,340,185,83,4404,10327,5890,7015,6535,6369,5923,4491,2186,730,49466
LGA24900,586,307,308,328,356,376,388,260,116,3025,5053,2947,3055,3039,3661,4402,4581,2735,1050,30523
LGA24970,1548,1727,2040,1415,1319,1078,850,771,593,11341,29584,27264,29254,25886,23735,19929,16273,12266,6204,190395
LGA25060,1205,970,1256,1097,1142,951,633,439,202,7895,19574,14211,18488,17538,16887,14095,10867,6913,3274,121847
LGA25150,654,329,354,363,406,344,291,132,52,2925,7585,4071,4763,5124,5068,4642,3898,1861,628,37640
LGA25250,1809,1350,2456,1774,1457,1016,676,550,404,11492,26507,19639,37163,28624,20756,15806,10596,7581,4682,171354
LGA25340,2331,1441,1182,1434,1873,1763,1789,1277,684,13774,27514,17256,14555,17834,22616,23203,24115,15833,6029,168955
LGA25430,255,197,355,339,326,284,277,193,131,2357,2853,1550,1730,2258,2808,3292,3353,1755,644,20243
LGA25490,267,179,163,144,203,210,206,110,51,1533,3298,1770,1729,1879,2273,2606,2377,1062,381,17375
LGA25620,252,160,117,177,268,292,236,111,26,1639,2202,1375,1291,1579,2145,2650,2410,1204,346,15202
LGA25710,690,493,277,439,576,565,374,207,80,3701,11669,8400,5573,7660,9874,9297,6646,2909,880,62908
LGA25810,218,113,153,119,154,196,185,137,97,1372,1800,1120,1348,1117,1458,1891,1804,1022,384,11944
LGA25900,834,733,1959,1534,1272,1026,656,460,299,8773,11625,8838,23118,18287,14681,11604,8050,4268,1468,101939
LGA25990,155,92,91,163,180,140,168,72,25,1086,1125,683,645,778,1123,1228,1302,602,195,7681
LGA26080,20,13,12,23,21,55,65,55,19,283,310,217,153,226,311,574,798,512,175,3276
LGA26170,515,259,231,300,312,406,383,232,105,2743,5135,2815,2628,3123,3917,4840,4817,2454,857,30586
LGA26260,276,136,126,143,162,162,177,129,71,1382,2819,1721,1660,1700,2006,2398,2342,1349,585,16580
LGA26350,792,874,1631,1020,864,738,570,472,330,7291,12012,12798,23743,15042,12626,10682,8975,6073,2749,104700
LGA26430,186,111,97,120,157,211,218,111,66,1277,1625,925,911,1137,1337,1947,2090,1068,433,11473
LGA26490,567,303,279,395,431,358,377,157,105,2972,7430,3651,3662,5371,5178,4936,4628,2099,738,37693
LGA26610,569,274,349,323,258,317,233,125,77,2525,4004,2293,3074,2672,2335,2852,2250,1321,597,21398
LGA26670,88,58,45,66,78,92,109,62,41,639,965,491,484,625,772,1116,1031,533,217,6234
LGA26700,496,273,250,273,302,313,276,200,95,2478,5205,3069,3051,3303,3859,4135,3858,2379,952,29811
LGA26730,620,392,326,412,375,328,269,216,129,3067,6179,3945,4509,4233,4444,4592,4080,2362,1065,35409
LGA26810,785,554,817,798,627,594,554,247,122,5098,7756,4695,5166,5206,5565,6671,6433,3105,1038,45635
LGA26890,68,29,19,46,63,55,64,38,15,397,674,301,358,393,513,693,621,319,141,4013
LGA26980,1307,1393,1453,1143,1141,957,806,632,562,9394,26949,22723,23627,23300,22674,18721,15256,10629,5471,169350
LGA27070,3565,2074,2449,2307,1989,1531,1076,777,496,16264,48706,27570,35876,37234,27849,22630,17191,9006,3332,229394
LGA27170,769,481,436,417,388,361,286,166,80,3384,8682,5372,5849,5438,5198,5034,4491,2334,846,43244
LGA27260,5875,3014,4329,4073,2413,1531,931,454,253,22873,74129,34051,51014,57085,31385,22013,14415,6061,1852,292005
LGA27350,752,720,1875,1105,823,698,458,227,118,6776,9530,9149,26917,15204,10219,8427,6200,3199,1268,90113
LGA27450,2091,1407,1286,1303,1506,1406,987,532,208,10726,29033,18154,19122,20374,21524,20271,16358,8550,2677,156063
LGA27630,96,69,57,59,74,93,90,87,57,682,1020,589,589,580,740,1127,1001,616,297,6559
LGA29399,21,81,78,30,32,15,15,11,0,283,85,229,258,121,105,77,56,16,3,950
LGA29499,501,403,707,880,652,410,198,23,9,3783,1143,1131,1819,1736,1393,1074,613,152,29,9090
LGA29799,0,0,0,11,3,9,0,0,0,23,0,0,6,16,3,14,4,0,0,43
LGA30250,67,25,35,22,13,9,4,0,0,175,265,195,192,142,156,105,44,5,0,1104
LGA30300,114,67,80,49,71,64,34,25,26,530,865,520,551,468,598,604,435,214,74,4329
LGA30370,406,276,272,285,276,283,196,123,50,2167,3061,1623,1846,1941,1825,1880,1276,802,266,14520
LGA30410,73,31,33,50,48,65,39,43,6,388,542,273,332,325,397,405,295,214,60,2843
LGA30450,4,13,8,5,4,5,4,0,0,43,47,63,34,34,46,48,26,17,0,315
LGA30760,31,12,14,20,23,32,24,26,24,206,310,180,201,196,220,302,271,161,56,1897
LGA30900,15,6,14,6,15,10,10,0,0,76,111,51,73,51,49,59,50,14,0,458
LGA31000,12810,11707,15201,12514,10579,7991,5337,3362,2502,82003,216605,171732,206806,189563,163389,126972,92972,52286,22497,1242822
LGA31750,0,0,4,4,5,8,4,5,0,30,61,45,52,54,31,54,26,10,0,333
LGA31820,1714,1017,1019,937,1176,1272,1101,677,280,9193,16237,10331,10151,10083,12132,14524,14379,8662,2720,99219
LGA31900,353,254,264,234,251,237,159,138,53,1943,2768,1825,1814,1758,2155,2417,2176,1288,497,16698
LGA31950,6,15,10,14,8,20,12,5,0,90,66,73,63,53,46,62,42,9,3,417
LGA32080,3397,2480,2999,2668,2663,2171,1519,741,318,18956,31842,19481,22037,22856,23805,21092,15888,7477,2457,166935
LGA32250,48,42,43,30,34,27,19,12,0,255,450,284,293,233,270,299,179,85,11,2104
LGA32260,725,362,455,445,480,482,397,212,75,3633,5091,2750,3202,3124,3675,4636,3927,2009,738,29152
LGA32270,745,492,623,646,499,492,241,127,51,3916,6489,3423,4196,4151,3612,3272,1734,772,190,27839
LGA32310,362,241,188,234,255,235,200,110,40,1865,2307,1422,1174,1306,1520,1544,1473,793,258,11797
LGA32330,47,6,3,3,0,3,0,0,0,62,419,207,161,126,120,106,33,16,5,1193
LGA32450,113,81,121,99,84,79,34,18,0,629,709,493,623,553,459,440,241,99,25,3642
LGA32500,144,89,152,111,135,145,98,34,3,911,786,411,619,560,603,728,555,229,24,4515
LGA32600,10,8,11,7,5,5,3,0,0,49,48,24,53,34,39,31,19,9,0,257
LGA32750,12,9,5,14,14,10,5,0,0,69,30,41,46,38,38,45,24,4,0,266
LGA32770,27,0,17,6,5,14,0,0,0,69,433,256,244,159,137,109,34,6,4,1382
LGA32810,237,176,267,192,227,243,224,95,26,1687,1849,1050,1551,1489,1777,2040,1649,744,184,12333
LGA33100,15,9,11,16,15,14,12,18,0,110,119,69,83,74,102,105,102,55,7,716
LGA33200,36,31,41,14,36,37,23,13,8,239,278,154,213,131,205,200,177,113,31,1502
LGA33220,1695,1157,1108,1186,1285,1380,1404,935,377,10527,16801,10249,9408,10591,13238,17277,19470,10778,3229,111041
LGA33360,1355,700,791,895,998,865,529,236,100,6469,13647,7166,7833,8345,9062,8678,5715,2390,679,63515
LGA33430,9599,7010,8391,7496,7357,6061,4648,2959,1532,55053,109933,75702,86422,84945,83918,73182,62219,35953,12805,625079
LGA33610,259,135,162,163,145,156,117,72,19,1228,2155,1084,1209,1220,1253,1374,1105,666,241,10307
LGA33620,1013,591,543,573,752,724,597,338,122,5253,8820,5230,4924,5471,6886,8458,8105,4151,1204,53249
LGA33800,194,139,112,105,159,164,140,102,40,1155,1644,1016,956,970,1336,1822,1680,1043,454,10921
LGA33830,48,8,15,7,10,7,0,4,0,99,293,146,162,121,123,69,41,13,6,974
LGA33960,5041,3031,3346,2909,2292,1651,1010,633,327,20240,53649,30597,35410,32952,27656,22741,15637,7982,2575,229199
LGA33980,600,709,1285,899,792,573,189,63,16,5126,4691,2581,4142,3617,3101,2413,1017,379,100,22041
LGA34420,88,32,49,14,35,26,7,7,0,258,282,190,184,103,169,85,49,12,0,1074
LGA34530,693,562,742,792,728,697,398,208,108,4928,7136,4205,4162,4802,5213,5945,4751,2434,753,39401
LGA34570,64,10,6,8,13,5,8,4,0,118,172,113,98,71,82,52,31,12,6,637
LGA34580,762,635,582,544,560,451,315,190,56,4095,7826,5145,5150,4979,5371,5430,4305,2239,660,41105
LGA34590,8320,4773,4918,4537,3866,2809,1891,1102,558,32774,77542,46022,49902,47099,42596,36024,28018,13776,4118,345097
LGA34710,93,68,68,81,69,99,55,19,10,562,683,403,466,464,437,545,385,163,88,3634
LGA34770,2683,1766,2059,2182,2233,1929,1061,606,245,14764,24498,14360,15641,16204,16395,16026,11007,5576,1979,121686
LGA34800,11,22,40,40,20,27,12,3,0,175,143,113,150,125,83,124,60,26,5,829
LGA34830,21,14,11,9,14,7,3,0,0,79,128,68,73,48,33,41,29,7,0,427
LGA34860,383,237,243,221,244,224,145,90,59,1846,2716,1503,1619,1601,1653,1660,1191,654,229,12826
LGA34880,561,505,801,639,534,450,292,175,49,4006,3838,2360,2853,2685,3139,3268,2655,1596,470,22864
LGA35010,7576,4900,5140,4980,4772,3536,2851,1722,919,36396,94450,57283,58511,62658,63615,55529,49072,26718,8506,476342
LGA35250,27,18,27,20,13,8,3,5,0,121,248,191,145,155,128,96,36,24,0,1023
LGA35300,470,355,450,378,337,268,107,61,19,2445,4385,2573,3348,2663,2277,1955,939,473,114,18727
LGA35600,93,61,85,54,80,112,54,27,19,585,695,393,534,400,496,679,451,209,111,3968
LGA35670,68,30,39,30,26,27,14,0,0,234,246,156,118,114,104,86,40,7,0,871
LGA35740,757,425,450,569,756,730,587,390,263,4927,8350,4973,4121,5983,8163,9091,8980,5032,1611,56304
LGA35760,222,156,135,115,186,168,182,124,34,1322,1590,982,965,981,1305,1533,1510,915,291,10072
LGA35780,209,53,42,49,44,41,14,4,0,456,970,473,422,294,258,232,102,23,3,2777
LGA35790,64,19,33,14,23,14,8,0,0,175,659,334,318,226,243,203,91,19,0,2093
LGA35800,26,14,14,12,19,25,19,3,5,137,359,144,196,160,214,270,197,110,33,1683
LGA36070,66,14,22,14,12,8,4,4,0,144,138,94,81,98,104,59,32,9,0,615
LGA36150,22,0,8,5,14,7,6,0,0,62,140,55,103,70,105,125,64,28,13,703
LGA36250,1972,1303,1065,1142,1450,1337,1004,569,286,10128,28377,18287,16086,19550,21779,21854,19053,10448,3799,159233
LGA36300,26,14,26,17,21,20,19,9,4,156,158,68,126,83,85,117,75,34,6,752
LGA36370,1742,1169,1228,1182,1126,972,591,346,164,8520,16638,10574,11142,10406,9715,9863,7504,4352,1776,81970
LGA36510,789,452,447,548,638,526,434,273,146,4253,7558,4331,3864,4968,6120,6429,5718,3029,971,42988
LGA36580,436,264,228,289,351,303,250,166,49,2336,4598,2548,2442,2897,3418,3767,3387,1639,351,25047
LGA36630,745,426,362,360,479,526,516,283,79,3776,5624,3386,3187,3137,4038,4915,5156,2732,820,32995
LGA36660,697,368,346,370,472,504,500,293,118,3668,6237,3657,3462,3492,4476,5415,5478,3068,1004,36289
LGA36720,4979,3397,3308,3650,3895,3429,2716,1716,1038,28128,59492,37383,37804,42382,45977,45184,41086,24171,9058,342537
LGA36820,578,362,327,308,431,445,419,248,125,3243,4449,2457,2335,2576,3369,4132,4063,2153,715,26249
LGA36910,2757,1920,1780,1639,1744,1655,1288,901,460,14144,33904,21902,21846,20352,20894,20570,18096,11264,4381,173209
LGA36950,100,63,40,46,40,34,23,4,5,355,901,530,518,459,402,358,187,62,10,3427
LGA36960,149,28,39,40,42,36,13,4,0,351,1329,567,644,525,417,360,205,65,9,4121
LGA37010,3711,3563,3551,3077,2767,2040,1242,644,270,20865,36970,27863,27901,25201,24814,22520,16591,8268,2647,192775
LGA37300,121,86,130,93,74,66,18,6,0,594,1052,556,797,636,572,364,91,31,10,4109
LGA37310,831,591,649,532,531,457,343,213,108,4255,7242,3965,4404,3963,4304,4175,3338,1827,625,33843
LGA37340,718,598,914,730,805,738,464,222,50,5239,6375,4007,5457,4803,5081,5170,3967,1789,503,37152
LGA37400,32,20,20,22,23,31,40,24,0,212,189,93,122,143,157,177,146,87,19,1133
LGA37550,65,14,12,7,5,4,0,0,0,107,362,172,172,98,108,69,36,8,0,1025
LGA37570,23,6,3,0,0,3,0,0,0,35,80,29,53,29,35,36,10,8,0,280
LGA37600,133,13,22,8,12,16,6,4,0,214,749,480,393,277,253,213,92,31,5,2493
LGA39499,255,435,800,739,648,553,354,67,9,3860,1437,1495,2649,2077,1929,2468,2124,444,44,14667
LGA39799,0,14,37,47,34,8,0,0,0,140,0,16,49,64,45,5,3,0,0,182
LGA40070,101,524,582,350,253,203,205,106,75,2399,1451,5953,6094,3161,2282,2284,2239,1140,425,25029
LGA40120,443,319,222,292,405,393,286,153,47,2560,7349,4789,3461,4858,6128,6085,5053,2391,768,40882
LGA40150,167,128,117,104,125,111,53,43,11,859,1840,1159,1253,1203,1474,1488,912,405,98,9832
LGA40220,318,196,183,183,271,336,327,201,73,2088,4058,2471,2224,2624,3470,4470,5343,3130,941,28731
LGA40250,66,50,59,22,35,25,8,5,3,273,555,439,477,302,269,187,62,24,17,2332
LGA40310,260,190,134,178,242,225,202,106,67,1604,4394,2579,2332,3007,3455,3609,3258,1760,671,25065
LGA40430,46,19,18,20,27,47,33,27,7,244,372,162,182,184,296,474,529,309,107,2615
LGA40520,149,97,77,94,97,118,114,53,33,832,1665,1170,1136,1116,1334,1497,1463,748,358,10487
LGA40700,294,240,192,230,264,212,202,186,80,1900,7751,5723,4192,5638,6223,5725,5543,3628,1609,46032
LGA40910,445,362,364,340,388,351,220,270,208,2948,8904,6461,7522,7439,6988,6305,5151,4101,1929,54800
LGA41010,105,45,43,44,59,50,30,17,5,398,710,355,470,378,472,471,406,192,53,3507
LGA41060,1169,936,1095,988,1065,978,656,393,188,7468,18451,13890,18414,15820,15751,15528,12512,7749,3732,121847
LGA41140,116,79,75,64,99,128,97,62,26,746,1529,839,888,947,1189,1444,1354,741,260,9191
LGA41190,18,7,20,11,25,26,19,19,10,155,345,136,188,172,211,285,222,127,58,1744
LGA41330,32,25,38,30,50,46,54,42,13,330,188,122,216,168,194,232,246,171,29,1566
LGA41560,206,103,112,128,145,218,211,147,80,1350,2127,1214,1264,1353,1708,2468,2787,1599,527,15047
LGA41750,18,10,15,11,8,14,15,5,0,96,207,75,112,118,109,192,127,56,20,1016
LGA41830,23,18,26,22,20,30,31,20,4,194,233,129,165,144,191,276,308,149,52,1647
LGA41960,26,11,15,23,30,23,32,13,0,173,204,85,122,123,166,212,243,103,35,1293
LGA42030,351,223,201,206,184,220,135,101,57,1678,4375,2917,3129,2845,3010,3368,2667,1852,831,24994
LGA42110,83,43,32,50,44,57,60,39,7,415,640,359,347,374,494,745,664,334,107,4064
LGA42250,149,127,206,299,243,229,146,80,49,1528,1463,909,780,1131,1318,1373,1093,438,133,8638
LGA42600,243,199,218,247,284,326,320,196,86,2119,4935,3896,3979,4400,4769,5466,5444,3105,1548,37542
LGA42750,76,43,53,42,61,110,76,46,27,534,776,361,480,488,603,851,804,403,119,4885
LGA43080,14,12,10,10,13,24,11,10,0,104,159,90,95,90,134,177,151,75,41,1012
LGA43220,18,11,7,16,12,4,9,9,5,91,223,75,111,135,113,152,116,82,39,1046
LGA43360,15,19,7,14,25,34,38,24,8,184,329,200,202,225,251,369,444,236,86,2342
LGA43650,218,130,103,125,179,155,99,44,17,1070,3181,2074,1584,1907,2297,2292,1550,697,211,15793
LGA43710,89,47,71,108,135,105,79,29,7,670,1181,491,542,772,872,913,735,315,83,5904
LGA43790,185,109,110,98,124,121,158,95,36,1036,2014,1095,1177,1157,1481,1625,1739,992,392,11672
LGA44000,13,5,6,4,9,7,3,0,0,47,17,9,12,14,20,11,7,4,0,94
LGA44060,837,646,707,672,674,655,443,255,158,5047,15281,11172,14278,13378,11337,11310,9935,5294,2729,94714
LGA44210,129,86,117,160,159,189,187,77,24,1128,1179,708,734,825,1228,1736,1748,799,214,9171
LGA44340,520,388,369,382,466,411,350,270,179,3335,11650,8387,7125,8664,9313,8335,7283,4648,2220,67625
LGA44550,529,285,308,339,320,302,262,120,57,2522,7652,4623,4916,5055,5297,4737,4156,2042,740,39218
LGA44620,427,271,251,242,278,234,229,176,121,2229,4898,3152,3399,3035,3287,3384,3058,1874,802,26889
LGA44830,43,25,13,26,35,55,55,35,5,292,392,209,202,235,347,615,511,271,83,2865
LGA45040,372,261,368,351,317,249,175,125,56,2274,3665,2419,2642,2388,2707,2969,2566,1664,615,21635
LGA45090,150,70,88,92,84,98,91,63,25,761,1630,878,1041,1142,1070,1139,978,587,220,8685
LGA45120,73,36,27,37,43,44,37,37,7,341,816,401,389,473,534,747,681,379,130,4550
LGA45290,254,248,287,258,304,269,193,140,101,2054,5345,4486,5758,4924,4568,4528,3885,2611,1377,37482
LGA45340,2282,1442,1375,1487,1477,1400,1042,633,286,11424,31053,20093,21451,22544,22741,22395,20330,10711,3887,175205
LGA45400,8,7,5,12,8,21,12,9,14,96,142,67,78,77,94,155,149,68,49,879
LGA45540,33,28,27,37,35,45,30,21,11,267,206,131,122,156,209,312,300,157,49,1642
LGA45680,2124,1207,1377,1068,938,769,528,315,217,8543,22682,13121,15770,12715,11319,10878,7214,3912,1574,99185
LGA45890,1496,1145,1559,1484,1256,998,645,402,176,9161,22305,15465,22399,19793,16214,15389,11653,6188,2988,132394
LGA46090,332,236,435,342,241,207,121,66,27,2007,2550,1530,2096,1653,1682,1870,1406,799,250,13836
LGA46300,259,173,164,153,171,164,132,94,59,1369,2599,1642,1806,1626,1783,1907,1656,959,432,14410
LGA46450,336,187,175,163,193,155,116,97,34,1456,3047,2012,1904,1743,2198,2380,2093,1371,521,17269
LGA46510,160,159,202,163,164,150,100,55,38,1191,3857,2757,3572,3265,2763,2748,1953,883,474,22272
LGA46670,134,114,111,81,110,89,101,58,25,823,1593,1085,1226,1063,1232,1343,1287,682,275,9786
LGA46860,6,8,10,8,14,27,14,14,0,101,215,125,142,145,192,291,270,141,30,1551
LGA46970,107,73,114,83,79,44,4,5,0,509,1024,437,856,746,510,346,53,14,3,3989
LGA47140,2157,1340,1339,1408,1245,985,708,422,209,9813,28366,18929,21328,20462,17641,16489,12831,7146,2607,145799
LGA47290,38,22,13,33,31,23,21,12,9,202,332,185,236,234,241,288,254,146,69,1985
LGA47490,40,16,25,22,25,31,31,16,14,220,418,140,224,231,281,334,354,134,59,2175
LGA47630,102,82,96,78,112,96,56,38,10,670,1245,756,861,824,944,921,745,431,172,6899
LGA47700,964,665,583,663,771,663,544,373,280,5506,17467,11744,12098,13462,13156,12550,11374,6842,2482,101175
LGA47800,111,81,79,63,88,85,74,53,24,658,881,507,596,554,640,915,744,486,142,5465
LGA47910,42,5,20,24,21,39,48,29,11,239,475,185,236,277,324,449,461,289,117,2813
LGA47980,252,207,195,229,247,229,220,144,117,1840,5993,4480,4792,5040,5084,4688,4401,2599,1572,38649
LGA48050,152,76,61,81,97,139,196,121,60,983,1991,1136,998,1290,1572,2337,3537,2363,909,16133
LGA48130,85,59,48,53,61,81,62,37,13,499,1281,720,666,714,869,1014,874,453,184,6775
LGA48260,47,43,54,54,69,66,45,35,20,433,1193,978,886,946,1056,993,980,647,339,8018
LGA48340,159,115,92,103,178,165,142,93,33,1080,1924,1209,1032,1242,1625,1901,1778,874,305,11890
LGA48410,464,428,548,463,415,390,232,222,129,3291,8956,7731,11172,8656,7332,6793,5118,3626,2317,61701
LGA48540,410,224,258,225,260,260,136,107,52,1932,3795,2441,2714,2359,2943,2981,2132,1433,451,21249
LGA48640,32,20,11,15,20,23,13,8,14,156,240,99,116,128,146,170,124,61,48,1132
LGA48750,52,24,28,49,61,69,72,40,12,407,798,427,375,490,693,1080,1227,575,174,5839
LGA48830,173,82,91,90,125,171,211,119,47,1109,1558,771,838,947,1221,2112,2412,1306,427,11592
LGA49399,53,63,101,59,82,85,44,7,6,500,429,368,433,345,499,518,306,88,25,3011
LGA49499,84,79,166,178,144,138,77,11,0,877,409,394,627,534,478,513,359,64,11,3389
LGA49799,0,0,0,0,5,0,0,0,0,5,0,0,0,3,5,0,0,0,0,8
LGA50080,560,384,504,470,479,483,396,219,114,3609,6798,4134,4150,4231,4976,5440,4990,2890,1164,38773
LGA50210,1747,960,1171,1161,959,729,404,231,102,7464,22087,10747,14140,15526,11039,9336,7019,3289,1006,94189
LGA50250,268,155,327,319,224,166,39,11,0,1509,1727,637,1511,1494,1021,744,200,54,10,7398
LGA50280,400,140,196,300,315,208,167,41,33,1800,3423,1275,1734,2673,2511,2214,1925,746,286,16787
LGA50350,225,142,202,192,195,151,114,71,30,1322,2799,1601,2231,2389,2165,1971,1574,839,360,15929
LGA50420,673,547,809,761,636,537,368,275,183,4789,11024,7332,11640,10678,8739,7799,6607,3832,1634,69285
LGA50490,578,455,780,632,492,407,254,169,136,3903,6725,4879,8528,6610,5019,4498,3282,1827,902,42270
LGA50560,23,25,13,22,37,34,37,19,10,220,204,117,124,161,220,292,349,165,58,1690
LGA50630,32,12,24,18,28,32,21,7,0,174,375,126,183,208,242,266,197,86,20,1703
LGA50770,61,14,21,29,37,40,25,21,5,253,361,145,129,220,243,295,245,158,35,1831
LGA50840,80,46,31,55,81,86,74,33,13,499,867,413,381,537,699,896,922,426,104,5245
LGA50910,33,18,4,19,16,17,9,3,0,119,161,68,67,102,137,134,133,90,41,933
LGA50980,637,326,481,425,456,308,140,52,17,2842,3994,1869,2890,2707,2353,1828,953,289,75,16958
LGA51080,41,10,13,13,19,21,13,7,0,137,228,95,114,125,129,179,104,52,13,1039
LGA51120,25,23,16,15,29,35,29,22,6,200,181,87,88,111,123,143,155,72,26,986
LGA51190,542,400,607,525,482,396,296,174,99,3521,5449,3544,4214,4053,4290,4440,3875,2158,968,32991
LGA51260,652,321,399,482,492,431,389,247,82,3495,7621,3663,3812,5162,5504,5355,5509,2960,1045,40631
LGA51310,246,161,194,174,229,201,169,85,55,1514,5652,3456,2837,3743,4391,3602,2616,1608,969,28874
LGA51330,926,878,1083,867,757,612,366,276,135,5900,17402,13703,14885,14030,11751,10116,8086,4299,1591,95863
LGA51400,277,206,140,182,232,193,144,53,21,1448,4029,2289,1842,2425,2727,2332,1692,701,136,18173
LGA51470,11,13,4,18,12,11,16,6,0,91,76,41,62,95,64,82,86,33,11,550
LGA51540,232,147,168,132,150,119,78,49,9,1084,973,558,715,617,767,753,556,241,70,5250
LGA51610,61,21,11,40,53,32,26,9,0,253,327,142,127,194,274,254,169,53,9,1549
LGA51680,77,64,55,50,104,113,61,35,12,571,1109,665,516,682,942,988,642,309,77,5930
LGA51710,28,37,161,100,69,33,28,4,0,460,285,127,319,271,263,210,178,32,4,1689
LGA51750,92,120,118,74,102,90,82,66,60,804,1776,1583,1244,1175,1475,1286,1196,1030,529,11294
LGA51820,1448,1037,1285,1302,1154,886,590,353,191,8246,22972,13975,17894,18564,15830,12939,9368,4740,1811,118093
LGA51860,20,10,18,12,14,23,14,5,0,116,130,49,65,85,53,111,63,33,11,600
LGA51890,218,113,107,108,117,127,98,54,23,965,1571,947,920,976,1120,1301,1220,568,183,8806
LGA51960,158,110,120,142,129,105,51,21,5,841,690,412,461,471,533,513,297,86,14,3477
LGA52030,15,10,21,13,29,37,23,20,6,174,132,60,98,89,107,220,215,103,23,1047
LGA52100,10,12,8,8,13,11,14,6,7,89,173,84,105,118,110,147,156,75,42,1010
LGA52170,46,69,80,75,58,85,54,44,43,554,1252,1014,908,841,1094,1113,959,577,219,7977
LGA52240,29,14,11,12,20,21,17,13,0,137,215,87,90,132,159,178,134,85,15,1095
LGA52310,22,15,10,12,17,17,9,11,0,113,142,72,74,75,142,166,151,61,12,895
LGA52380,3,4,8,4,9,4,5,4,0,41,4,19,35,20,31,35,58,11,0,213
LGA52450,24,10,11,19,15,8,19,5,3,114,260,201,152,155,136,154,151,64,27,1300
LGA52520,53,23,27,45,30,40,24,10,6,258,298,118,176,211,155,204,118,63,36,1379
LGA52590,35,31,67,56,51,60,66,27,9,402,471,224,368,364,413,589,599,265,65,3358
LGA52660,236,118,149,153,188,169,129,106,84,1332,2991,1526,1843,1927,1851,1805,1489,900,347,14679
LGA52730,132,62,58,74,114,110,110,55,24,739,1084,522,393,691,833,1055,1042,542,155,6317
LGA52800,382,212,288,219,187,160,82,25,3,1558,1609,1036,1270,958,858,781,421,119,29,7081
LGA52870,73,45,48,61,80,76,79,46,9,517,1024,537,502,684,847,1009,978,460,127,6168
LGA52940,16,4,3,3,14,4,9,4,0,57,152,60,55,86,90,84,126,45,10,708
LGA53010,28,11,12,17,18,20,18,9,0,133,136,39,74,93,89,102,96,44,0,673
LGA53080,27,11,28,6,34,28,16,6,0,156,74,62,96,53,109,133,95,49,3,674
LGA53150,90,58,52,89,81,66,61,54,70,621,1374,912,717,925,1198,1081,876,471,254,7808
LGA53220,197,213,692,591,438,317,56,11,0,2515,1578,1026,2324,2020,1476,1035,251,44,13,9767
LGA53290,378,207,187,210,248,220,165,124,27,1766,2720,1488,1548,1642,1899,1894,1486,918,284,13879
LGA53360,62,43,54,57,58,43,33,11,3,364,562,323,544,498,425,379,244,101,16,3092
LGA53430,358,305,481,395,435,336,259,157,119,2845,4575,3203,4531,4498,4338,4423,3573,1936,849,31926
LGA53570,74,42,66,65,89,88,96,53,9,582,794,462,574,577,782,898,928,462,88,5565
LGA53640,41,16,11,17,17,20,15,10,0,147,261,98,175,155,150,181,143,34,8,1205
LGA53710,19,15,8,15,19,19,18,13,3,129,166,76,65,117,122,153,158,68,24,949
LGA53780,1978,1353,1792,1756,1426,970,654,403,271,10603,26265,16250,17620,19859,16225,12945,10175,5162,1869,126370
LGA53800,1065,632,679,703,689,573,402,232,111,5086,7863,4581,4684,4866,5377,5164,3981,2149,839,39504
LGA53920,246,104,100,87,83,54,29,11,3,717,890,648,605,505,421,277,158,62,11,3577
LGA53990,456,302,274,295,319,326,225,119,38,2354,5963,3146,3228,3762,3741,3784,3061,1466,400,28551
LGA54060,67,45,38,50,55,90,81,56,10,492,551,308,222,359,479,644,673,362,78,3676
LGA54130,28,19,8,15,24,28,9,3,0,134,252,90,137,158,148,191,133,46,12,1167
LGA54170,1582,1167,1125,1345,1564,1315,901,453,257,9709,29848,19300,16285,21336,22768,21744,18096,7853,2782,160012
LGA54200,744,474,514,592,556,506,329,228,122,4065,11358,6770,6450,7970,7889,7218,6227,3593,1292,58767
LGA54280,820,526,709,638,569,476,240,81,31,4090,6492,3610,4812,4401,3915,3416,1782,678,202,29308
LGA54310,914,498,862,883,602,397,124,19,7,4306,5642,2369,4115,4351,3142,1864,574,135,12,22204
LGA54340,130,67,63,62,49,42,47,22,13,495,782,503,531,486,489,518,427,232,100,4068
LGA54410,15,23,13,16,23,28,20,14,6,158,147,109,93,119,154,206,153,114,46,1141
LGA54480,15,9,5,13,15,6,3,6,0,72,120,41,59,84,84,47,32,19,0,486
LGA54550,35,13,15,30,23,41,23,22,4,206,372,137,179,249,236,305,222,150,54,1904
LGA54620,25,9,15,14,15,20,15,6,9,128,145,74,82,114,125,130,110,51,18,849
LGA54690,0,0,3,4,3,0,0,3,0,13,64,14,28,41,56,69,60,27,6,365
LGA54760,21,9,13,13,19,9,8,4,0,96,163,41,78,107,117,114,94,43,11,768
LGA54830,841,632,1067,927,640,359,208,86,25,4785,10410,5642,7857,7718,5670,4134,2717,1314,416,45878
LGA54900,9,13,6,13,19,27,4,6,6,103,251,119,144,178,173,200,128,67,13,1273
LGA54970,27,42,137,95,99,70,14,0,0,484,133,136,323,236,223,207,56,11,5,1330
LGA55040,56,87,143,106,70,55,19,8,0,544,265,205,351,265,216,180,81,26,3,1592
LGA55110,1366,894,864,985,1103,964,804,650,408,8038,15677,9464,9182,9972,10978,11960,12513,7848,2707,90301
LGA55180,141,100,81,97,157,146,102,56,18,898,1484,927,907,944,1246,1510,1213,647,221,9099
LGA55250,28,54,85,46,44,37,12,4,0,310,174,165,270,166,154,155,81,31,0,1196
LGA55320,913,757,697,782,870,782,640,416,315,6172,17909,12738,10955,13403,13754,12993,11756,6676,3336,103520
LGA55390,0,25,42,40,19,19,12,4,0,161,29,77,115,108,82,70,40,11,0,532
LGA55460,78,50,59,61,50,61,46,25,5,435,588,349,373,370,398,449,368,160,65,3120
LGA55530,9,3,3,4,11,24,10,6,3,73,78,27,38,48,55,75,52,34,9,416
LGA55600,59,37,41,33,44,46,37,22,8,327,437,234,244,235,324,337,268,149,57,2285
LGA55670,39,25,9,12,9,18,28,5,3,148,147,71,62,63,77,83,98,36,18,655
LGA55740,90,92,91,86,96,92,73,58,40,718,1549,1185,1009,1139,1334,1141,995,594,211,9157
LGA55810,71,29,35,50,54,40,26,10,0,315,122,55,70,97,104,103,72,23,9,655
LGA55880,7,3,3,10,13,11,0,0,5,52,79,22,42,62,75,100,45,20,16,461
LGA55950,17,9,11,7,15,10,8,10,4,91,121,48,62,60,82,85,68,46,11,583
LGA56090,433,486,933,896,728,572,314,178,82,4622,6535,4336,4241,4932,5655,5720,4548,2428,775,39170
LGA56160,10,0,0,6,6,0,0,0,0,22,32,3,13,17,17,10,5,0,0,97
LGA56230,328,219,194,232,255,248,234,132,71,1913,3275,1887,1768,2009,2285,2496,2502,1433,409,18064
LGA56300,42,10,9,28,33,34,43,33,4,236,208,83,94,178,182,280,336,151,30,1542
LGA56370,19,9,16,11,16,22,17,16,14,140,153,47,106,69,98,119,89,68,41,790
LGA56460,128,80,81,80,77,69,61,35,8,619,827,589,536,524,592,654,567,326,159,4774
LGA56580,190,156,130,133,158,144,155,98,69,1233,4202,3045,1863,2448,3143,2774,2506,1499,650,22130
LGA56620,45,20,24,24,28,24,4,0,0,169,293,242,230,210,180,135,52,14,3,1359
LGA56730,305,198,254,270,223,204,143,83,39,1719,2061,1242,1227,1305,1488,1662,1438,706,237,11366
LGA56790,86,50,49,56,76,81,92,47,13,550,482,205,239,324,408,606,597,282,86,3229
LGA56860,4,11,0,4,16,7,15,4,0,61,33,33,17,20,37,46,44,14,4,248
LGA56930,16,28,0,11,12,20,15,11,4,117,264,322,112,119,215,220,183,114,41,1590
LGA57000,28,22,23,44,30,38,13,4,4,206,84,58,76,95,102,117,55,26,11,624
LGA57080,184,541,939,552,369,289,204,93,30,3201,1999,4868,8545,4824,2682,2481,1901,901,268,28469
LGA57140,15,8,9,9,14,10,5,14,8,92,169,81,89,94,123,177,172,107,23,1035
LGA57210,113,69,69,106,102,108,90,36,12,705,903,488,455,573,769,910,823,352,117,5390
LGA57280,591,344,572,486,382,310,82,19,5,2791,3879,1663,3066,2832,2024,1608,468,111,33,15684
LGA57350,41,12,24,20,43,51,49,24,7,271,149,49,87,81,121,160,190,81,39,957
LGA57420,39,25,33,24,38,46,30,9,4,248,392,139,297,257,299,323,221,126,32,2086
LGA57490,2434,1587,1772,1734,1612,1228,699,545,342,11953,29431,16896,18324,18382,17886,15559,10901,6210,2083,135672
LGA57630,0,4,15,5,8,5,5,3,0,45,0,6,13,7,11,31,22,15,0,105
LGA57700,565,265,413,481,401,294,164,74,22,2679,8017,3704,4896,4765,4066,3391,2123,955,249,32166
LGA57770,31,17,21,32,22,28,21,20,3,195,169,73,152,133,124,166,145,63,8,1033
LGA57840,380,377,509,354,373,377,325,235,236,3166,6226,5914,6604,5719,5276,5155,4773,2503,1233,43403
LGA57910,2544,1783,2875,2530,2034,1626,1256,868,501,16017,38268,24550,37576,34928,28195,24207,20107,12645,5894,226370
LGA57980,141,113,193,153,140,132,151,103,59,1185,2726,1807,2660,2411,2135,1989,1947,1153,439,17267
LGA58050,2496,1576,1934,1810,1709,1263,729,370,210,12097,33231,19203,23311,22878,19814,16713,10855,5197,1767,152969
LGA58190,13,3,8,7,10,13,8,4,0,66,75,34,45,37,64,69,40,25,6,395
LGA58260,29,0,19,19,7,13,9,8,0,104,120,43,62,77,71,76,72,45,6,572
LGA58330,84,44,55,57,99,147,87,53,8,634,627,359,338,412,659,967,818,353,72,4605
LGA58400,7,7,5,4,3,3,6,8,0,43,26,27,34,16,38,61,47,29,0,278
LGA58470,5,5,8,5,5,0,3,0,0,31,45,21,22,24,24,25,15,0,0,176
LGA58510,335,402,670,483,380,303,188,207,262,3230,5157,4533,7737,5954,4324,3695,2834,1626,1022,36882
LGA58540,24,8,6,17,20,18,19,6,0,118,136,57,75,101,114,152,102,50,12,799
LGA58570,292,304,742,443,359,275,165,95,57,2732,5245,3842,8305,6304,4660,3835,2485,1197,667,36540
LGA58610,38,31,30,28,30,27,42,16,6,248,282,149,173,191,207,277,284,152,47,1762
LGA58680,9,16,11,15,19,21,17,9,0,117,79,49,47,57,96,84,72,48,9,541
LGA58760,3271,2010,2181,2265,2200,1567,904,489,195,15082,46118,27334,29094,30915,28677,21776,14772,7804,2623,209113
LGA58820,63,52,36,58,66,73,59,39,28,474,697,417,369,482,578,660,627,305,106,4241
LGA58890,38,4,8,23,16,16,9,6,3,123,137,63,58,85,123,149,105,46,24,790
LGA59030,3,6,4,4,0,0,3,4,3,27,46,16,32,30,24,46,38,19,6,257
LGA59100,28,11,17,15,13,31,18,11,3,147,138,49,75,67,86,123,81,57,18,694
LGA59170,28,5,8,21,12,14,23,13,3,127,220,71,106,152,121,154,111,65,17,1017
LGA59250,24,22,43,41,24,15,13,0,0,182,85,72,108,95,88,42,39,13,0,542
LGA59310,20,13,17,10,18,20,19,3,0,120,243,98,149,166,149,201,191,75,20,1292
LGA59320,14,4,5,9,8,11,10,4,0,65,99,33,43,49,52,84,61,22,3,446
LGA59330,0,0,6,3,9,5,14,11,0,48,59,28,47,45,58,78,82,65,9,471
LGA59340,420,161,257,216,207,159,97,30,13,1560,1721,857,1302,1102,1030,889,418,136,25,7480
LGA59350,7,18,58,23,26,16,10,4,0,162,29,41,106,46,52,33,25,7,4,343
LGA59360,7,14,52,40,51,38,22,3,7,234,117,65,187,169,222,215,127,50,21,1173
LGA59370,50,24,34,29,54,76,56,56,15,394,491,221,249,327,385,624,680,369,108,3454
LGA59499,190,352,661,811,748,503,245,69,15,3594,772,820,1512,1543,1313,1144,758,155,30,8047
LGA59799,0,22,46,76,51,27,3,0,0,225,0,42,116,170,109,62,18,0,0,517
LGA60210,67,65,56,68,63,129,114,57,18,637,878,438,489,644,827,1358,1339,643,155,6771
LGA60410,465,248,224,210,195,150,119,59,15,1685,4307,2389,2798,2401,2336,2081,1740,757,176,18985
LGA60610,324,203,165,177,235,171,148,94,36,1553,3604,2453,2609,2276,2584,2624,2097,1223,450,19920
LGA60810,310,201,175,191,227,248,230,154,52,1788,3574,2372,2301,2344,2888,3635,3157,1834,646,22751
LGA61010,30,33,26,41,33,63,46,17,4,293,383,233,243,265,295,471,437,166,32,2525
LGA61210,170,88,114,106,82,119,99,48,21,847,1539,869,1022,887,1006,1178,969,473,170,8113
LGA61410,781,585,680,665,536,507,410,297,128,4589,10577,6368,8611,7877,7369,7837,7047,4175,1673,61534
LGA61510,205,144,130,124,142,120,86,45,23,1019,1953,1292,1228,1343,1461,1593,1238,631,197,10936
LGA61610,399,228,261,205,226,253,222,180,92,2066,4437,2857,3450,2817,3255,3389,3243,1984,717,26149
LGA61810,129,74,66,70,60,86,91,40,26,642,1111,645,701,666,813,1145,1003,529,217,6830
LGA62010,14,4,0,8,6,16,11,7,0,66,120,42,53,97,108,170,200,107,20,917
LGA62210,125,70,64,79,77,94,74,34,13,630,1121,700,694,705,855,1155,1098,535,163,7026
LGA62410,44,36,63,48,40,94,86,46,11,468,494,298,525,464,559,970,1062,513,134,5019
LGA62610,733,449,626,433,463,394,296,228,121,3743,8302,5619,9677,6561,5634,5799,4619,2965,1238,50414
LGA62810,443,478,690,431,456,417,320,200,95,3530,7353,7061,10747,6989,6619,6288,5670,3018,1331,55076
LGA63010,306,153,174,160,199,250,191,115,72,1620,3135,1708,1842,2141,2432,2976,2545,1140,333,18252
LGA63210,105,66,75,65,102,113,85,49,8,668,1006,638,637,694,931,1247,926,425,105,6609
LGA63410,41,11,23,33,31,22,28,12,4,205,273,110,202,215,189,236,234,122,33,1614
LGA63610,421,253,255,302,319,304,300,151,51,2356,7187,4355,4959,5219,5187,5013,4800,2553,810,40083
LGA63810,181,94,84,106,144,123,161,84,27,1004,1929,1168,1262,1244,1584,1838,1992,1063,339,12419
LGA64010,1004,830,814,638,627,587,469,323,169,5461,11863,8729,10853,8447,8598,8252,7171,4348,1793,70054
LGA64210,243,149,139,169,196,207,194,115,30,1442,3413,2117,2272,2244,2694,3063,2813,1590,503,20709
LGA64610,199,131,94,113,159,181,149,73,17,1116,2299,1401,1575,1382,1787,2049,1946,994,311,13744
LGA64810,285,152,178,193,170,179,163,65,25,1410,2920,1678,2217,2056,2026,2484,2108,936,300,16725
LGA65010,109,90,75,66,106,101,82,32,11,672,1140,768,746,753,907,1078,820,367,86,6665
LGA65210,35,29,21,29,39,58,52,28,12,303,265,175,175,248,308,571,554,240,58,2594
LGA65410,228,128,106,135,154,168,144,87,33,1183,2425,1367,1352,1521,1824,2211,2055,1179,364,14298
LGA65610,73,48,61,46,78,76,64,26,20,492,670,368,521,454,629,726,582,254,59,4263
LGA65810,318,210,174,187,219,245,221,156,84,1814,4217,2648,2665,2793,3276,3746,3372,1852,575,25144
LGA69499,18,41,49,54,42,68,75,6,0,353,129,215,228,198,203,199,163,31,3,1369
LGA69799,0,0,0,0,0,0,0,0,0,0,0,0,4,4,7,0,0,0,0,15
LGA70200,465,258,444,369,318,308,153,63,20,2398,5398,2773,4872,4023,3313,3048,1701,604,176,25908
LGA70420,225,98,165,108,94,87,40,13,0,830,1568,956,1150,832,720,638,337,100,10,6311
LGA70540,3,11,0,4,4,5,0,0,0,27,24,26,30,20,14,25,5,0,0,144
LGA70620,76,54,81,34,57,40,25,8,0,375,960,615,613,482,402,304,145,53,18,3592
LGA70700,41,23,40,29,41,67,49,16,0,306,203,95,126,113,176,269,215,79,6,1282
LGA71000,1427,1000,1627,1306,1082,864,516,231,96,8149,14894,9148,15994,12810,10273,8544,5845,2449,578,80535
LGA71150,0,0,6,5,0,10,0,0,0,21,24,17,95,54,34,47,16,3,0,290
LGA71300,157,115,155,82,65,71,25,3,0,673,2036,1848,1576,1292,970,699,281,71,12,8785
LGA72200,381,210,297,241,192,178,104,40,11,1654,2167,1169,1857,1388,1182,1025,585,223,46,9642
LGA72300,440,483,715,665,621,403,254,63,11,3655,3879,2675,2875,3072,3437,2948,1829,599,97,21411
LGA72330,143,154,284,261,161,84,29,0,0,1116,1312,912,1108,920,713,482,232,60,14,5753
LGA72800,1074,559,810,679,518,326,175,65,19,4225,9406,4786,6886,6089,4598,3083,1677,559,159,37243
LGA73600,114,164,172,126,91,83,40,15,0,805,1503,1248,1160,878,753,556,304,83,12,6497
LGA74050,59,24,32,20,35,23,12,6,0,211,531,395,396,351,343,225,89,19,0,2349
LGA74550,68,78,50,25,59,39,39,7,0,365,681,552,492,299,322,240,170,50,13,2819
LGA74560,5,5,9,4,9,10,12,9,0,63,57,23,12,47,79,88,83,25,0,414
LGA74660,142,68,124,86,82,57,25,9,0,593,1522,1123,1248,929,766,484,171,41,4,6288
LGA74680,143,63,44,43,33,10,8,0,3,347,829,597,569,424,279,178,72,17,7,2972
LGA79399,293,172,299,282,209,168,89,22,0,1534,1456,721,1145,1206,983,764,421,85,12,6793
LGA79499,74,97,193,168,213,186,79,12,0,1022,446,276,661,573,591,579,318,49,7,3500
LGA79799,0,0,6,4,5,3,0,0,0,18,0,15,23,22,19,17,0,0,0,96
LGA89399,4786,4587,4839,3787,3175,2471,1914,1080,530,27169,82892,60460,77634,69285,56126,45328,35639,19340,7180,453884
LGA89499,7,21,17,35,22,22,11,0,0,135,50,148,108,104,77,78,34,10,4,613
LGA89799,0,0,0,0,0,0,0,0,0,0,0,0,0,0,0,0,0,0,0,0
LGA99399,76,40,36,50,54,54,38,41,6,395,410,232,189,282,344,447,345,192,54,2495
LGA99499,0,0,0,0,0,4,0,0,0,4,0,0,4,0,0,3,0,0,0,7
LGA99799,0,0,0,0,0,0,0,0,0,0,0,0,0,0,0,0,0,0,0,0
