LGA_CODE_2021,OPDs_Separate_house_Dwellings,OPDs_Separate_house_Persons,OPDs_SD_r_t_h_th_1_sty_Dwgs,OPDs_SD_r_t_h_th_1_sty_Psns,OPDs_SD_r_t_h_th_2_m_sty_Dwgs,OPDs_SD_r_t_h_th_2_m_sty_Psns,OPDs_SD_r_t_h_th_Tot_Dwgs,OPDs_SD_r_t_h_th_Tot_Psns,OPDs_F_ap_I_1or2_sty_blk_Ds,OPDs_F_ap_I_1or2_sty_blk_Ps,OPDs_F_ap_I_3_sty_blk_Dwgs,OPDs_F_ap_I_3_sty_blk_Psns,OPDs_F_ap_I_4to8_sty_blk_Ds,OPDs_F_ap_I_4to8_sty_blk_Ps,OPDs_F_ap_I_9_m_sty_blk_Ds,OPDs_F_ap_I_9_m_sty_blk_Ps,OPDs_Flt_apt_Att_house_Ds,OPDs_Flt_apt_Att_house_Ps,OPDs_Flt_apart_Tot_Dwgs,OPDs_Flt_apart_Tot_Psns,OPDs_Oth_dwg_Cvn_Ds,OPDs_Oth_dw_Cvn_Ps,OPDs_Oth_dwg_cab_hboat_Ds,OPDs_Oth_dwg_cab_hboat_Ps,OPDs_Ot_dwg_Im_hm_tnt_SO_Ds,OPDs_Ot_dwg_Im_hm_tnt_SO_Ps,OPDs_Ot_dwg_Hs_f_att_sh_of_Ds,OPDs_Ot_dwg_Hs_f_att_sh_of_Ps,OPDs_Other_dwelling_Tot_Dwgs,OPDs_Other_dwelling_Tot_Psns,OPDs_Dwlling_structur_NS_Dwgs,OPDs_Dwlling_structur_NS_Psns,OPDs_Tot_OPDs_Dwellings,OPDs_Tot_OPDs_Persons,Unoccupied_PDs_Dwgs,Unoccupied_PDs_Psns,Total_PDs_Dwellings,Total_PDs_Persons
LGA10050,17855,45014,3447,5385,431,661,3878,6051,219,306,69,116,32,45,0,0,3,12,325,476,26,35,31,35,0,3,19,45,74,111,49,99,22182,51759,1941,..,24118,51759
LGA10180,8967,22134,943,1594,161,280,1108,1875,416,662,52,94,0,0,0,3,9,16,468,768,4,4,37,47,0,3,12,30,55,81,33,75,10636,24936,1422,..,12055,24936
LGA10250,13126,33746,2245,4178,1530,2972,3776,7146,629,1094,156,270,67,120,19,33,47,79,921,1598,68,89,295,424,8,11,24,44,397,565,64,103,18281,43156,1421,..,19700,43156
LGA10300,660,1722,25,34,0,0,25,34,12,19,0,0,0,0,0,0,0,0,12,19,4,0,0,0,3,9,3,3,10,17,26,43,733,1829,192,..,922,1829
LGA10470,13526,35255,1257,2135,366,633,1633,2768,677,1018,9,8,0,0,0,0,19,29,699,1057,12,28,6,11,3,9,16,51,41,96,39,81,15942,39257,1580,..,17518,39257
LGA10500,22373,68714,4552,10702,3418,9433,7970,20133,3059,6308,6516,13770,13367,29507,10682,24595,255,595,33875,74774,68,86,0,0,4,11,388,851,462,948,157,338,64833,164912,6513,..,71347,164912
LGA10550,12340,29016,766,1122,504,863,1267,1988,638,991,37,59,3,9,0,3,19,32,700,1094,67,122,152,243,4,10,18,41,241,421,73,158,14630,32675,2914,..,17546,32675
LGA10600,4721,11315,150,249,46,101,198,349,149,210,0,0,0,0,5,5,11,16,157,233,30,57,53,78,0,4,8,12,87,149,22,45,5185,12091,633,..,5821,12091
LGA10650,3041,6985,239,348,0,0,239,348,30,40,0,0,0,0,0,0,0,0,34,47,16,52,0,0,0,0,12,33,24,84,30,47,3373,7497,524,..,3894,7497
LGA10750,98390,314550,4189,10680,10286,31351,14480,42029,1118,1829,486,920,5624,12923,224,573,705,1789,8158,18031,0,0,5,6,10,23,78,240,98,270,213,575,121337,375458,6351,..,127688,375458
LGA10800,1968,4624,90,133,0,0,90,133,42,66,0,0,0,0,0,0,0,5,44,64,9,19,0,4,3,5,9,22,21,51,34,73,2151,4944,637,..,2783,4944
LGA10850,2628,6661,72,106,8,16,82,119,22,34,0,0,0,0,0,0,0,0,22,34,4,4,0,0,0,0,7,26,13,30,8,29,2763,6881,270,..,3040,6881
LGA10900,28125,70706,783,1256,554,972,1339,2229,584,817,195,287,31,46,0,0,131,284,943,1431,0,0,5,6,0,4,38,66,47,77,71,106,30528,74547,3566,..,34093,74547
LGA10950,840,2110,51,69,5,5,47,71,6,3,0,0,0,0,0,0,0,0,6,3,4,11,0,0,0,0,3,6,11,21,22,50,923,2254,259,..,1184,2254
LGA11150,717,1848,9,10,0,3,10,9,15,17,0,0,0,0,0,0,0,0,15,17,0,11,0,3,0,0,0,0,7,10,23,47,774,1935,322,..,1095,1935
LGA11200,417,1008,36,62,0,0,36,62,3,6,0,0,0,3,0,0,0,5,3,7,0,0,0,7,0,4,3,5,5,9,15,28,473,1115,120,..,598,1115
LGA11250,6910,15174,158,231,17,26,177,265,184,230,0,0,0,0,0,0,0,0,186,235,5,16,3,4,0,0,4,6,8,27,25,48,7308,15741,1528,..,8836,15741
LGA11300,4871,15106,713,1779,1438,4277,2152,6057,734,1576,1884,4707,1975,4495,2305,5371,53,135,6944,16282,0,0,0,0,0,0,96,175,96,175,77,147,14137,37773,1341,..,15485,37773
LGA11350,10293,26803,527,1098,847,1840,1375,2936,556,921,81,136,0,0,0,9,134,277,773,1337,111,158,151,238,18,22,74,127,353,553,76,146,12875,31769,2348,..,15220,31769
LGA11400,4599,11880,60,112,10,27,69,143,52,66,0,5,0,0,0,0,0,6,55,73,12,19,3,0,0,3,166,428,185,452,8,19,4913,12564,563,..,5480,12564
LGA11450,34397,109494,893,1715,1300,3154,2192,4872,215,328,0,0,35,48,0,0,113,290,365,664,18,40,122,168,0,0,10,23,153,236,62,136,37171,115395,1398,..,38576,115395
LGA11500,44903,139183,3917,8749,4787,11774,8701,20522,1023,1817,500,822,1570,3066,182,337,405,929,3674,6965,0,0,0,0,0,7,13,21,16,29,71,136,57368,166836,2888,..,60258,166836
LGA11520,12769,38258,1079,2746,2228,5615,3307,8365,3311,6569,3357,6875,6902,14500,4353,9398,93,218,18011,37569,0,0,0,0,0,0,373,791,373,791,48,90,34512,85066,3369,..,37883,85066
LGA11570,64393,210588,4286,11073,14112,43631,18398,54701,12128,27656,10399,24887,7494,17868,2427,5974,956,2794,33403,79185,5,8,0,0,0,0,580,1386,586,1391,251,639,117031,346501,9183,..,126210,346501
LGA11600,911,2279,0,0,0,0,0,0,23,47,0,0,0,0,0,0,0,0,23,47,0,4,7,9,7,18,4,6,20,41,16,36,965,2406,139,..,1109,2406
LGA11650,103225,275889,9627,15994,6113,12175,15743,28170,6473,10951,1519,2669,2473,4411,600,1076,423,883,11486,19989,345,501,487,756,8,16,148,291,983,1563,280,538,131713,326143,14532,..,146248,326143
LGA11700,480,1168,20,28,0,3,21,28,3,11,0,0,0,0,0,0,0,5,6,13,7,8,0,0,0,0,0,0,7,8,73,148,591,1363,228,..,819,1363
LGA11720,20413,54914,1460,2540,270,443,1731,2984,243,340,0,0,0,0,0,0,50,113,300,462,33,37,7,9,6,8,21,35,59,92,50,115,22556,58557,2108,..,24664,58557
LGA11730,18018,43740,851,1347,497,928,1345,2276,762,1168,88,137,22,36,0,0,42,73,916,1413,109,175,280,402,19,29,152,357,560,955,89,180,20932,48567,3211,..,24141,48567
LGA11750,1270,3076,39,69,3,6,44,74,68,96,0,0,0,0,0,0,0,0,68,96,8,15,4,3,0,0,7,24,20,41,9,26,1409,3300,533,..,1940,3300
LGA11800,22545,59853,2037,3650,1472,3117,3508,6762,2228,3911,387,712,265,417,115,181,77,149,3078,5366,163,341,330,493,5,0,23,50,521,885,127,244,29774,73113,2730,..,32505,73113
LGA12000,1600,3952,23,43,0,4,23,47,9,8,0,0,0,0,0,0,6,3,13,15,3,9,0,0,3,9,3,6,10,17,6,6,1649,4035,219,..,1875,4035
LGA12150,1216,3001,22,44,0,6,23,50,43,60,0,0,0,0,0,0,0,0,43,60,0,0,0,0,0,0,5,13,3,9,10,22,1303,3148,265,..,1567,3148
LGA12160,4150,9723,194,257,25,35,214,290,73,118,14,16,0,0,0,0,0,0,83,133,3,4,0,7,0,0,22,49,31,55,17,29,4490,10237,612,..,5101,10237
LGA12350,4678,10944,245,350,29,46,278,397,80,112,7,14,0,0,0,0,0,5,90,132,13,13,7,7,3,7,6,9,24,40,11,29,5081,11539,732,..,5813,11539
LGA12380,37257,126073,2945,7257,7847,25121,10796,32379,4789,11238,7001,17538,8276,21772,2395,7119,731,2242,23184,59910,0,0,0,0,6,11,178,557,189,572,242,592,71666,219519,6472,..,78143,219519
LGA12390,16444,43868,1438,2493,65,125,1502,2616,1125,1817,10,18,0,0,0,0,20,42,1159,1877,31,43,7,21,7,12,52,114,100,193,70,138,19279,48697,1623,..,20900,48697
LGA12700,3469,8822,55,80,0,0,55,80,8,11,0,0,0,0,0,0,0,0,8,11,12,14,8,22,4,5,11,14,32,64,16,50,3578,9030,416,..,3998,9030
LGA12730,2998,6964,273,373,13,11,281,388,16,34,0,0,0,0,0,0,0,0,16,34,9,9,0,4,0,4,5,12,10,23,18,38,3331,7448,523,..,3856,7448
LGA12750,13873,32214,802,1275,577,1013,1379,2291,861,1343,58,83,36,50,0,3,25,38,974,1512,111,185,188,278,5,6,21,64,322,529,51,82,16603,36633,6226,..,22827,36633
LGA12850,43987,151697,1551,3899,6055,19278,7598,23172,2734,5982,2789,6338,2024,4675,554,1325,864,2547,8970,20874,64,86,0,0,3,8,99,241,173,336,191,505,60918,196584,3484,..,64394,196584
LGA12870,4610,10624,530,772,0,4,532,774,24,31,0,0,0,0,0,0,0,0,27,34,8,7,29,36,3,3,11,24,51,70,15,45,5231,11542,888,..,6123,11542
LGA12900,3192,7868,151,237,9,18,156,256,158,196,0,3,0,0,0,0,4,0,162,201,15,27,19,24,0,0,17,37,44,81,6,18,3563,8421,451,..,4012,8421
LGA12930,27051,84020,2190,4853,3811,10778,5995,15629,1922,3935,5661,13108,7997,19240,3080,7758,297,751,18946,44790,0,0,3,5,0,0,304,684,308,685,93,186,52401,145312,4070,..,56469,145312
LGA12950,1482,3531,42,50,0,0,42,50,47,70,0,0,0,0,0,0,0,0,51,71,10,18,3,7,0,0,6,8,22,36,5,4,1598,3697,315,..,1907,3697
LGA13010,3347,7346,155,227,9,8,158,235,76,93,0,0,0,0,0,0,0,0,76,93,17,29,7,15,4,6,7,28,34,80,11,16,3628,7774,579,..,4207,7774
LGA13310,10534,26416,867,1403,170,311,1036,1718,279,401,61,76,0,0,0,0,21,35,355,512,11,22,36,65,0,0,45,69,94,153,25,38,12045,28839,1799,..,13847,28839
LGA13340,3828,9803,76,103,3,0,77,109,0,0,0,0,0,0,0,0,0,0,4,0,5,12,0,0,0,7,5,13,10,41,16,27,3936,9978,548,..,4481,9978
LGA13450,7785,21721,362,719,64,99,428,818,887,1933,25,64,0,0,0,0,10,29,928,2024,27,33,16,20,0,3,40,100,85,162,45,109,9266,24831,753,..,10019,24831
LGA13550,4224,11042,318,503,45,65,356,568,75,99,0,0,5,6,0,0,4,11,83,117,15,16,0,5,0,0,5,8,22,29,7,15,4697,11769,632,..,5336,11769
LGA13660,1821,4246,27,43,0,0,27,43,9,10,0,0,0,0,0,0,0,0,9,10,14,25,0,0,5,7,0,23,23,43,15,27,1898,4374,348,..,2244,4374
LGA13800,20015,57869,1644,3056,555,1188,2198,4245,474,749,100,174,21,32,0,0,64,152,660,1110,35,61,47,62,8,28,25,59,121,204,68,140,23060,63569,1424,..,24485,63569
LGA13850,1037,2308,80,125,0,0,80,125,12,19,0,0,0,0,0,0,0,0,12,19,0,3,0,0,0,0,3,3,3,7,5,12,1134,2470,239,..,1372,2470
LGA13910,6742,16509,435,667,14,26,448,696,128,173,0,0,0,0,0,0,3,11,137,185,16,27,19,24,0,3,19,46,56,103,31,60,7403,17551,1185,..,8591,17551
LGA14000,35868,110699,1019,1909,3273,8469,4292,10378,1410,2443,3199,6477,3863,8902,2591,6242,213,499,11283,24569,11,13,52,82,0,0,59,144,119,240,65,126,51629,146010,3055,..,54684,146010
LGA14100,2891,8936,96,222,639,1433,731,1656,393,620,224,395,412,677,0,0,3,0,1024,1704,0,0,0,4,0,0,8,12,7,15,10,13,4670,12324,472,..,5144,12324
LGA14170,21357,60593,11304,27439,8774,22530,20072,49974,9668,17429,11325,20238,8864,16203,1243,2402,329,630,31418,56901,0,0,5,11,0,0,1075,2192,1084,2199,152,287,74091,169955,8152,..,82244,169955
LGA14220,6007,14846,402,625,72,110,476,730,52,72,0,0,0,0,0,4,7,12,63,85,22,26,7,15,5,8,12,33,50,87,33,42,6626,15791,786,..,7414,15791
LGA14300,1977,4952,33,45,6,14,35,62,62,71,3,11,0,0,0,0,0,0,68,80,0,0,5,19,5,3,6,11,14,38,5,17,2103,5146,269,..,2368,5146
LGA14350,10220,25351,198,357,91,169,294,528,597,905,55,87,0,0,0,3,12,25,664,1014,65,106,50,95,0,6,16,36,142,241,38,83,11352,27218,1745,..,13104,27218
LGA14400,6555,17724,393,714,838,1697,1230,2414,247,421,181,315,310,452,0,0,29,52,756,1244,6,11,16,28,0,0,31,54,52,96,20,31,8612,21504,1699,..,10317,21504
LGA14500,28718,91350,207,422,1414,3299,1624,3720,1624,2914,1695,3318,7120,15959,842,1854,88,208,11365,24254,0,0,5,9,0,0,112,256,121,262,37,89,41864,119680,3165,..,45029,119680
LGA14550,3553,8073,12,16,3,6,14,16,85,109,4,4,0,0,0,0,3,13,95,128,18,31,8,15,11,18,20,41,59,105,20,40,3736,8365,559,..,4295,8365
LGA14600,2067,5051,39,52,0,5,42,60,58,91,0,0,0,0,0,0,0,0,58,91,4,4,0,0,0,4,0,4,9,11,19,51,2191,5256,491,..,2681,5256
LGA14650,68750,182461,5140,8203,2675,5214,7813,13418,2143,3167,318,500,696,1143,252,439,178,355,3589,5601,91,139,224,308,9,15,91,200,406,663,116,213,80677,202355,5384,..,86059,202355
LGA14700,5832,18203,201,509,600,1374,801,1881,837,1571,2826,5570,3968,7797,1071,2211,49,116,8750,17269,0,0,0,0,0,0,11,41,19,45,19,42,15420,37441,1391,..,16813,37441
LGA14750,3451,9027,105,179,12,27,113,198,324,508,0,0,0,0,0,0,0,0,324,508,7,7,24,45,0,4,18,51,50,103,22,66,3961,9904,330,..,4296,9904
LGA14850,14325,36143,1189,1809,516,904,1703,2710,663,1089,78,117,0,0,0,6,74,145,816,1348,68,79,167,202,9,17,24,64,268,359,49,92,17154,40661,1321,..,18477,40661
LGA14870,7455,17510,542,808,99,160,643,967,107,153,8,13,0,0,0,5,7,19,133,189,14,17,10,15,0,0,40,94,64,122,28,57,8319,18840,1261,..,9585,18840
LGA14900,50658,174816,1288,3184,5805,16061,7098,19243,1608,2882,4078,8548,1801,4535,3321,7442,487,1341,11301,24751,0,0,0,0,4,8,40,92,38,95,212,586,69314,219497,4553,..,73866,219497
LGA14920,2719,6460,58,81,4,7,66,93,34,58,0,0,0,0,0,0,0,0,34,58,4,3,0,0,0,0,5,18,13,28,11,22,2848,6658,462,..,3306,6658
LGA14950,1158,2888,8,15,0,0,8,15,17,20,0,0,0,0,0,0,0,0,17,20,0,3,0,0,0,0,3,5,5,10,17,51,1202,2980,121,..,1332,2980
LGA15050,28499,79203,2516,4413,627,1067,3138,5478,651,908,0,0,31,48,0,0,71,161,752,1124,155,197,10,10,8,13,47,80,214,297,52,102,32648,86211,1744,..,34397,86211
LGA15240,32628,77439,2854,4569,619,1178,3480,5753,1811,2693,467,695,381,627,75,133,21,52,2758,4205,199,302,330,494,15,25,120,234,662,1052,130,208,39654,88653,7715,..,47366,88653
LGA15270,8811,22202,589,987,22,43,609,1028,76,103,10,12,0,0,0,3,0,0,84,117,38,42,46,82,0,3,27,45,110,173,25,39,9638,23557,1704,..,11339,23557
LGA15300,3433,9002,381,685,66,112,443,792,75,114,0,0,0,0,0,0,3,0,77,117,21,39,9,12,0,0,14,23,47,80,43,78,4042,10068,906,..,4953,10068
LGA15350,4028,12192,755,1939,629,1487,1389,3428,1353,2742,2847,4913,1144,1941,589,931,67,120,6001,10652,0,0,3,15,0,0,91,191,96,203,29,41,11544,26522,1472,..,13019,26522
LGA15520,4337,10592,391,598,17,37,406,634,34,43,0,0,0,0,0,0,0,0,34,43,14,32,38,56,0,0,7,21,62,101,34,75,4875,11453,929,..,5803,11453
LGA15560,1210,2831,20,20,0,0,19,23,44,54,0,0,0,0,0,0,0,0,44,54,0,0,0,0,0,0,10,16,10,21,7,15,1291,2943,191,..,1489,2943
LGA15650,5292,13781,448,693,152,214,595,910,43,66,16,29,0,0,0,0,3,5,58,95,16,33,8,7,0,0,10,13,33,60,31,43,6001,14894,805,..,6802,14894
LGA15700,7117,16763,354,601,167,274,524,879,241,406,112,164,28,38,0,0,16,38,393,641,39,64,80,120,0,7,38,76,166,269,60,100,8265,18655,894,..,9156,18655
LGA15750,4114,10484,353,495,31,46,384,544,29,39,0,0,0,0,0,0,0,0,31,38,19,26,9,15,4,7,4,9,33,61,14,42,4574,11167,715,..,5291,11167
LGA15800,2014,4756,43,67,6,0,44,65,49,71,6,0,0,0,0,0,0,0,53,73,0,8,0,0,0,0,13,28,14,38,8,23,2141,4964,326,..,2460,4964
LGA15850,2072,5221,82,109,0,4,85,114,42,59,0,0,0,0,0,0,0,0,42,59,7,20,0,0,0,3,3,12,10,30,12,31,2221,5450,317,..,2534,5450
LGA15900,45617,119197,4532,8070,6194,12926,10724,20990,3501,5461,2299,3739,1921,3226,1386,2254,304,609,9410,15283,8,16,17,17,3,0,220,402,244,442,131,214,66129,156127,5531,..,71658,156127
LGA15950,3593,9986,1173,2818,2948,6959,4121,9775,3596,7124,7159,12945,5923,10337,7826,13778,29,59,24535,44240,0,0,5,6,0,0,68,141,75,143,78,130,32395,64271,5201,..,37603,64271
LGA15990,54040,168808,2097,4335,6201,14234,8299,18570,6758,13272,13756,27541,8541,16559,1906,3642,513,1247,31478,62252,20,53,50,58,6,6,310,693,388,813,177,377,94377,250828,7647,..,102024,250828
LGA16100,1914,4583,80,120,0,3,82,124,10,18,11,18,0,0,0,0,0,0,26,38,8,16,4,5,0,0,0,0,9,19,12,17,2038,4776,470,..,2506,4776
LGA16150,13966,36588,1355,2123,204,338,1556,2459,510,753,34,60,0,0,0,0,17,31,557,836,19,20,0,7,0,0,31,70,54,101,51,120,16183,40100,1476,..,17655,40100
LGA16200,4842,12122,172,300,17,13,191,313,279,391,6,12,0,0,0,0,3,7,292,406,15,15,8,9,0,0,18,34,38,66,41,89,5401,12998,777,..,6178,12998
LGA16260,35872,110289,2649,5917,9602,27381,12253,33295,4255,8234,8947,20162,16110,37672,13955,31672,293,737,43561,98483,5,24,0,0,0,0,185,482,189,508,232,495,92109,243061,10326,..,102443,243061
LGA16350,57474,171639,2743,5760,6187,15135,8934,20899,1745,2696,1524,2588,2311,4094,831,1480,299,716,6712,11574,27,42,93,120,8,22,54,136,179,313,104,235,73398,204659,3973,..,77368,204659
LGA16380,26385,67100,3526,5897,1124,2246,4645,8137,1610,2485,588,958,972,1531,134,231,38,106,3343,5315,58,93,265,377,0,0,52,103,374,576,102,191,34848,81323,3321,..,38174,81323
LGA16400,23362,60447,2155,3647,1756,3656,3911,7301,323,488,222,354,428,736,0,0,59,132,1038,1706,150,208,268,479,9,13,33,62,452,770,96,168,28868,70394,5236,..,34100,70394
LGA16490,17078,48366,1680,3169,1572,3191,3262,6356,1067,1696,554,966,934,1635,77,130,30,68,2661,4499,22,41,0,5,3,0,36,85,61,133,41,72,23100,59422,2191,..,25291,59422
LGA16550,13790,42327,3381,8901,5217,14821,8601,23719,5462,10955,13526,25695,7184,13972,2215,4559,140,324,28527,55502,0,0,0,0,0,0,443,891,443,891,74,140,51433,122587,5939,..,57369,122587
LGA16610,7455,18907,585,927,232,459,819,1390,295,446,9,11,0,0,0,3,17,33,326,489,98,152,60,96,9,18,29,55,197,319,32,63,8825,21162,852,..,9675,21162
LGA16700,20016,61255,2657,6475,4299,10848,6956,17324,1350,2350,6489,11988,7490,15822,6380,12886,148,320,21854,43363,4,3,0,0,0,3,115,237,124,248,93,162,49040,122352,4873,..,53917,122352
LGA16900,21963,62042,1845,3285,2086,4572,3931,7860,998,1646,111,187,98,161,0,0,88,201,1300,2191,271,380,4,5,0,0,41,72,312,456,39,78,27543,72633,1346,..,28891,72633
LGA16950,37225,90356,2622,4327,845,1431,3469,5757,709,1123,32,48,11,20,0,0,115,218,865,1415,119,173,658,999,7,16,67,142,852,1333,252,390,42667,99247,12794,..,55463,99247
LGA17000,7479,20979,400,740,209,373,615,1109,235,349,0,0,0,0,0,0,4,0,231,352,47,61,43,71,3,4,8,26,94,167,16,32,8443,22638,808,..,9255,22638
LGA17040,6995,17356,205,371,174,451,385,825,463,1026,54,137,8,17,0,0,22,51,551,1224,16,21,5,9,9,15,26,75,60,127,61,133,8043,19670,2550,..,10589,19670
LGA17080,5188,12543,356,510,8,14,359,520,51,64,6,5,0,0,0,0,3,5,58,73,3,10,0,6,5,10,20,33,35,54,33,65,5671,13263,807,..,6481,13263
LGA17100,5388,17462,138,339,692,2014,832,2353,1064,2328,2103,5164,4447,11123,1751,4410,8,25,9366,23046,0,0,0,0,0,0,93,264,93,264,67,122,15746,43254,1754,..,17495,43254
LGA17150,50676,155206,2649,5562,8913,21170,11559,26729,3662,6233,8726,16175,6329,11780,1767,3275,177,402,20656,37863,68,96,39,58,0,0,181,375,285,531,115,215,83292,220551,5361,..,88647,220551
LGA17200,2081,5661,3580,7703,14354,33431,17935,41138,2544,4240,8527,14142,29714,52092,35889,67578,77,177,76760,138226,0,0,0,0,0,0,537,1078,541,1079,425,669,97743,186777,18733,..,116478,186777
LGA17310,20808,53391,1811,2841,346,585,2157,3432,357,577,22,33,18,40,0,0,20,34,419,684,62,82,39,56,3,8,17,41,127,180,115,192,23617,57881,2298,..,25914,57881
LGA17350,2203,5295,134,174,5,11,140,187,13,13,0,0,0,0,0,0,0,0,13,13,6,3,0,4,0,0,25,39,32,51,7,14,2393,5560,376,..,2766,5560
LGA17400,2724,5822,24,47,0,0,24,47,66,94,0,0,0,0,0,0,0,0,66,94,10,24,8,10,12,15,14,15,37,57,17,36,2875,6066,713,..,3591,6066
LGA17420,48537,159647,845,1629,4468,12702,5313,14331,783,1524,1132,2546,2706,5795,1024,2237,192,484,5836,12583,3,10,0,0,0,0,15,24,13,39,111,274,59810,186865,3017,..,62824,186865
LGA17550,24836,65810,4289,8024,2823,6004,7107,14029,2023,3296,1584,2791,630,1084,525,912,70,142,4828,8216,131,229,545,777,3,8,39,91,716,1102,107,192,37602,89359,3892,..,41496,89359
LGA17620,4988,12296,355,612,27,39,385,652,43,66,0,0,0,0,0,0,0,0,44,70,15,27,42,51,4,4,4,20,65,103,20,36,5499,13155,850,..,6355,13155
LGA17640,3138,7532,60,76,4,8,60,88,14,13,0,0,0,0,0,0,0,6,13,17,13,13,0,0,0,3,4,22,19,38,17,47,3249,7724,983,..,4226,7724
LGA17650,2179,5350,54,79,0,0,54,79,16,20,0,0,0,0,0,0,0,3,19,25,7,9,7,5,0,0,9,28,30,46,4,8,2285,5513,299,..,2586,5513
LGA17750,21184,56240,954,1506,222,388,1180,1894,2092,3236,113,145,40,54,3,6,25,44,2276,3493,18,28,10,23,0,3,60,154,93,207,42,81,24776,61912,2005,..,26775,61912
LGA17850,1122,2571,0,3,3,3,3,6,39,45,0,0,0,0,0,0,0,0,39,45,0,4,9,11,0,0,0,0,10,17,6,0,1183,2641,321,..,1501,2641
LGA17900,1252,3076,56,81,0,0,56,81,22,32,0,0,0,0,0,0,0,5,22,36,26,44,0,4,202,336,10,27,236,412,87,162,1660,3760,416,..,2079,3760
LGA17950,864,2130,50,64,4,6,44,70,14,20,0,0,0,0,0,0,0,0,14,20,0,4,0,0,0,0,0,4,3,7,15,25,936,2247,180,..,1124,2247
LGA18020,3235,7567,39,55,0,6,38,59,63,81,0,0,0,0,0,0,3,3,69,88,8,11,4,7,4,5,10,21,24,41,33,86,3400,7840,721,..,4115,7840
LGA18050,4405,14041,2163,5882,2810,8265,4969,14145,3615,7369,8234,15680,3452,6322,2256,4231,33,96,17590,33690,0,0,0,0,0,0,443,865,443,865,54,91,27455,62837,3735,..,31190,62837
LGA18100,1405,3118,34,59,5,5,34,61,46,59,0,0,0,3,0,0,0,0,52,58,3,4,0,0,0,0,3,11,8,12,3,7,1500,3258,253,..,1755,3258
LGA18200,2348,6057,100,151,3,8,105,160,30,43,0,0,0,0,0,0,0,5,33,50,37,44,5,10,3,7,3,9,49,67,14,20,2546,6355,484,..,3026,6355
LGA18250,12337,37819,854,2221,1287,3457,2145,5677,1555,3178,3354,7211,3144,6909,4893,10736,58,164,13007,28199,0,0,0,0,0,0,73,146,71,143,32,58,27599,71892,2675,..,30275,71892
LGA18350,18252,46282,942,1447,341,602,1288,2051,386,655,17,39,0,0,0,3,56,118,464,809,21,38,74,89,7,10,45,95,146,232,35,73,20184,49445,2250,..,22436,49445
LGA18400,16388,49784,556,896,67,153,615,1046,99,144,4,9,0,0,0,0,60,160,168,315,0,0,66,73,9,4,35,65,106,147,47,83,17325,51371,894,..,18211,51371
LGA18450,55191,154233,3935,7180,5888,12608,9827,19785,5711,10045,3016,5150,3827,6966,2075,3959,296,696,14928,26816,24,41,224,326,3,4,310,641,565,1011,152,323,80658,202171,5460,..,86119,202171
LGA18500,4894,14843,675,1545,3927,9593,4602,11134,1886,3779,4663,8915,4093,7185,1455,2422,72,163,12170,22457,0,0,0,0,0,0,192,359,192,359,50,100,21907,48886,3655,..,25561,48886
LGA18710,5594,15547,187,302,15,38,201,345,80,100,0,0,0,0,0,0,8,17,86,120,8,10,3,0,0,0,5,10,11,27,38,72,5932,16110,531,..,6460,16110
LGA19399,280,760,5,3,22,46,23,48,0,0,0,0,0,0,0,0,11,14,11,13,7,15,0,5,0,0,0,0,7,24,28,69,353,923,60,..,413,923
LGA19499,0,0,0,0,0,0,0,0,0,0,0,0,0,0,0,0,0,0,0,0,0,0,0,0,0,0,0,0,0,0,0,0,0,0,0,..,0,0
LGA19799,0,0,0,0,0,0,0,0,0,0,0,0,0,0,0,0,0,0,0,0,0,0,0,0,0,0,0,0,0,0,0,0,0,0,0,..,0,0
LGA20110,4870,11228,238,376,15,27,252,406,40,74,0,0,0,0,0,0,4,11,45,87,14,26,7,5,0,0,19,35,31,68,20,52,5222,11843,1434,..,6661,11843
LGA20260,4179,9581,294,410,8,18,300,430,4,31,6,7,0,0,0,0,0,4,12,45,14,26,12,19,0,0,7,17,28,61,12,28,4541,10142,602,..,5141,10142
LGA20570,37980,94623,4802,7964,544,1016,5344,8986,1021,1462,88,129,3,5,0,0,14,29,1121,1616,34,46,46,60,6,3,49,111,126,222,75,152,44654,105593,3584,..,48235,105593
LGA20660,36197,97923,4252,7576,3493,8215,7746,15790,1895,3375,476,790,932,1500,299,464,29,56,3636,6188,0,0,0,0,0,0,37,76,40,73,49,90,47666,120069,3941,..,51602,120069
LGA20740,15225,34440,671,938,293,612,961,1552,214,329,27,30,12,16,0,6,9,5,257,392,43,55,127,173,0,0,16,30,183,257,36,80,16662,36724,10831,..,27496,36724
LGA20830,19615,50524,848,1289,45,69,891,1359,590,877,0,0,0,0,0,0,6,16,595,895,16,25,282,395,0,3,9,23,311,441,34,63,21441,53280,1924,..,23365,53280
LGA20910,23722,67756,4494,8563,4115,9825,8612,18390,2140,3621,1362,2300,1559,2434,240,386,18,37,5317,8778,0,0,0,0,0,0,252,458,253,459,36,82,37936,95455,3871,..,41805,95455
LGA21010,5391,12163,581,816,3,8,583,820,7,6,0,0,0,0,0,0,0,0,6,5,29,32,5,8,0,0,7,28,43,69,15,19,6033,13081,737,..,6770,13081
LGA21110,34771,103222,7738,16545,4763,12163,12501,28713,5346,9470,4894,8197,4271,7128,636,1003,18,40,15162,25842,0,0,0,0,0,0,218,436,218,436,74,138,62715,158345,8147,..,70862,158345
LGA21180,52121,155063,5046,11779,3908,10677,8955,22458,2295,4682,141,221,145,237,91,145,54,128,2731,5412,0,0,29,37,6,6,53,134,87,181,61,141,63949,183245,4288,..,68236,183245
LGA21270,2399,5265,76,160,0,6,80,171,44,52,0,0,0,0,0,0,0,0,44,52,18,30,6,4,0,0,6,19,27,51,5,11,2555,5548,558,..,3118,5548
LGA21370,13593,33184,1205,1759,21,31,1224,1793,38,60,0,0,0,0,0,0,4,3,37,69,37,62,135,212,3,4,16,45,200,322,31,57,15079,35421,1726,..,16804,35421
LGA21450,36059,105478,2213,3898,821,1855,3028,5750,301,480,20,29,0,6,3,7,17,37,340,558,5,6,120,141,3,3,12,18,140,172,37,89,39607,112040,2122,..,41728,112040
LGA21610,102149,322162,7109,16404,2890,7732,9995,24135,902,1690,50,87,0,0,0,0,51,108,1007,1888,11,22,89,114,0,3,22,40,122,174,91,229,113365,348590,4629,..,117991,348590
LGA21670,5207,11475,369,506,17,29,386,538,60,72,0,0,0,0,0,0,0,0,62,81,55,67,0,0,0,5,45,90,97,160,21,34,5774,12277,790,..,6563,12277
LGA21750,8063,19238,590,802,46,86,637,888,30,44,0,4,0,0,0,0,5,11,36,62,24,32,33,44,12,19,20,48,81,143,24,40,8848,20372,2808,..,11657,20372
LGA21830,6053,14209,226,323,9,22,239,344,12,20,0,0,0,0,0,0,0,0,12,20,9,14,0,0,5,9,16,23,23,50,15,26,6343,14649,1077,..,7424,14649
LGA21890,33636,90629,8518,16973,7663,17020,16180,33991,4488,6930,1456,2322,2863,4683,440,652,34,82,9283,14669,0,0,4,5,0,0,344,698,341,698,44,76,59488,140068,6442,..,65929,140068
LGA22110,17897,40880,1220,1787,123,238,1340,2021,155,232,9,12,0,0,0,0,0,8,168,247,100,134,168,259,4,10,24,56,297,461,68,131,19771,43748,4564,..,24334,43748
LGA22170,42288,112332,6872,11283,2219,4552,9090,15832,914,1335,180,282,116,177,24,31,50,95,1284,1918,26,36,253,310,0,0,32,97,307,441,50,83,53019,130605,3280,..,56304,130605
LGA22250,4083,9251,197,261,0,6,196,262,7,12,0,0,0,0,0,0,0,0,7,12,42,59,3,8,0,0,9,17,55,81,19,31,4359,9644,613,..,4977,9644
LGA22310,27526,79790,8187,17602,5591,15015,13778,32619,9716,17290,2902,5088,3360,5802,385,609,38,87,16397,28877,0,0,0,0,0,0,208,414,208,416,56,116,57971,141814,6369,..,64338,141814
LGA22410,7578,17308,392,573,42,59,435,631,83,117,6,7,0,0,0,0,0,12,87,139,32,46,17,36,0,3,20,32,74,118,16,35,8190,18225,1373,..,9565,18225
LGA22490,8169,23330,89,175,0,5,95,180,5,6,0,0,0,0,0,0,5,10,7,17,3,10,5,0,5,5,3,8,14,26,4,13,8287,23561,729,..,9019,23561
LGA22620,42612,105983,2835,4408,455,861,3291,5266,405,637,17,44,0,0,0,0,15,19,436,700,70,94,44,69,12,24,41,87,162,277,95,206,46599,112436,3997,..,50599,112436
LGA22670,36911,114661,5758,12963,3408,9752,9162,22719,4412,9214,450,857,433,799,0,0,35,87,5323,10949,87,111,92,106,0,0,33,75,215,292,61,132,51670,148754,3802,..,55471,148754
LGA22750,89397,227414,8789,14036,2071,4183,10866,18224,1928,2999,170,262,302,450,134,229,22,37,2558,3985,77,104,338,449,7,12,136,311,556,884,132,255,103508,250762,12334,..,115839,250762
LGA22830,21909,57582,2143,3531,102,199,2241,3730,48,62,13,16,4,3,0,0,4,7,66,89,209,274,83,122,6,23,230,334,528,756,44,103,24795,62266,2104,..,26895,62266
LGA22910,6470,14297,140,220,37,63,177,280,96,115,0,0,0,0,0,0,3,12,100,128,33,45,7,13,9,12,27,55,80,126,20,40,6846,14872,2008,..,8849,14872
LGA22980,2241,5032,68,97,7,7,74,101,30,32,0,0,0,0,0,0,0,0,30,32,3,6,5,5,0,0,10,10,14,29,7,13,2367,5203,587,..,2956,5203
LGA23110,23967,63494,3558,6932,4687,11766,8236,18699,1508,2525,273,433,401,625,150,230,15,31,2350,3843,0,0,0,0,0,3,68,134,69,137,43,85,34663,86254,3132,..,37798,86254
LGA23190,7469,17892,343,463,6,11,351,479,371,494,0,0,0,0,0,0,0,0,371,494,12,13,4,11,0,0,3,11,21,32,8,13,8216,18915,910,..,9126,18915
LGA23270,66487,210616,3954,8895,2873,7382,6828,16278,2070,4354,0,4,128,286,0,0,45,81,2242,4723,46,48,63,68,0,6,8,22,123,147,67,170,75740,231940,4513,..,80257,231940
LGA23350,6253,15191,238,343,3,4,236,344,34,49,0,0,0,0,0,3,4,6,37,53,29,45,9,9,0,0,28,74,68,132,22,56,6615,15778,690,..,7309,15778
LGA23430,35855,101411,9412,18160,6165,15057,15576,33216,6531,11533,967,1613,1287,2069,347,577,19,41,9155,15831,23,24,145,181,0,0,139,223,306,421,48,85,60940,150965,4731,..,65671,150965
LGA23670,47854,134038,5021,9207,2931,6847,7959,16053,671,1107,385,598,243,388,170,261,56,131,1531,2492,0,0,0,0,0,0,47,92,47,92,37,71,57422,152738,2973,..,60403,152738
LGA23810,26943,65281,1649,2234,150,290,1802,2524,1696,2350,0,0,0,0,0,0,4,12,1703,2353,36,46,64,105,14,24,8,23,124,196,34,64,30610,70433,2961,..,33562,70433
LGA23940,2907,6542,71,116,0,0,70,118,4,3,0,0,0,0,0,0,0,0,4,3,25,50,9,15,0,4,14,33,56,106,12,16,3049,6784,872,..,3929,6784
LGA24130,16880,45966,945,1550,60,121,1000,1670,35,70,13,30,0,0,0,0,9,25,56,124,11,19,54,137,3,7,34,56,102,220,17,45,18060,48020,1648,..,19699,48020
LGA24210,32131,91832,2890,5824,4543,12440,7437,18270,1420,2823,685,1230,1518,2780,1317,2434,19,53,4958,9326,5,3,0,0,0,0,8,23,11,32,35,95,44574,119556,4165,..,48744,119556
LGA24250,3649,8378,124,201,5,6,127,205,13,27,0,0,0,0,0,0,0,6,13,34,8,10,19,29,3,5,0,0,30,51,9,31,3830,8695,2300,..,6131,8695
LGA24330,16731,45673,2558,5029,5563,13935,8118,18961,2898,5100,1787,3062,2360,3872,1525,2469,38,93,8613,14593,0,3,8,15,0,0,184,399,197,410,42,70,33695,79712,4955,..,38656,79712
LGA24410,37499,99067,2508,4674,1225,2755,3734,7428,420,790,618,997,575,958,74,117,28,62,1711,2925,0,0,0,0,0,0,20,48,23,44,40,83,43006,109547,2705,..,45711,109547
LGA24600,1576,4057,2346,5055,5745,13910,8095,18966,1876,3401,4357,7500,9622,16521,44854,78446,9,14,60718,105877,0,0,8,9,0,0,131,261,131,263,238,406,70760,129569,26071,..,96839,129569
LGA24650,49974,157640,3011,6182,1342,3565,4353,9747,175,348,74,125,137,255,0,0,23,52,409,782,47,57,54,59,0,3,16,53,122,175,56,154,54907,168498,2803,..,57704,168498
LGA24780,18178,46724,1586,2577,72,136,1662,2714,1085,1656,19,23,0,0,0,0,4,4,1106,1683,101,152,145,291,8,19,22,41,281,510,57,108,21283,51737,2125,..,23408,51737
LGA24850,15944,43867,971,1561,120,244,1094,1805,26,40,0,0,0,0,0,0,10,25,36,69,26,46,0,4,0,0,11,26,43,78,23,53,17140,45870,1390,..,18530,45870
LGA24900,10801,25838,856,1246,36,67,890,1316,20,39,0,0,0,0,0,0,3,6,30,48,75,116,90,139,0,5,13,29,176,291,17,48,11917,27530,2115,..,14030,27530
LGA24970,46139,131106,5272,11980,5291,14947,10558,26924,6093,13611,1053,1863,2054,3428,951,1743,41,66,10187,20716,0,0,0,0,0,0,28,70,30,68,56,99,66979,178915,6914,..,73895,178915
LGA25060,26470,73499,4240,8813,5923,14330,10166,23138,3538,6204,2707,4282,3649,5818,1079,2085,20,31,10994,18410,0,0,0,0,0,0,145,299,145,299,35,68,47814,115416,5358,..,53173,115416
LGA25150,12518,33717,702,1112,124,251,829,1370,47,50,0,0,21,26,0,0,15,30,85,108,17,37,21,41,4,8,15,27,58,110,14,26,13500,35332,1307,..,14807,35332
LGA25250,36218,99137,7530,14967,11188,26332,18715,41300,4619,7807,1717,2863,5069,8032,1131,1756,40,112,12575,20560,0,4,0,0,0,0,297,672,295,670,74,162,67871,161832,7597,..,75471,161832
LGA25340,55205,138457,5290,8454,1766,3662,7055,12115,1661,2654,129,205,40,67,0,3,51,89,1886,3019,41,49,372,524,6,13,33,58,450,639,52,99,64650,154331,24525,..,89181,154331
LGA25430,8075,17708,239,315,14,31,257,343,10,15,0,0,0,0,0,0,3,8,13,19,13,16,0,0,0,3,20,49,33,71,10,20,8396,18162,1194,..,9589,18162
LGA25490,6221,15587,146,238,32,50,176,289,8,17,0,0,0,0,0,0,0,0,10,14,4,8,3,9,3,9,10,11,26,34,9,17,6439,15943,1625,..,8065,15943
LGA25620,5738,13169,107,147,0,6,106,156,3,9,0,0,0,0,0,0,0,8,6,13,37,57,78,108,3,12,15,15,133,186,19,33,6006,13559,1679,..,7684,13559
LGA25710,19557,57580,306,530,428,951,726,1479,528,954,40,51,32,44,0,0,13,22,609,1075,0,6,3,0,0,0,3,10,9,18,9,28,20912,60179,999,..,21915,60179
LGA25810,4569,10186,148,204,0,4,145,207,141,194,0,0,0,0,0,0,0,0,139,196,24,34,0,4,0,0,10,27,41,64,8,20,4903,10673,871,..,5778,10673
LGA25900,4239,11599,5999,13894,5407,13130,11406,27020,6525,10812,11198,17732,6072,9767,8598,14414,43,94,32443,52818,0,0,0,0,0,6,561,912,564,920,81,131,48731,92482,11066,..,59798,92482
LGA25990,2908,6499,28,37,3,7,27,45,3,3,0,0,0,0,0,0,0,0,3,3,13,20,10,22,0,4,4,11,29,53,10,7,2976,6609,692,..,3671,6609
LGA26080,1300,2711,75,102,23,40,92,144,26,39,0,0,0,0,0,0,0,4,32,38,0,0,7,12,0,0,5,11,10,25,4,4,1441,2924,1243,..,2682,2924
LGA26170,11464,27111,306,421,26,56,331,474,109,129,0,0,0,0,0,0,5,4,111,137,25,24,28,34,3,8,32,59,78,126,18,24,12001,27871,4148,..,16154,27871
LGA26260,6400,14602,297,417,7,11,304,430,90,108,0,0,0,0,0,0,4,6,96,115,14,21,9,21,0,0,10,27,38,66,11,18,6844,15234,1021,..,7872,15234
LGA26350,12804,36207,4721,9883,4240,9697,8964,19578,5667,9836,8450,13342,5918,9170,5018,7780,10,23,25059,40160,0,0,0,0,4,4,346,558,344,561,58,123,47229,96623,9851,..,57080,96623
LGA26430,4481,9851,177,252,0,7,179,254,12,16,0,0,0,0,0,0,0,0,13,16,17,24,39,49,0,11,6,19,66,101,5,6,4734,10228,978,..,5714,10228
LGA26490,12363,32666,369,614,387,822,754,1435,43,61,31,52,7,16,0,0,0,4,83,129,11,25,16,49,0,0,9,16,39,86,27,49,13270,34368,6255,..,19527,34368
LGA26610,6734,17516,387,617,18,40,403,652,390,640,7,10,0,0,0,3,4,3,399,653,54,109,58,100,6,11,23,57,140,276,43,101,7718,19195,1006,..,8721,19195
LGA26670,2333,5284,34,50,0,0,34,50,13,17,0,0,0,0,0,0,0,0,13,17,3,12,3,7,0,7,8,14,21,38,0,7,2406,5395,481,..,2891,5395
LGA26700,10637,25718,1075,1499,60,92,1128,1592,3,8,0,0,0,0,0,0,5,3,10,6,28,38,16,23,0,4,17,33,57,99,14,29,11847,27444,1100,..,12952,27444
LGA26730,11658,28983,1248,1905,339,633,1589,2545,564,801,54,73,0,0,0,0,0,4,622,874,5,12,73,111,0,0,24,65,107,194,19,47,13993,32638,1230,..,15223,32638
LGA26810,16090,38336,519,818,95,132,617,950,624,822,25,49,0,0,0,6,7,20,661,895,57,78,52,82,5,13,31,60,142,226,34,71,17538,40484,4612,..,22151,40484
LGA26890,1584,3501,27,28,0,6,27,36,21,21,0,0,0,0,0,0,0,0,21,21,6,3,0,3,0,0,3,5,6,14,5,10,1643,3580,443,..,2085,3580
LGA26980,40779,114409,9919,19793,5298,13777,15216,33575,1915,3641,1436,2494,2107,3499,1513,2779,48,119,7018,12526,0,0,0,0,0,0,31,66,29,69,48,100,63094,160678,6413,..,69511,160678
LGA27070,65609,196320,4367,9911,3768,9178,8132,19088,1186,2536,421,658,518,812,0,0,27,66,2156,4065,0,5,0,3,0,0,14,51,20,57,48,86,75971,219623,4140,..,80108,219623
LGA27170,14559,37181,1360,1985,86,165,1445,2154,276,398,0,0,0,0,0,0,3,8,280,401,41,52,3,8,0,0,11,29,61,96,26,55,16372,39877,1091,..,17465,39877
LGA27260,79221,252007,5804,14553,2613,6609,8421,21162,1521,2856,23,41,479,765,0,0,24,46,2045,3710,32,55,44,53,0,0,8,28,87,134,53,132,89823,277149,6120,..,95935,277149
LGA27350,5086,13191,8673,19526,6554,15608,15229,35133,3091,5054,4525,7332,6814,11080,5470,9992,31,60,19928,33517,0,0,0,0,0,0,345,727,353,732,48,91,40646,82652,7151,..,47806,82652
LGA27450,52325,142237,2067,3263,849,1652,2919,4914,245,380,11,15,0,0,0,0,54,99,313,494,66,82,114,154,0,6,28,68,216,311,71,147,55842,148107,3632,..,59475,148107
LGA27630,2632,5727,56,65,0,0,56,65,14,20,0,0,0,0,0,0,4,3,15,21,16,18,0,0,0,4,25,37,36,63,0,6,2740,5881,655,..,3389,5881
LGA29399,80,224,4,10,0,3,3,9,25,57,15,50,15,38,9,18,0,0,64,170,0,0,0,0,0,0,0,0,0,0,8,31,156,434,319,..,475,434
LGA29499,0,0,0,0,0,0,0,0,0,0,0,0,0,0,0,0,0,0,0,0,0,0,0,0,0,0,0,0,0,0,0,0,0,0,0,..,0,0
LGA29799,0,0,0,0,0,0,0,0,0,0,0,0,0,0,0,0,0,0,0,0,0,0,0,0,0,0,0,0,0,0,0,0,0,0,0,..,0,0
LGA30250,215,986,8,12,0,0,8,12,5,14,0,0,0,0,0,0,0,0,5,14,0,0,0,0,0,0,0,0,0,0,0,0,236,1018,85,..,314,1018
LGA30300,1386,3421,129,277,6,5,136,280,20,34,0,0,0,0,0,0,0,0,20,34,19,37,8,13,6,6,0,0,33,60,11,26,1588,3824,362,..,1956,3824
LGA30370,4648,11764,99,152,13,39,114,190,152,244,0,0,0,0,0,0,11,33,161,270,40,65,11,11,0,0,3,10,53,81,16,42,4995,12348,1126,..,6123,12348
LGA30410,995,2318,3,3,0,0,3,3,27,30,0,0,0,0,0,0,0,0,27,30,13,20,4,19,0,0,0,5,16,38,20,36,1058,2430,360,..,1417,2430
LGA30450,100,227,0,0,0,0,0,0,3,4,0,0,0,0,0,0,0,0,3,4,9,12,0,0,0,0,0,0,7,13,4,9,115,251,51,..,160,251
LGA30760,736,1647,0,0,0,0,0,0,3,4,0,0,0,0,0,0,0,4,3,7,14,24,0,0,0,0,0,0,14,24,3,3,759,1685,231,..,987,1685
LGA30900,115,299,5,18,0,0,8,15,3,6,0,0,0,0,0,0,0,0,7,7,8,20,0,0,5,8,0,0,7,29,7,5,144,360,59,..,202,360
LGA31000,291311,842224,8595,14494,43974,98686,52572,113185,26973,45368,32748,57432,28540,51582,29728,52337,907,1745,118894,208462,362,465,759,1046,23,69,202,434,1345,2017,998,1817,465124,1167705,36586,..,501707,1167705
LGA31750,87,218,0,0,0,0,0,0,7,8,0,0,0,0,0,0,0,0,7,8,0,0,4,7,5,3,3,6,8,20,9,35,119,276,35,..,146,276
LGA31820,32687,81867,2171,3333,481,838,2652,4169,2111,3252,40,77,140,242,0,0,4,9,2305,3579,562,876,107,187,24,34,33,60,717,1160,108,193,38462,90960,4183,..,42650,90960
LGA31900,5655,13614,466,726,81,127,549,855,38,63,0,4,0,0,0,0,0,0,36,65,78,112,9,12,0,0,16,32,102,161,48,93,6396,14785,1074,..,7471,14785
LGA31950,73,179,0,3,0,0,0,3,5,5,0,4,0,0,0,0,0,3,6,7,32,61,4,9,0,0,0,5,36,76,7,26,121,294,64,..,190,294
LGA32080,43972,119759,3082,5304,2922,5205,6004,10510,4973,8676,3218,5792,867,1594,414,769,20,50,9489,16883,175,293,178,295,30,46,90,185,470,820,386,658,60318,148631,6426,..,66737,148631
LGA32250,516,1470,11,23,0,0,11,23,55,86,0,0,0,0,0,0,0,0,56,84,59,111,8,13,0,7,0,10,70,137,16,26,672,1753,223,..,891,1753
LGA32260,9455,23300,520,939,211,414,732,1358,448,805,27,63,21,34,0,0,9,17,503,920,125,236,37,59,8,22,35,87,212,401,66,134,10962,26113,1989,..,12952,26113
LGA32270,7960,21691,355,645,222,401,578,1042,492,777,4,6,0,0,0,0,0,0,498,784,76,118,27,32,29,42,11,27,136,225,117,246,9284,23985,2893,..,12176,23985
LGA32310,3591,8621,290,534,65,110,355,648,13,17,0,0,0,0,0,0,0,0,13,23,60,106,18,22,3,12,14,27,90,170,27,79,4081,9535,801,..,4886,9535
LGA32330,271,1038,8,20,3,3,8,23,26,47,0,0,0,0,0,0,0,0,26,47,0,0,0,0,0,0,0,0,0,0,0,0,307,1117,12,..,319,1117
LGA32450,848,2291,19,17,4,3,24,30,107,174,0,0,0,0,0,0,0,0,107,174,47,96,8,10,6,10,3,6,65,121,17,36,1057,2651,299,..,1352,2651
LGA32500,1253,3150,72,123,21,28,89,158,3,10,0,0,0,0,0,0,5,9,7,15,56,108,20,30,42,80,9,32,131,254,26,53,1498,3626,345,..,1846,3626
LGA32600,72,186,0,5,0,0,0,5,0,0,0,0,0,0,0,0,0,0,0,0,3,9,0,0,0,0,0,0,7,12,3,11,80,217,43,..,124,217
LGA32750,77,150,3,5,0,0,3,5,3,8,0,0,0,0,0,0,0,0,3,8,5,9,0,0,0,0,0,0,5,9,0,5,82,172,59,..,146,172
LGA32770,254,1236,5,6,4,8,3,12,22,62,0,0,0,0,0,0,0,0,22,62,0,0,0,0,0,0,0,0,0,0,3,5,285,1323,56,..,340,1323
LGA32810,3330,8217,282,524,263,540,552,1060,481,877,10,12,4,0,0,0,0,0,493,891,58,114,17,27,21,29,23,45,118,214,66,125,4560,10510,1005,..,5568,10510
LGA33100,177,424,0,0,0,0,0,0,0,5,0,0,0,0,0,0,0,0,3,10,44,68,4,12,4,0,0,5,50,95,26,71,260,591,22,..,281,591
LGA33200,420,947,81,193,0,0,81,193,3,3,0,0,0,0,0,0,0,0,3,3,3,12,0,0,0,0,0,0,3,12,36,94,545,1249,199,..,742,1249
LGA33220,38157,92348,2273,3455,1348,2245,3620,5699,693,1044,147,232,296,513,3,13,28,62,1175,1869,435,688,230,344,43,115,42,78,753,1226,222,430,43927,101574,4976,..,48896,101574
LGA33360,19810,52263,649,1248,746,1313,1397,2563,1134,1826,198,283,214,341,89,132,4,12,1639,2592,215,352,50,94,9,20,7,21,273,490,66,118,23181,58027,4081,..,27264,58027
LGA33430,129925,383064,16241,32172,30944,71010,47182,103179,8813,15652,14563,25872,10017,18337,16038,29157,281,644,49719,89662,797,1131,421,646,15,34,127,273,1358,2080,725,1354,228913,579337,26794,..,255704,579337
LGA33610,3389,8485,204,319,29,56,233,373,66,114,0,0,0,0,0,0,0,0,66,114,31,58,3,8,0,0,3,10,32,75,31,53,3757,9107,576,..,4335,9107
LGA33620,18660,46054,633,996,302,471,931,1470,372,539,15,11,0,0,0,0,8,12,393,566,141,222,83,125,102,210,23,49,349,604,122,199,20461,48892,2498,..,22956,48892
LGA33800,4009,9164,152,199,47,58,200,260,125,174,8,13,0,0,0,0,0,0,134,192,28,47,3,12,12,38,10,18,53,112,31,73,4426,9801,936,..,5363,9801
LGA33830,264,846,6,13,0,0,6,13,7,14,0,0,0,0,0,0,0,0,7,14,0,0,0,0,0,0,0,0,3,3,0,0,281,888,39,..,325,888
LGA33960,69218,198016,4128,7268,3023,6616,7145,13883,1017,1506,133,199,92,129,45,61,61,118,1346,2010,135,200,63,93,0,10,39,86,240,392,109,204,78058,214501,5334,..,83392,214501
LGA33980,5429,14762,277,484,384,713,664,1190,84,120,11,20,0,0,0,0,0,0,100,140,57,112,4,8,3,5,8,15,69,139,41,76,6298,16307,3001,..,9302,16307
LGA34420,190,758,42,143,9,30,51,179,0,0,0,7,0,0,0,0,0,0,0,7,0,0,0,0,0,0,0,0,0,0,8,14,247,954,15,..,267,954
LGA34530,12186,31855,487,722,136,237,625,958,563,890,87,151,104,184,8,14,8,8,760,1249,98,157,34,52,18,36,10,19,155,263,47,108,13783,34433,2204,..,15985,34433
LGA34570,146,512,0,3,4,25,9,27,0,0,0,0,0,0,0,0,0,0,0,0,0,0,0,0,0,0,0,0,0,0,3,12,155,553,36,..,189,553
LGA34580,13278,35912,435,833,117,324,550,1155,132,295,0,0,0,0,0,0,7,24,142,321,28,48,13,48,7,24,42,107,94,229,74,112,14142,37725,1199,..,15340,37725
LGA34590,95721,287523,5045,9681,8252,17930,13294,27609,2248,4010,391,574,132,244,76,127,227,491,3075,5442,128,178,227,283,23,53,13,17,381,536,177,350,112653,321463,6288,..,118942,321463
LGA34710,1184,2771,48,62,15,29,62,93,34,42,0,0,0,0,0,0,0,0,34,42,25,58,3,14,0,0,5,7,38,76,29,56,1342,3048,308,..,1648,3048
LGA34770,36410,96855,3025,5186,1298,2265,4320,7448,1192,1969,38,62,116,219,188,346,13,30,1552,2626,210,409,239,334,26,46,17,46,494,833,196,342,42964,108109,5173,..,48143,108109
LGA34800,190,448,4,6,0,0,4,6,0,0,0,0,0,0,0,0,0,0,0,0,0,3,0,0,0,0,0,0,0,3,50,148,238,603,85,..,327,603
LGA34830,90,365,0,0,0,0,0,0,0,0,0,0,0,0,0,0,0,0,0,0,0,0,0,0,3,6,0,0,3,6,6,3,94,371,11,..,107,371
LGA34860,4246,10402,202,342,35,67,238,408,26,41,0,0,0,0,0,0,0,0,26,41,35,66,9,4,3,13,6,16,47,104,27,50,4581,11003,1082,..,5667,11003
LGA34880,7071,17950,79,157,16,29,98,186,370,657,0,3,0,0,0,4,10,9,380,673,125,218,10,15,45,58,54,118,232,412,55,124,7836,19340,920,..,8759,19340
LGA35010,138771,389992,10140,17402,12636,26754,22779,44155,3715,5649,1290,1951,1670,2692,890,1627,406,824,7974,12741,529,731,665,931,11,28,60,142,1267,1828,230,472,171018,449182,10222,..,181241,449182
LGA35250,86,337,120,461,9,21,135,486,6,13,0,0,0,0,0,0,0,0,6,13,0,0,0,0,0,0,0,3,0,3,10,15,234,853,80,..,325,853
LGA35300,4832,14097,881,1552,127,208,1004,1760,250,436,12,20,0,0,0,0,4,0,265,463,96,175,20,36,141,144,14,34,270,390,45,85,6416,16800,1426,..,7844,16800
LGA35600,1409,3171,29,43,5,9,29,52,51,68,0,0,0,0,0,0,0,0,51,68,15,28,4,5,5,4,0,6,17,46,22,48,1528,3383,360,..,1889,3383
LGA35670,155,626,9,18,0,0,8,17,27,61,0,0,0,0,0,0,0,19,32,82,0,0,0,0,0,0,0,0,0,0,3,10,199,736,32,..,231,736
LGA35740,17361,44036,949,1426,1660,3088,2615,4518,1066,1745,420,774,168,347,0,0,43,82,1696,2949,45,77,14,25,14,27,3,12,72,140,97,191,21847,51829,4810,..,26658,51829
LGA35760,3656,8357,56,88,6,16,63,108,61,108,0,0,0,0,0,0,0,0,64,108,57,91,19,37,9,15,6,21,95,158,25,56,3903,8793,908,..,4813,8793
LGA35780,530,2132,63,190,8,39,78,227,18,34,0,0,0,0,0,0,0,0,18,34,8,20,11,22,12,16,3,3,37,66,22,43,678,2501,110,..,793,2501
LGA35790,427,1780,3,7,3,9,3,16,40,71,0,0,0,0,0,0,0,0,40,71,0,0,0,0,8,15,3,0,17,22,3,7,491,1899,25,..,514,1899
LGA35800,628,1438,28,29,0,0,28,29,0,4,0,0,0,0,0,0,0,0,0,4,17,41,6,10,0,0,9,12,30,61,5,24,694,1560,270,..,967,1560
LGA36070,131,466,14,27,0,0,14,27,3,17,0,0,0,0,0,0,0,0,3,17,0,0,0,0,0,0,0,0,0,0,3,19,153,529,58,..,212,529
LGA36150,249,561,0,0,0,0,0,0,15,16,0,0,0,0,0,0,0,0,15,16,3,11,0,0,0,3,0,6,6,18,13,27,279,617,115,..,399,617
LGA36250,49276,135126,3452,5404,3231,6285,6680,11688,1522,2420,347,583,619,1073,0,0,75,174,2559,4248,125,185,27,43,0,11,9,19,170,256,73,137,58756,151462,4444,..,63200,151462
LGA36300,209,519,0,0,0,0,0,0,0,0,0,0,0,0,0,0,0,0,0,0,0,0,0,0,0,0,0,0,0,0,29,85,243,604,88,..,331,604
LGA36370,26363,67616,1446,2445,545,874,1987,3316,1184,1900,20,37,22,31,101,177,27,50,1348,2195,75,138,38,59,7,14,17,33,135,237,72,149,29911,73524,3579,..,33494,73524
LGA36510,14212,37303,699,1106,238,433,938,1546,28,54,9,13,0,0,0,3,11,15,51,94,91,155,40,71,28,56,26,62,187,339,45,98,15430,39375,1916,..,17342,39375
LGA36580,8778,22688,145,284,6,21,154,303,15,38,0,0,0,0,0,0,3,7,19,41,41,62,53,82,7,8,4,9,99,162,19,35,9066,23234,1225,..,10294,23234
LGA36630,11722,27863,254,380,14,17,267,396,513,769,0,0,0,0,0,3,3,4,517,771,102,160,6,12,17,42,14,37,144,252,48,98,12685,29379,2010,..,14700,29379
LGA36660,12807,30857,836,1194,56,117,889,1312,158,222,0,0,0,0,0,0,0,7,158,231,46,82,26,53,12,30,22,55,110,216,67,133,14031,32746,2199,..,16234,32746
LGA36720,93500,255228,8855,14956,7784,15850,16635,30808,5539,9574,2965,5262,5546,10195,1954,3463,361,705,16371,29192,583,941,376,638,39,74,54,120,1055,1770,362,720,127927,317723,13126,..,141059,317723
LGA36820,9073,21856,297,446,44,66,339,511,301,434,0,0,0,0,0,0,0,0,301,439,117,227,49,69,15,22,15,32,194,347,82,166,9986,23316,1503,..,11495,23316
LGA36910,53465,139944,6684,11104,1733,3181,8420,14290,2226,3801,63,83,44,62,31,53,21,31,2388,4030,111,168,66,108,37,87,36,78,253,443,131,282,64650,158987,5848,..,70496,158987
LGA36950,565,1987,149,428,104,272,250,703,71,203,12,22,0,0,0,0,0,0,83,230,7,8,5,10,8,14,11,19,29,46,18,37,950,3002,188,..,1131,3002
LGA36960,955,3564,25,55,9,13,32,72,5,9,0,0,0,0,0,0,0,0,5,9,0,4,0,0,0,7,9,10,5,23,16,36,1013,3695,227,..,1245,3695
LGA37010,56674,151418,4565,7222,3085,5257,7654,12477,1804,2805,1433,2303,1058,1884,592,1027,21,42,4905,8062,237,402,164,285,34,38,29,66,467,796,193,326,69892,173077,8004,..,77897,173077
LGA37300,779,2512,170,379,211,453,383,831,23,55,0,0,0,0,0,0,0,0,23,55,18,34,0,0,15,31,0,0,36,64,11,23,1233,3485,269,..,1505,3485
LGA37310,10732,27639,797,1289,92,168,887,1458,97,170,0,0,3,3,0,0,4,12,101,182,67,107,15,23,23,36,23,45,125,212,55,105,11901,29599,2595,..,14498,29599
LGA37340,9806,25257,581,966,547,1061,1122,2028,839,1486,262,484,60,113,0,0,4,9,1167,2087,181,349,105,226,22,48,21,53,336,678,183,352,12614,30403,2438,..,15053,30403
LGA37400,374,795,3,6,0,0,3,6,9,14,0,0,0,0,0,0,0,0,9,14,12,32,0,0,0,0,0,0,20,31,26,59,438,900,124,..,565,900
LGA37550,213,786,10,24,0,0,10,24,44,118,0,0,0,0,0,0,0,0,44,118,0,0,0,0,0,0,0,5,0,5,0,0,273,931,16,..,290,931
LGA37570,63,240,12,17,0,4,10,24,0,4,0,0,0,0,0,0,0,0,0,4,0,0,0,0,0,0,0,0,0,0,0,0,79,270,9,..,86,270
LGA37600,345,1951,27,82,0,0,27,82,52,204,0,0,4,14,0,0,0,0,56,219,0,0,0,0,52,150,0,0,55,149,0,0,486,2403,14,..,502,2403
LGA39499,0,0,0,0,0,0,0,0,0,0,0,0,0,0,0,0,0,0,0,0,0,0,0,0,0,0,0,0,0,0,0,0,0,0,0,..,0,0
LGA39799,0,0,0,0,0,0,0,0,0,0,0,0,0,0,0,0,0,0,0,0,0,0,3,0,0,0,0,0,3,0,0,0,3,0,0,..,3,0
LGA40070,968,2181,1078,1946,2557,5038,3631,6978,565,897,959,1538,2026,3395,2771,4692,5,3,6322,10527,0,0,0,0,0,0,66,120,66,125,120,207,11116,20025,2566,..,13678,20025
LGA40120,13939,37111,304,462,60,145,364,609,112,164,20,20,44,63,0,0,10,23,178,275,14,23,3,0,0,0,5,11,24,40,30,51,14537,38086,1202,..,15736,38086
LGA40150,3326,8979,12,23,0,0,12,23,8,12,0,0,0,0,0,0,4,9,11,19,24,78,0,0,0,5,0,0,27,87,10,27,3391,9130,405,..,3792,9130
LGA40220,10918,25046,464,668,66,134,535,799,127,166,0,3,0,0,0,0,0,0,125,172,52,72,42,59,0,0,13,29,112,158,39,73,11724,26250,4348,..,16073,26250
LGA40250,469,2162,42,67,0,0,42,67,0,0,0,0,0,0,0,0,0,0,0,0,0,0,0,0,0,8,0,3,4,12,0,6,514,2246,161,..,674,2246
LGA40310,9077,22438,482,720,16,30,491,749,84,104,0,0,0,0,0,4,0,0,84,106,35,55,21,24,0,0,7,14,60,96,20,53,9739,23436,874,..,10612,23436
LGA40430,1045,2191,44,74,0,0,44,74,9,15,0,0,0,0,0,0,0,0,9,15,6,13,5,3,0,7,0,0,11,19,4,10,1118,2308,704,..,1821,2308
LGA40520,3682,8739,477,752,14,20,490,773,80,116,0,0,0,0,0,0,0,6,83,124,14,27,21,35,0,4,0,3,41,60,3,9,4301,9704,623,..,4918,9704
LGA40700,11840,32861,2701,5178,1196,2613,3900,7790,1426,2476,220,286,121,190,134,216,9,18,1911,3193,0,0,0,0,0,0,15,36,15,36,37,76,17704,43961,1554,..,19254,43961
LGA40910,15664,41120,2786,5873,854,2078,3638,7953,1975,3467,3,7,0,0,0,0,9,23,1987,3499,0,0,0,0,0,0,3,13,3,13,37,73,21332,52658,1402,..,22732,52658
LGA41010,1226,3034,39,53,3,3,42,54,23,26,0,0,0,0,0,0,0,0,24,26,20,33,9,15,0,0,0,3,31,45,6,9,1328,3168,371,..,1696,3168
LGA41060,32241,83167,7143,13599,4468,9882,11614,23484,3386,5475,526,842,965,1613,218,379,75,148,5166,8451,22,49,3,3,0,3,67,168,102,227,114,231,49233,115554,3908,..,53138,115554
LGA41140,3497,8041,167,248,6,8,168,252,0,0,0,0,0,0,0,0,0,0,0,0,9,19,0,3,0,3,8,19,23,46,14,26,3709,8369,644,..,4361,8369
LGA41190,649,1479,17,46,0,0,17,46,0,0,0,0,0,0,0,0,0,0,0,0,3,4,3,7,0,0,4,6,4,12,0,0,675,1537,211,..,881,1537
LGA41330,592,1098,13,19,0,0,13,19,37,68,0,0,0,0,0,0,0,0,41,73,22,37,0,0,0,0,3,10,22,44,4,14,674,1240,466,..,1137,1240
LGA41560,5779,12797,362,512,33,59,393,574,24,27,0,0,0,0,0,0,0,0,24,27,18,27,25,38,4,9,7,13,52,87,15,36,6267,13521,2458,..,8724,13521
LGA41750,366,836,0,0,0,0,0,0,0,0,0,0,0,0,0,0,0,0,0,0,5,8,0,7,0,0,4,14,6,29,0,3,380,869,347,..,722,869
LGA41830,618,1318,25,37,0,6,26,42,13,13,0,0,0,0,0,0,0,0,13,13,0,9,0,0,4,3,4,4,12,22,3,7,671,1395,234,..,906,1395
LGA41960,405,895,69,142,0,0,69,142,4,10,0,0,0,0,0,0,0,0,4,10,3,10,0,0,0,0,4,7,10,22,3,3,492,1072,281,..,774,1072
LGA42030,8193,20511,1606,2538,74,148,1679,2686,120,153,0,0,0,0,0,0,0,0,120,153,44,64,6,0,0,0,0,0,48,64,49,93,10089,23501,659,..,10748,23501
LGA42110,1596,3483,60,99,0,6,62,109,3,0,0,0,0,0,0,0,3,0,0,5,0,3,0,0,0,0,0,0,0,5,0,3,1673,3610,527,..,2199,3610
LGA42250,2666,6904,20,30,4,9,20,43,3,7,0,0,0,0,0,0,0,0,3,7,8,3,0,0,8,13,51,128,58,146,19,35,2771,7129,736,..,3506,7129
LGA42600,8700,22302,3468,5740,1235,2425,4703,8167,1083,1594,638,997,588,993,292,468,8,16,2607,4062,14,27,8,12,0,0,73,118,88,158,35,62,16131,34756,2032,..,18163,34756
LGA42750,1840,4008,49,76,0,0,49,76,24,37,0,0,0,0,0,0,0,0,24,37,6,3,6,11,0,0,3,16,13,36,19,29,1940,4183,1090,..,3033,4183
LGA43080,389,859,0,0,0,0,0,0,0,0,0,0,0,0,0,0,0,0,0,0,0,0,0,0,0,3,7,13,11,16,0,4,398,878,172,..,571,878
LGA43220,375,851,6,19,0,0,6,19,4,3,0,0,0,0,0,0,0,0,4,3,4,4,0,0,0,0,0,0,5,6,0,0,384,880,179,..,564,880
LGA43360,923,1955,37,50,5,7,37,56,7,13,0,0,0,0,0,0,0,3,9,16,0,8,0,4,0,0,3,7,9,14,0,4,982,2046,673,..,1652,2046
LGA43650,5299,14519,74,128,0,0,74,128,6,6,0,0,0,5,0,0,0,0,6,10,10,14,0,0,0,0,4,17,16,34,5,22,5405,14719,409,..,5819,14719
LGA43710,2019,5050,17,31,4,8,26,36,0,4,0,0,0,0,0,0,0,6,0,3,15,42,6,17,4,14,0,0,23,71,4,13,2071,5179,729,..,2801,5179
LGA43790,4157,9855,377,575,3,8,383,583,44,48,0,0,0,0,0,0,0,0,42,48,19,18,18,34,0,0,0,15,43,69,21,36,4649,10594,725,..,5372,10594
LGA44000,17,48,12,16,0,0,12,16,0,0,0,0,0,0,0,0,0,0,0,0,0,0,7,8,0,0,0,0,7,8,0,10,28,88,3,..,36,88
LGA44060,26969,68975,6537,12337,2026,4640,8564,16972,2508,4049,35,44,42,75,0,0,22,47,2606,4214,0,0,0,0,0,0,3,14,9,12,81,155,38224,90333,2462,..,40689,90333
LGA44210,3567,7557,61,81,5,10,63,93,17,21,0,0,0,0,0,0,0,0,18,22,28,40,64,115,3,13,11,26,108,194,31,66,3793,7938,3094,..,6881,7938
LGA44340,19832,54310,2553,4908,251,612,2806,5521,2240,3639,117,198,0,0,0,0,5,8,2365,3847,16,26,3,8,3,3,32,70,51,108,52,99,25099,63886,1525,..,26624,63886
LGA44550,13649,35427,597,904,90,179,681,1083,74,113,0,0,0,0,0,0,0,4,70,117,57,96,7,4,0,0,9,20,77,121,34,58,14514,36802,982,..,15498,36802
LGA44620,8497,20752,1441,2516,40,60,1484,2579,919,1309,0,0,18,25,0,0,0,0,934,1333,4,8,4,4,0,0,7,15,9,20,27,46,10947,24727,1182,..,12125,24727
LGA44830,1128,2446,3,4,0,0,3,4,10,10,0,0,0,0,0,0,0,0,8,5,16,46,5,7,0,3,0,0,26,59,5,8,1167,2531,426,..,1593,2531
LGA45040,7468,17951,785,1345,16,26,807,1373,38,62,0,0,0,0,0,3,0,5,36,68,26,33,44,68,0,4,4,9,74,118,39,79,8426,19587,1215,..,9643,19587
LGA45090,3108,7551,138,224,0,0,138,224,9,3,0,0,0,0,0,0,0,0,9,3,7,11,0,0,3,0,0,4,10,18,15,28,3281,7828,524,..,3800,7828
LGA45120,1824,4028,51,74,0,0,51,74,0,0,0,0,0,0,0,0,0,0,0,0,0,0,0,3,0,0,6,16,12,27,6,7,1884,4126,404,..,2289,4126
LGA45290,8222,21434,2771,4861,1907,3817,4676,8675,2458,4074,222,346,206,354,85,131,3,7,2971,4911,4,8,14,18,0,0,31,64,49,93,46,83,15965,35199,1564,..,17528,35199
LGA45340,60671,153479,4801,7300,965,1930,5761,9227,1112,1708,48,59,46,71,0,0,35,80,1237,1921,158,220,189,265,4,4,12,15,365,511,98,188,68135,165330,4926,..,73056,165330
LGA45400,331,729,4,0,0,0,4,0,0,0,0,0,0,0,0,0,0,0,0,0,0,0,0,0,0,0,0,0,0,8,0,8,340,746,139,..,477,746
LGA45540,689,1299,27,39,0,0,27,39,0,0,0,0,0,0,0,0,0,0,0,0,7,5,0,0,0,0,0,0,8,3,7,5,723,1348,199,..,922,1348
LGA45680,29640,82005,4604,9378,607,1214,5215,10594,228,339,46,68,0,0,0,0,0,5,278,409,26,31,58,63,0,0,0,0,86,101,64,138,35285,93255,2423,..,37704,93255
LGA45890,36155,95255,7809,15870,2875,6402,10683,22275,3219,5714,214,339,407,601,0,9,47,112,3889,6766,42,67,26,29,0,0,78,174,144,278,144,298,51024,124862,3740,..,54769,124862
LGA46090,4128,9868,554,1219,31,73,588,1291,357,521,0,0,0,0,0,0,0,0,361,523,32,52,4,8,0,0,5,16,42,78,27,37,5143,11803,1084,..,6227,11803
LGA46300,4701,11167,553,931,97,215,653,1148,339,440,0,13,0,0,0,0,11,26,352,475,8,21,20,47,0,0,8,14,38,80,16,28,5760,12899,753,..,6512,12899
LGA46450,6116,14219,856,1450,15,28,867,1477,111,141,0,0,0,0,0,0,0,0,108,143,18,29,0,0,3,8,11,24,34,58,24,41,7154,15936,977,..,8129,15936
LGA46510,5718,15753,1139,2114,498,1089,1644,3200,970,1893,76,133,201,333,0,0,8,10,1253,2371,0,0,0,0,0,0,14,36,14,36,15,34,8635,21389,626,..,9258,21389
LGA46670,3277,7926,416,764,8,23,419,791,72,123,0,0,0,0,0,0,0,0,76,127,21,77,16,32,0,0,0,3,41,106,19,27,3837,8980,457,..,4288,8980
LGA46860,625,1342,12,13,3,7,14,20,4,0,0,0,0,0,0,0,0,0,4,0,0,3,0,0,0,0,0,0,8,7,0,10,650,1377,923,..,1571,1377
LGA46970,1158,3176,0,0,0,0,0,0,33,41,0,0,0,0,0,0,0,0,33,41,0,0,3,10,0,0,0,23,7,30,3,9,1195,3256,340,..,1541,3256
LGA47140,43781,122564,4953,9033,1254,2847,6207,11873,1449,2387,381,698,321,552,0,0,27,58,2179,3695,129,194,18,25,0,0,12,25,157,239,108,217,52426,138588,2732,..,55155,138588
LGA47290,773,1699,0,0,0,0,0,0,11,12,0,0,0,0,0,0,0,0,11,12,11,14,0,0,0,0,4,5,17,22,6,3,799,1735,183,..,982,1735
LGA47490,762,1763,5,8,0,0,5,8,8,9,0,0,0,0,0,0,0,0,8,9,11,25,0,12,0,0,0,0,16,35,0,8,795,1832,418,..,1211,1832
LGA47630,2440,5938,78,117,0,0,78,117,7,5,0,0,0,0,0,0,0,0,7,5,9,14,0,0,0,3,0,0,14,19,10,12,2546,6097,380,..,2920,6097
LGA47700,34400,90091,2621,4203,546,1199,3172,5402,952,1427,0,0,0,0,0,0,11,21,966,1445,11,32,0,0,0,0,0,13,17,46,39,89,38595,97066,1686,..,40281,97066
LGA47800,2106,4650,49,84,0,0,53,86,5,4,0,0,0,0,0,0,0,0,5,6,3,9,5,9,4,0,3,17,13,39,12,12,2188,4791,668,..,2853,4791
LGA47910,1042,2325,59,89,0,3,62,88,49,56,0,0,0,0,0,0,0,0,49,56,12,25,0,7,3,0,4,7,27,45,7,13,1181,2532,362,..,1548,2532
LGA47980,9166,24881,1966,3596,759,1503,2724,5104,2991,5097,245,407,312,498,46,83,4,3,3593,6080,0,0,0,0,0,0,10,17,10,17,29,66,15526,36150,1410,..,16940,36150
LGA48050,6322,13617,555,776,93,179,652,950,83,102,21,38,16,28,0,0,0,0,118,163,6,18,23,31,0,0,9,14,34,59,29,52,7156,14849,2245,..,9396,14849
LGA48130,2464,5911,164,311,0,0,164,311,10,7,0,0,0,0,0,0,0,0,10,7,13,13,4,10,0,4,3,3,17,30,7,15,2667,6268,486,..,3151,6268
LGA48260,2089,5576,362,608,322,670,682,1275,219,337,48,62,0,0,120,185,4,6,393,593,13,14,0,4,0,0,5,0,12,20,8,16,3184,7480,331,..,3518,7480
LGA48340,4342,10034,228,358,0,4,229,360,118,143,0,0,0,0,0,0,0,4,117,149,10,17,0,0,9,26,5,7,20,52,13,31,4726,10632,1056,..,5780,10632
LGA48410,16148,41579,3993,7181,1199,2746,5188,9923,2779,5039,547,977,317,593,14,21,10,27,3662,6650,0,0,0,0,0,0,17,43,17,43,106,208,25122,58411,2108,..,27229,58411
LGA48540,5029,12071,3494,6789,7,8,3497,6800,351,451,39,52,0,0,0,0,16,34,408,537,18,30,3,8,0,0,3,7,28,45,30,68,8984,19521,1489,..,10471,19521
LGA48640,390,946,7,8,0,0,7,8,0,0,0,0,0,0,0,0,0,0,0,0,0,0,0,0,0,0,3,5,3,5,0,8,414,972,128,..,538,972
LGA48750,2290,5038,55,78,25,61,83,133,0,10,43,52,0,0,0,0,0,8,51,65,28,40,4,8,0,0,8,13,42,57,0,5,2466,5305,1723,..,4188,5305
LGA48830,4670,9739,100,172,23,49,130,225,20,32,0,0,0,0,0,0,0,0,25,31,86,128,22,42,0,0,19,35,122,206,10,19,4954,10214,4708,..,9665,10214
LGA49399,838,1893,12,28,0,0,14,25,4,13,0,0,0,0,0,0,13,27,14,37,21,38,26,35,12,24,7,9,63,109,70,135,1008,2202,1058,..,2062,2202
LGA49499,0,0,0,0,0,0,0,0,0,0,0,0,0,0,0,0,0,0,0,0,0,0,0,0,0,0,0,0,0,0,0,0,0,0,0,..,0,0
LGA49799,0,0,0,0,0,0,0,0,0,0,0,0,0,0,0,0,0,0,0,0,0,0,0,0,0,0,0,0,0,0,0,0,0,0,0,..,0,0
LGA50080,13322,32472,989,1471,103,158,1090,1627,46,71,0,0,0,0,0,0,22,45,67,113,90,131,118,160,6,12,3,6,219,308,34,62,14733,34582,2295,..,17025,34582
LGA50210,29258,82563,2760,5077,49,87,2807,5162,136,201,54,82,0,0,0,0,38,79,219,361,81,104,130,174,0,0,13,38,231,318,31,75,32549,88478,2329,..,34874,88478
LGA50250,1370,3914,78,126,0,3,81,130,26,44,7,3,0,0,0,0,3,6,35,51,57,111,0,12,0,3,0,0,64,119,33,69,1581,4286,824,..,2401,4286
LGA50280,5441,13502,180,282,100,169,278,453,40,66,0,0,0,0,0,0,6,7,41,69,45,65,33,94,10,11,3,7,92,174,34,82,5885,14280,2240,..,8121,14280
LGA50350,4987,12435,906,1605,153,311,1061,1916,191,280,32,48,53,77,0,0,12,14,283,423,0,0,0,0,0,0,5,9,5,9,7,18,6350,14805,545,..,6895,14805
LGA50420,19872,50414,3353,6418,2047,3862,5399,10277,1372,2141,574,886,448,638,336,541,14,26,2750,4231,0,0,0,0,0,0,9,9,9,9,27,52,28055,64982,3075,..,31133,64982
LGA50490,11064,27576,2019,3934,1430,2960,3450,6893,601,984,587,944,473,754,766,1307,18,36,2444,4026,10,13,3,3,0,0,9,6,23,33,30,58,17018,38580,2329,..,19345,38580
LGA50560,647,1364,11,20,0,0,11,20,0,0,0,0,0,0,0,0,0,0,0,0,0,5,0,0,4,8,6,6,12,18,4,16,676,1418,208,..,881,1418
LGA50630,577,1411,18,29,0,0,18,29,0,0,0,0,0,0,0,0,0,0,0,0,5,8,0,0,0,0,0,0,5,8,0,0,599,1445,157,..,757,1445
LGA50770,667,1534,5,8,0,7,4,8,0,0,0,0,0,0,0,0,0,0,0,0,3,4,0,0,0,0,0,0,3,4,0,3,677,1552,159,..,834,1552
LGA50840,1954,4474,58,76,0,0,58,76,7,7,0,0,0,0,0,0,0,0,7,7,15,21,0,4,0,0,0,3,16,26,7,10,2039,4601,463,..,2506,4601
LGA50910,323,744,10,24,0,0,10,24,0,0,0,0,0,0,0,0,0,0,0,0,0,0,0,0,0,0,0,0,0,0,0,0,332,761,104,..,433,761
LGA50980,3992,12183,479,993,222,429,701,1418,118,261,0,0,0,0,0,0,3,10,124,268,206,442,4,7,24,59,18,45,258,551,101,184,5172,14608,843,..,6015,14608
LGA51080,367,897,3,7,0,0,3,7,0,0,0,0,0,0,0,0,0,0,0,0,0,0,0,0,0,0,0,0,3,3,5,8,377,914,157,..,533,914
LGA51120,286,689,18,23,0,0,18,23,0,0,0,0,0,0,0,0,0,0,0,0,0,0,0,0,0,0,9,10,8,9,16,48,332,765,30,..,362,765
LGA51190,10171,24158,2137,3307,424,786,2556,4092,333,512,104,160,15,27,32,53,4,12,490,762,67,93,36,54,0,0,9,23,116,166,28,46,13356,29228,1696,..,15051,29228
LGA51260,13238,33009,1166,1902,205,412,1366,2313,31,52,0,0,18,25,0,0,31,63,74,144,83,139,159,224,10,28,14,49,268,436,36,70,14988,35969,5110,..,20096,35969
LGA51310,7619,22306,572,1110,627,1310,1202,2418,391,584,377,610,568,836,188,308,10,15,1540,2353,0,0,0,0,0,0,0,3,0,7,16,29,10378,27106,865,..,11246,27106
LGA51330,26598,75731,4701,10633,736,1833,5434,12471,930,2009,54,104,189,337,108,158,43,99,1317,2703,16,27,0,0,0,0,15,56,38,86,61,111,33444,91107,2638,..,36082,91107
LGA51400,5949,16347,174,277,15,15,188,290,64,78,0,0,0,0,0,0,0,3,69,80,5,8,0,0,0,0,0,6,8,20,8,24,6221,16762,605,..,6825,16762
LGA51470,206,418,4,10,0,0,4,10,5,4,0,0,0,0,0,0,0,0,5,4,4,0,0,0,0,0,0,0,4,0,0,5,219,433,70,..,292,433
LGA51540,1320,3369,187,311,31,48,215,357,48,59,0,0,0,0,0,0,0,0,48,59,129,245,11,19,11,27,4,0,147,291,30,67,1771,4150,432,..,2197,4150
LGA51610,480,1259,0,0,0,0,0,0,0,0,0,0,0,0,0,0,0,0,0,0,24,33,0,3,0,0,3,5,26,47,3,7,506,1309,98,..,601,1309
LGA51680,1902,5190,4,4,0,3,3,9,16,28,0,0,0,0,0,0,0,0,15,28,0,0,0,0,3,0,0,0,0,4,3,6,1926,5241,310,..,2239,5241
LGA51710,193,524,83,214,10,28,96,246,76,127,51,136,5,13,0,0,0,0,127,275,0,0,0,0,0,0,0,0,3,3,6,3,422,1052,109,..,535,1052
LGA51750,2070,5695,604,1344,398,874,999,2214,242,379,234,319,600,1000,248,392,0,0,1324,2088,0,0,0,0,0,0,0,0,0,0,3,9,4399,10011,641,..,5040,10011
LGA51820,35391,96944,4092,7536,953,1870,5041,9407,652,933,856,1310,958,1540,295,450,73,149,2832,4390,8,16,200,294,0,8,5,5,212,317,42,68,43510,111127,3219,..,46732,111127
LGA51860,122,488,0,0,0,0,0,0,0,0,0,0,0,0,0,0,0,0,0,0,0,0,0,0,0,0,0,0,0,0,5,6,122,491,23,..,146,491
LGA51890,3165,7451,108,164,0,0,108,164,104,149,0,0,0,0,0,0,0,8,104,155,15,24,0,3,3,0,0,11,17,42,16,20,3404,7830,462,..,3864,7830
LGA51960,998,2407,58,87,27,29,83,115,19,37,0,0,0,0,0,0,0,0,19,37,4,14,3,0,0,0,0,0,12,14,8,13,1126,2587,325,..,1449,2587
LGA52030,394,821,10,9,0,0,11,14,0,0,0,0,0,0,0,0,0,0,0,0,7,10,0,0,0,0,0,0,7,10,7,13,418,859,427,..,847,859
LGA52100,372,830,11,19,3,4,17,25,0,0,0,0,0,0,0,0,0,0,0,0,3,7,0,0,0,0,4,4,5,12,0,0,395,864,68,..,468,864
LGA52170,2058,5647,136,285,224,483,364,773,157,255,337,489,86,143,0,0,3,9,581,904,0,0,0,0,0,0,0,0,0,0,0,0,2998,7325,475,..,3472,7325
LGA52240,391,899,0,0,0,0,0,0,3,5,0,0,0,0,0,0,0,0,3,5,0,0,3,4,0,0,0,3,5,10,8,10,405,921,143,..,552,921
LGA52310,356,764,0,0,0,0,0,0,0,0,0,0,0,0,0,0,0,0,0,0,0,8,0,0,0,0,0,4,6,6,0,0,359,776,84,..,444,776
LGA52380,55,99,0,0,0,0,0,0,0,0,0,0,0,0,0,0,0,0,0,0,10,11,0,0,0,0,0,0,10,11,3,7,70,112,37,..,103,112
LGA52450,433,1054,9,10,0,0,9,10,0,0,0,0,0,0,0,0,0,0,0,0,6,3,0,3,0,0,0,0,4,10,0,0,447,1078,169,..,614,1078
LGA52520,397,1048,11,14,0,0,11,14,0,0,0,0,0,0,0,0,0,0,0,0,3,6,0,0,0,0,11,20,16,32,9,13,431,1107,87,..,516,1107
LGA52590,1152,2554,25,57,11,11,35,68,9,10,0,0,0,0,0,0,0,0,9,10,11,15,4,8,26,54,0,9,48,79,16,28,1253,2737,1286,..,2541,2737
LGA52660,4886,12690,302,507,3,8,303,518,15,16,0,0,0,0,0,0,0,3,15,18,34,52,51,67,5,4,0,0,93,127,6,12,5302,13367,469,..,5768,13367
LGA52730,2162,4831,163,365,3,11,169,375,0,4,0,0,0,0,0,0,0,0,3,3,7,5,3,8,0,6,0,0,15,25,16,35,2362,5266,905,..,3263,5266
LGA52800,1588,4996,127,209,8,18,134,229,0,0,0,0,0,0,0,0,0,0,4,6,54,101,0,0,4,25,16,42,78,168,43,81,1844,5476,492,..,2340,5476
LGA52870,2221,5317,38,69,3,4,44,72,9,7,0,0,0,0,0,0,0,4,3,13,7,16,6,6,10,16,4,4,23,47,12,25,2305,5467,340,..,2646,5467
LGA52940,271,591,4,12,0,0,4,12,0,0,0,0,0,0,0,0,0,0,0,0,9,4,4,5,0,0,0,0,10,17,0,4,282,619,103,..,390,619
LGA53010,224,516,8,7,0,0,8,7,0,0,0,0,0,0,0,0,0,0,0,0,0,0,0,0,0,0,0,6,0,6,0,0,235,534,56,..,288,534
LGA53080,248,452,4,0,0,0,4,0,0,0,0,0,0,0,0,0,0,0,0,0,3,3,0,0,0,0,0,0,7,9,5,11,258,474,246,..,504,474
LGA53150,1926,5362,225,479,327,664,548,1141,59,77,156,216,174,267,33,59,4,3,424,632,0,0,0,0,0,0,9,20,9,20,3,4,2913,7163,296,..,3214,7163
LGA53220,1491,4548,41,52,18,28,58,79,38,45,0,0,0,0,0,0,0,0,38,45,29,52,0,0,0,3,0,0,33,60,28,43,1644,4778,1098,..,2737,4778
LGA53290,4339,10595,378,596,40,67,413,663,89,111,0,0,0,0,0,0,4,3,95,112,46,74,14,18,8,12,4,8,72,112,67,177,4990,11662,1091,..,6080,11662
LGA53360,856,2338,18,40,8,21,25,53,50,75,0,0,0,0,0,0,0,0,50,75,111,248,12,30,11,21,14,48,146,342,17,32,1097,2840,247,..,1348,2840
LGA53430,7871,19575,1477,2625,1457,2747,2932,5367,372,518,547,858,1139,1842,53,83,46,88,2154,3381,3,6,132,195,0,0,25,56,160,253,31,54,13148,28634,1680,..,14825,28634
LGA53570,1912,4498,37,81,3,11,43,90,20,26,0,0,0,0,0,0,0,0,22,28,14,26,17,32,5,7,4,0,39,70,7,12,2026,4691,1827,..,3852,4691
LGA53640,425,1049,4,4,0,0,4,4,0,0,0,6,0,0,0,0,0,0,0,6,3,0,0,0,0,0,0,0,0,0,5,12,437,1075,179,..,612,1075
LGA53710,361,802,18,31,0,0,19,26,0,0,0,0,0,0,0,0,0,0,0,0,4,4,0,0,0,0,0,0,4,4,0,0,383,837,90,..,475,837
LGA53780,37916,109344,3252,6318,491,967,3746,7284,479,922,268,458,0,0,0,0,54,115,801,1493,107,147,0,0,9,8,62,120,176,272,40,72,42675,118465,2725,..,45398,118465
LGA53800,12367,31222,1227,1964,295,591,1519,2554,206,320,15,14,0,3,0,0,12,15,230,356,86,126,28,45,19,31,18,31,154,229,67,114,14338,34473,2057,..,16396,34473
LGA53920,740,2810,66,144,10,12,80,154,15,29,0,0,0,0,0,0,0,0,15,29,41,74,0,0,8,16,0,7,48,103,30,44,908,3140,202,..,1116,3140
LGA53990,9503,25264,350,563,11,36,360,599,45,83,0,0,0,0,0,0,0,4,47,85,98,145,30,53,15,21,9,17,149,236,13,24,10077,26209,1232,..,11312,26209
LGA54060,1238,2825,76,115,55,102,130,224,23,39,0,0,0,0,0,0,0,0,23,39,5,11,18,24,0,0,3,10,31,47,11,11,1437,3139,410,..,1849,3139
LGA54130,391,904,14,16,0,0,14,16,0,0,0,0,0,0,0,0,0,0,0,0,17,23,0,8,0,0,6,7,19,39,4,8,424,962,398,..,824,962
LGA54170,50982,140028,3617,6348,1285,2625,4900,8974,464,672,469,751,471,786,0,0,83,151,1483,2361,88,126,11,19,0,0,16,46,120,191,32,57,57522,151611,3288,..,60810,151611
LGA54200,19923,52789,975,1589,80,144,1048,1726,44,75,0,0,0,0,0,0,38,81,86,152,23,49,95,136,11,31,36,96,165,318,20,44,21248,55035,1374,..,22627,55035
LGA54280,8110,21833,1369,2540,202,447,1569,2985,127,201,0,0,0,0,0,0,3,6,125,205,37,52,101,151,0,0,16,24,150,229,26,61,9991,25306,1686,..,11682,25306
LGA54310,4951,15147,739,1534,155,286,893,1815,98,156,59,85,40,73,137,198,0,0,330,510,67,130,19,30,7,9,0,19,97,184,34,78,6308,17735,1721,..,8031,17735
LGA54340,1313,3351,121,207,4,3,126,215,5,7,0,0,0,0,0,0,0,0,5,7,0,3,0,0,0,0,0,0,5,9,6,12,1456,3585,226,..,1682,3585
LGA54410,400,887,12,16,0,0,12,16,19,19,0,0,0,0,0,0,0,0,19,19,0,0,5,3,0,0,3,3,3,8,3,10,436,936,132,..,562,936
LGA54480,167,407,0,3,0,0,0,3,0,0,0,0,0,0,0,0,0,0,0,0,0,0,0,0,0,0,0,0,0,0,0,0,174,413,67,..,237,413
LGA54550,696,1619,30,41,0,0,30,41,0,0,0,0,0,0,0,0,0,0,0,0,0,0,0,0,0,0,0,0,5,4,3,8,737,1676,220,..,954,1676
LGA54620,282,633,6,8,0,0,6,8,0,0,0,0,0,0,0,0,0,0,0,0,7,6,3,3,0,0,0,0,4,11,0,0,297,654,84,..,382,654
LGA54690,154,331,0,0,0,0,0,0,0,0,0,0,0,0,0,0,0,0,0,0,0,0,0,0,0,0,0,0,0,0,0,0,157,331,81,..,238,331
LGA54760,258,610,4,7,0,0,4,7,0,0,0,0,0,0,0,0,0,0,0,0,0,6,3,7,0,0,0,0,4,11,5,6,270,637,85,..,356,637
LGA54830,14566,39958,462,796,87,159,552,945,308,426,201,334,7,12,0,0,15,26,529,798,0,4,0,0,0,5,3,4,9,12,7,22,15666,41735,1242,..,16910,41735
LGA54900,438,1046,16,19,0,3,18,19,3,4,0,0,0,0,0,0,0,0,3,4,3,5,0,0,0,0,0,4,4,8,4,3,469,1083,204,..,672,1083
LGA54970,149,435,18,34,0,0,18,34,4,4,0,0,0,0,0,0,0,0,4,4,5,3,0,0,0,0,0,0,5,3,7,11,183,486,92,..,275,486
LGA55040,248,673,18,20,0,0,18,20,7,16,0,0,0,0,0,0,3,3,7,27,19,36,0,0,0,0,6,16,29,51,9,23,314,796,264,..,584,796
LGA55110,29540,72470,3486,5322,1069,1798,4557,7121,420,607,189,361,197,365,155,297,34,59,1006,1684,72,109,137,178,9,17,7,7,224,310,32,51,35358,81641,7267,..,42620,81641
LGA55180,3251,7559,200,251,4,4,203,256,20,25,0,0,0,0,0,0,5,8,23,31,4,8,0,0,4,9,0,0,9,22,28,32,3514,7904,1129,..,4638,7904
LGA55250,217,589,18,32,0,0,18,32,11,29,0,0,0,0,0,0,0,0,11,29,10,23,0,0,0,0,0,3,10,28,14,30,276,701,136,..,414,701
LGA55320,29265,80130,5862,10801,1321,3042,7179,13838,874,1321,397,595,581,1009,177,278,41,83,2067,3285,0,0,0,3,0,0,4,14,4,15,44,93,38566,97369,3297,..,41861,97369
LGA55390,42,94,0,0,0,0,0,0,6,22,0,0,0,0,0,0,0,0,6,22,4,11,0,5,0,5,3,5,10,21,12,13,66,151,90,..,158,151
LGA55460,1092,2514,40,61,0,0,43,58,3,5,0,0,0,0,0,0,0,0,3,5,10,12,0,0,0,0,0,7,6,17,6,13,1151,2605,271,..,1423,2605
LGA55530,132,320,3,8,0,0,3,5,0,0,0,0,0,0,0,0,0,0,0,0,0,5,0,0,3,3,0,5,7,11,3,5,147,341,28,..,171,341
LGA55600,752,1781,53,82,0,0,53,82,0,0,0,0,0,0,0,0,0,0,0,0,0,0,10,10,0,0,0,0,10,16,7,17,824,1886,186,..,1010,1886
LGA55670,199,471,4,17,0,0,4,17,0,0,0,0,0,0,0,0,0,0,0,0,3,10,0,0,0,0,0,0,3,10,4,9,214,508,33,..,250,508
LGA55740,2160,6163,291,509,219,419,507,927,84,120,341,452,375,560,43,73,0,0,843,1205,0,0,0,0,0,0,0,0,0,0,4,7,3520,8303,413,..,3933,8303
LGA55810,115,244,6,11,0,0,6,11,0,0,0,0,0,0,0,0,0,0,0,0,5,5,0,0,0,0,0,10,5,17,0,4,128,273,83,..,211,273
LGA55880,167,370,6,8,0,0,6,8,0,0,0,0,0,0,0,0,0,0,0,0,0,0,0,0,0,0,0,0,0,0,4,3,174,377,110,..,284,377
LGA55950,215,504,0,0,0,0,0,0,0,0,0,0,0,0,0,0,0,0,0,0,0,0,0,0,0,0,0,0,0,0,0,0,215,504,74,..,293,504
LGA56090,12989,33809,495,741,5,12,502,757,3,9,0,0,0,0,0,0,16,37,22,45,15,23,0,0,0,3,3,11,22,38,15,33,13541,34673,974,..,14516,34673
LGA56160,18,47,3,13,0,0,3,13,0,0,0,0,0,0,0,0,0,0,0,0,7,23,0,0,0,0,0,0,7,23,5,14,32,91,0,..,41,91
LGA56230,6154,15377,245,375,20,35,268,407,6,10,0,0,0,0,0,0,8,12,14,28,157,210,21,37,10,35,5,6,192,291,9,27,6641,16130,1117,..,7758,16130
LGA56300,563,1215,6,12,0,5,10,14,15,13,0,0,0,0,0,0,0,0,15,17,8,17,6,7,0,0,0,10,14,30,0,4,604,1278,282,..,888,1278
LGA56370,247,575,18,28,0,0,18,28,0,0,0,0,0,0,0,0,0,0,0,0,0,0,0,0,0,0,0,0,0,0,0,0,262,612,72,..,340,612
LGA56460,1667,3801,133,181,0,0,133,181,6,10,0,0,0,0,0,0,0,0,5,15,4,3,0,0,0,0,3,8,7,14,0,3,1819,4011,366,..,2180,4011
LGA56580,6202,18191,537,1021,379,776,917,1800,285,494,34,46,150,272,0,0,3,16,474,829,0,0,0,0,0,0,0,0,0,0,4,5,7602,20826,617,..,8218,20826
LGA56620,308,1189,16,28,0,0,16,28,3,3,0,0,0,0,0,0,0,0,3,3,0,0,0,0,0,0,0,0,0,0,13,29,340,1241,164,..,500,1241
LGA56730,3858,9264,146,234,11,14,154,249,16,21,0,0,0,0,0,0,7,10,16,28,18,28,12,17,0,0,0,0,32,45,17,35,4070,9627,757,..,4825,9627
LGA56790,1029,2315,47,86,30,56,77,143,15,12,0,0,0,0,0,0,0,3,16,20,39,95,0,9,4,3,4,10,51,110,19,47,1191,2630,478,..,1670,2630
LGA56860,86,186,0,0,0,0,0,0,0,0,0,0,0,0,0,0,0,0,0,0,0,3,0,0,0,0,0,0,4,9,0,0,93,195,18,..,111,195
LGA56930,404,1192,8,13,53,95,54,104,24,39,37,48,0,0,0,0,0,0,61,92,0,0,0,0,0,0,0,0,0,0,0,3,523,1396,73,..,595,1396
LGA57000,126,297,0,0,0,0,0,0,0,0,0,0,0,0,0,0,0,0,0,0,0,0,0,0,0,0,0,0,4,3,5,14,139,316,42,..,178,316
LGA57080,371,927,52,116,767,1699,819,1812,484,902,1632,2740,3676,6353,5308,9297,0,3,11107,19296,0,0,0,0,0,0,0,0,0,0,27,46,12329,22082,3624,..,15951,22082
LGA57140,424,924,8,8,0,0,8,8,0,0,0,0,0,0,0,0,0,0,0,0,0,0,0,0,0,0,0,0,0,0,0,0,432,932,89,..,523,932
LGA57210,1939,4533,26,46,0,0,26,46,4,9,0,0,0,0,0,0,0,0,3,7,14,15,9,22,0,0,3,6,24,40,0,14,2001,4635,477,..,2475,4635
LGA57280,3419,9935,644,1442,249,604,888,2047,266,404,116,178,75,123,0,0,0,0,452,706,29,61,15,27,3,7,23,56,69,147,34,74,4872,12909,1501,..,6365,12909
LGA57350,296,652,6,8,0,0,6,8,0,0,0,0,0,0,0,0,0,0,0,0,0,0,0,0,0,0,0,0,0,3,9,10,313,675,71,..,385,675
LGA57420,740,1633,4,11,0,0,4,11,7,12,3,4,0,0,0,0,0,0,13,8,14,23,3,7,3,3,7,14,25,42,3,9,786,1708,485,..,1268,1708
LGA57490,43771,117471,2168,3288,578,937,2745,4233,1046,1501,190,279,275,426,27,49,40,95,1582,2340,139,199,82,112,6,10,44,68,271,393,56,119,48428,124560,4486,..,52917,124560
LGA57630,34,56,0,0,0,0,0,0,0,0,0,0,0,0,0,0,0,0,0,0,7,8,0,0,0,0,0,0,7,8,3,3,43,64,17,..,62,64
LGA57700,9959,29370,74,152,0,0,74,152,15,20,0,0,0,0,0,0,17,40,36,55,9,11,91,146,3,11,15,24,112,192,26,47,10211,29820,673,..,10883,29820
LGA57770,264,578,17,28,3,7,20,32,9,9,0,0,0,0,0,0,0,0,9,9,57,125,7,9,4,3,0,9,69,147,4,8,360,781,146,..,510,781
LGA57840,8709,23368,2717,4870,3450,6662,6163,11531,895,1529,781,1188,580,991,529,865,9,9,2787,4577,0,0,0,0,0,0,4,4,4,4,24,35,17690,39516,2401,..,20090,39516
LGA57910,52380,139138,22070,42335,6817,14433,28890,56770,5370,8658,2227,3743,956,1496,316,552,46,96,8917,14542,45,79,7,10,7,4,10,21,63,112,61,120,90318,210682,8087,..,98405,210682
LGA57980,3441,9081,297,579,1057,2056,1349,2640,714,1140,911,1344,1069,1670,34,57,0,3,2726,4223,0,0,0,0,0,0,12,12,12,12,4,7,7534,15968,945,..,8482,15968
LGA58050,46792,132574,3735,6903,885,1618,4616,8523,366,571,357,550,100,165,53,73,71,131,946,1492,61,91,142,190,10,20,25,54,238,350,71,166,52666,143108,3795,..,56454,143108
LGA58190,136,313,0,0,0,0,0,0,0,0,0,0,0,0,0,0,0,0,0,0,0,0,0,0,0,0,0,0,0,0,0,0,136,313,71,..,209,313
LGA58260,191,429,11,16,0,0,11,16,0,0,0,0,0,0,0,0,0,0,0,0,0,0,0,0,0,0,0,0,0,0,7,12,205,461,69,..,274,461
LGA58330,1707,3833,10,16,0,0,10,16,0,0,0,0,0,0,0,3,0,4,0,6,9,7,7,9,6,8,0,0,26,32,9,11,1749,3901,403,..,2159,3901
LGA58400,125,221,3,5,0,5,3,5,0,0,0,0,0,0,0,0,0,0,0,0,0,0,0,0,0,0,0,0,0,0,4,7,131,239,98,..,227,239
LGA58470,35,102,3,11,0,0,3,11,0,0,0,0,0,0,0,0,0,0,0,0,8,19,0,0,0,0,0,5,10,25,11,28,57,168,24,..,76,168
LGA58510,8361,20278,2387,4691,1340,2731,3731,7415,869,1494,695,1124,1078,1679,612,1114,0,0,3257,5412,0,0,0,0,0,0,6,7,6,7,16,28,15367,33146,1771,..,17142,33146
LGA58540,276,612,3,3,0,0,3,5,0,0,0,0,0,0,0,0,0,0,0,0,5,6,0,0,0,0,0,0,5,6,6,10,288,638,56,..,344,638
LGA58570,7418,19042,1424,2810,1965,3987,3380,6793,955,1485,1687,2692,1888,2983,31,50,8,13,4574,7223,0,0,0,0,0,0,54,106,54,106,19,46,15450,33212,1937,..,17385,33212
LGA58610,640,1407,31,38,0,0,38,42,0,0,0,0,0,0,0,0,0,0,0,0,4,3,0,0,0,3,0,0,4,7,4,8,684,1466,125,..,808,1466
LGA58680,182,422,0,0,0,0,0,0,0,0,0,0,0,0,0,0,0,0,0,0,0,0,0,0,0,0,0,0,0,0,0,0,182,422,31,..,214,422
LGA58760,65649,186948,4368,8005,702,1327,5066,9332,77,122,149,229,3,7,0,0,74,170,302,535,117,138,19,27,29,52,16,47,184,259,41,86,71246,197163,4561,..,75811,197163
LGA58820,1459,3521,92,146,0,0,96,146,0,0,0,0,0,0,0,0,0,3,0,3,22,30,0,0,0,4,3,6,25,33,5,16,1584,3717,525,..,2108,3717
LGA58890,285,624,6,9,0,0,6,9,0,0,0,0,0,0,0,0,0,0,0,0,0,0,0,0,0,5,0,0,0,7,5,6,293,640,41,..,333,640
LGA59030,95,213,0,0,0,0,0,0,0,0,0,0,0,0,0,0,0,0,0,0,0,0,0,0,0,0,0,0,0,0,0,3,101,218,30,..,125,218
LGA59100,223,531,5,7,0,0,5,7,0,0,0,0,0,0,0,0,0,0,0,0,0,0,0,0,0,0,0,0,0,0,0,0,229,538,56,..,287,538
LGA59170,347,857,12,13,0,0,12,13,0,0,0,0,0,0,0,0,0,0,4,0,0,0,0,5,0,0,0,0,0,5,5,7,365,886,90,..,452,886
LGA59250,80,214,9,17,0,0,9,17,0,0,0,0,0,0,0,0,0,0,0,0,0,0,0,0,0,0,0,0,0,0,0,5,84,234,113,..,198,234
LGA59310,490,1090,26,38,0,0,26,38,0,0,0,0,0,0,0,0,0,0,0,0,4,5,0,0,0,0,0,0,9,7,0,0,521,1135,104,..,625,1135
LGA59320,161,388,0,0,0,0,0,0,0,0,0,0,0,0,0,0,0,0,0,0,0,0,0,0,0,0,0,0,0,0,0,0,161,388,47,..,208,388
LGA59330,201,389,6,9,0,0,6,9,0,4,0,0,0,0,0,0,0,0,0,4,0,0,0,0,0,0,0,0,0,0,0,0,209,400,116,..,324,400
LGA59340,1459,4504,211,476,28,73,239,548,116,258,0,0,0,0,0,0,0,0,116,258,173,297,8,19,5,25,46,134,240,478,71,159,2122,5948,505,..,2631,5948
LGA59350,25,82,0,0,0,0,0,0,0,0,0,0,0,0,0,0,0,0,0,0,7,5,0,0,0,0,0,0,7,5,16,29,44,116,21,..,64,116
LGA59360,347,696,24,34,0,0,24,34,0,0,0,0,0,0,0,0,0,0,3,0,3,4,0,0,0,0,0,0,0,5,0,0,377,733,214,..,595,733
LGA59370,1344,2889,35,60,3,12,39,78,6,12,0,0,0,0,0,0,0,0,6,12,7,7,5,9,0,0,0,0,11,17,13,25,1420,3014,280,..,1700,3014
LGA59499,0,0,0,0,0,0,0,0,0,0,0,0,0,0,0,0,0,0,0,0,0,0,0,0,0,0,0,0,0,0,0,0,0,0,0,..,0,0
LGA59799,0,0,0,0,0,0,0,0,0,0,0,0,0,0,0,0,0,0,0,0,0,0,0,3,0,0,0,0,0,3,0,13,3,15,0,..,3,15
LGA60210,2744,5623,55,73,28,71,86,149,86,131,0,0,0,0,0,0,0,0,86,131,49,70,17,33,4,9,0,4,69,114,13,23,3000,6042,1520,..,4512,6042
LGA60410,6101,16499,92,163,27,56,121,222,641,1166,0,0,0,0,0,0,11,19,648,1189,0,13,0,0,0,0,0,0,6,12,4,11,6889,17928,324,..,7212,17928
LGA60610,7310,17363,481,703,152,240,632,947,54,70,43,44,46,70,0,0,0,8,145,196,3,0,0,0,0,0,11,20,15,28,5,16,8104,18543,752,..,8857,18543
LGA60810,8335,19718,688,967,25,45,716,1014,22,30,0,0,0,0,0,0,5,5,30,38,76,103,38,62,0,0,25,43,143,208,12,26,9235,20993,733,..,9968,20993
LGA61010,964,2100,0,0,0,0,0,0,12,21,0,0,0,0,0,0,0,0,12,21,4,3,14,16,0,4,0,11,22,33,11,16,1012,2166,1570,..,2580,2166
LGA61210,2868,6917,100,128,4,23,103,147,26,51,0,0,0,0,0,0,0,3,26,58,9,20,3,16,0,10,7,8,23,60,8,15,3027,7193,687,..,3717,7193
LGA61410,21987,54777,801,1236,379,657,1181,1899,186,286,70,109,0,0,0,0,15,40,276,438,46,75,37,53,0,0,10,33,97,164,44,77,23584,57349,1492,..,25074,57349
LGA61510,3861,9750,104,145,29,38,127,185,63,106,0,0,0,0,0,0,0,5,68,109,32,44,6,12,0,3,13,20,46,79,6,8,4102,10128,353,..,4461,10128
LGA61610,9392,22378,1091,1575,149,223,1234,1796,21,37,0,0,0,0,0,0,3,3,24,47,33,46,62,107,0,0,8,28,98,170,16,36,10769,24418,831,..,11600,24418
LGA61810,2638,5973,73,95,0,3,70,96,26,35,0,0,0,0,0,0,0,0,26,35,8,12,0,0,0,10,9,22,16,45,4,15,2763,6163,947,..,3713,6163
LGA62010,403,775,9,7,4,0,12,14,0,4,0,0,0,0,0,0,0,0,0,4,0,0,0,3,0,0,0,0,0,3,4,9,416,803,220,..,635,803
LGA62210,2607,6049,242,342,11,16,251,359,27,40,0,0,0,0,0,0,0,0,27,40,20,23,0,0,0,0,7,8,26,34,6,3,2911,6482,587,..,3492,6482
LGA62410,2003,4100,31,45,11,17,35,63,10,13,0,0,0,0,0,0,0,0,10,13,11,16,4,5,0,0,6,14,18,40,21,27,2085,4241,2358,..,4453,4241
LGA62610,16189,41125,790,1325,274,564,1064,1893,2434,4320,46,75,0,0,0,0,12,29,2493,4427,14,13,21,26,0,0,50,134,85,169,43,76,19865,47680,1184,..,21052,47680
LGA62810,14780,37608,935,1735,1521,3108,2451,4844,2417,4427,907,1508,593,1040,31,46,89,164,4040,7187,5,0,20,35,0,0,88,192,109,235,79,149,21459,50030,2318,..,23770,50030
LGA63010,6729,16312,109,152,4,0,109,155,25,45,0,0,0,0,0,0,0,5,29,53,32,61,32,49,6,8,20,36,86,156,16,46,6966,16714,1311,..,8274,16714
LGA63210,2349,5637,76,133,0,8,77,137,0,0,0,0,0,0,0,0,0,4,0,3,8,11,0,0,0,0,3,5,10,15,11,24,2451,5823,258,..,2707,5823
LGA63410,622,1299,23,30,0,0,23,30,4,3,0,0,0,0,0,0,0,0,4,3,0,5,0,0,0,0,0,0,3,8,4,11,652,1341,160,..,816,1341
LGA63610,14002,35984,455,693,291,633,745,1330,209,339,9,21,0,0,0,0,12,30,234,392,11,27,49,66,8,6,24,63,86,167,21,37,15083,37904,1680,..,16770,37904
LGA63810,4566,10721,221,336,27,58,251,396,28,62,0,0,0,0,0,0,5,5,33,66,20,38,18,37,4,8,4,8,53,97,11,20,4916,11298,660,..,5571,11298
LGA64010,22246,55163,2098,3474,823,1754,2922,5230,2142,3410,112,178,31,44,9,18,104,189,2396,3845,3,8,0,7,5,12,94,168,108,194,62,101,27729,64533,2315,..,30041,64533
LGA64210,7426,18012,301,450,103,225,406,676,360,554,0,0,0,0,0,0,3,8,366,564,18,28,19,32,0,0,21,35,51,93,8,26,8257,19364,637,..,8894,19364
LGA64610,4980,11911,120,196,10,25,127,222,341,512,0,0,0,0,0,0,3,5,341,515,17,20,3,9,4,3,14,33,39,68,7,32,5506,12751,668,..,6174,12751
LGA64810,6373,15194,77,125,20,39,100,165,4,8,0,0,0,0,0,0,4,9,8,19,3,8,6,13,4,17,7,11,20,48,18,38,6514,15464,1232,..,7749,15464
LGA65010,2424,6069,9,15,0,0,9,15,22,33,0,0,0,0,0,0,0,0,22,33,0,4,0,4,0,0,3,10,7,15,4,0,2465,6131,339,..,2804,6131
LGA65210,1105,2156,15,18,0,0,15,18,3,7,0,0,0,0,0,0,3,4,7,11,7,8,4,9,5,5,0,0,21,24,7,13,1144,2220,1332,..,2478,2220
LGA65410,5407,12521,341,455,19,26,355,479,20,25,0,0,0,0,0,0,0,0,21,23,41,60,6,8,0,7,12,24,58,100,13,19,5850,13144,708,..,6562,13144
LGA65610,1754,3512,47,72,5,14,49,83,24,36,0,0,0,0,0,0,0,0,24,36,8,18,4,7,0,0,0,0,16,28,26,51,1875,3715,891,..,2761,3715
LGA65810,9390,22812,93,191,23,49,117,240,175,245,0,0,0,0,0,0,9,16,186,261,52,80,5,6,3,9,7,18,72,114,13,33,9781,23453,1121,..,10901,23453
LGA69499,0,0,0,0,0,0,0,0,0,0,0,0,0,0,0,0,0,0,0,0,0,0,0,0,0,0,0,0,0,0,0,0,0,0,0,..,0,0
LGA69799,0,0,0,0,0,0,0,0,0,0,0,0,0,0,0,0,0,0,0,0,0,0,0,0,0,0,0,0,0,0,0,0,0,0,0,..,0,0
LGA70200,5709,16703,1647,3445,840,1814,2482,5262,345,553,22,38,0,0,0,0,6,20,375,614,120,216,27,37,18,29,10,15,175,296,151,274,8891,23155,1179,..,10065,23155
LGA70420,1362,5068,73,126,36,56,116,181,42,56,0,0,12,28,0,0,0,3,53,95,27,48,11,16,11,42,3,14,52,116,20,35,1599,5498,558,..,2155,5498
LGA70540,32,113,0,0,0,0,0,0,10,33,0,0,0,0,0,0,0,0,10,33,0,0,0,0,0,0,0,0,0,0,0,0,46,148,0,..,44,148
LGA70620,645,3005,18,47,0,0,18,47,15,36,0,0,0,0,0,0,0,3,13,37,9,15,6,9,7,13,0,5,17,46,15,34,715,3171,263,..,972,3171
LGA70700,361,816,27,36,0,0,27,36,3,0,0,0,0,0,0,0,0,0,3,0,30,61,0,0,0,5,4,4,35,69,10,30,433,955,184,..,614,955
LGA71000,14745,44666,1698,3207,1972,4383,3671,7590,2815,5831,1711,3644,2735,5834,2487,5025,18,31,9768,20369,129,255,33,57,9,11,19,43,181,357,94,141,28456,73125,2971,..,31431,73125
LGA71150,0,0,0,0,0,0,0,0,0,0,13,20,103,168,41,64,0,0,158,252,0,0,0,0,0,0,0,0,0,0,0,0,158,252,50,..,208,252
LGA71300,1307,7691,99,428,0,0,99,433,9,15,0,0,0,0,0,0,0,7,9,23,0,4,8,6,5,45,4,9,15,58,23,73,1450,8281,299,..,1752,8281
LGA72200,2209,6712,308,612,126,287,432,896,51,116,0,0,6,3,0,0,0,0,53,116,43,78,17,33,10,12,4,18,73,140,89,160,2852,8023,463,..,3324,8023
LGA72300,5750,16971,105,254,3,14,115,264,10,26,99,170,9,10,0,0,4,6,119,214,143,325,47,83,23,38,9,11,226,457,47,94,6251,18007,876,..,7121,18007
LGA72330,982,4375,58,196,0,0,54,197,18,22,0,0,0,0,0,0,0,0,18,22,28,61,6,10,12,32,4,8,47,115,31,64,1126,4773,440,..,1573,4773
LGA72800,9348,27726,950,1955,210,484,1158,2440,1204,2307,96,227,417,901,65,127,4,9,1786,3571,0,3,0,0,14,22,0,0,14,25,14,29,12318,33792,1117,..,13443,33792
LGA73600,807,4330,178,787,0,3,176,792,28,170,0,0,0,0,0,0,0,0,28,170,91,200,10,13,30,59,0,0,134,277,36,78,1188,5646,316,..,1500,5646
LGA74050,489,1774,30,143,0,0,30,143,59,132,0,0,0,0,0,0,0,0,61,130,0,0,15,28,0,0,0,0,15,28,16,27,604,2097,106,..,712,2097
LGA74550,440,1900,82,271,5,17,86,287,4,5,0,0,0,0,0,0,0,0,4,5,21,47,6,5,0,7,0,0,30,59,28,49,585,2301,171,..,758,2301
LGA74560,171,352,0,0,0,0,0,0,0,0,0,0,0,0,0,0,0,0,0,0,6,7,0,0,0,0,0,0,6,7,0,0,175,364,89,..,265,364
LGA74660,976,5310,111,323,5,26,118,351,30,57,0,0,0,0,0,0,3,8,33,61,22,55,3,6,24,59,4,4,55,130,17,31,1199,5885,393,..,1595,5885
LGA74680,398,2335,78,371,0,0,78,371,0,6,0,0,0,0,0,0,0,0,6,0,0,0,11,15,3,44,0,0,13,62,7,13,498,2781,150,..,651,2781
LGA79399,1485,4174,302,450,0,3,305,455,161,245,0,0,0,0,0,0,0,0,161,245,62,149,8,24,12,13,3,4,91,190,62,101,2099,5163,780,..,2882,5163
LGA79499,0,0,0,0,0,0,0,0,0,0,0,0,0,0,0,0,0,0,0,0,0,0,0,0,0,0,0,0,0,0,0,0,0,0,0,..,0,0
LGA79799,0,0,0,0,0,0,0,0,0,0,0,0,0,0,0,0,0,0,0,0,0,0,0,0,0,0,0,0,0,0,0,3,3,12,0,..,3,12
LGA89399,106433,303827,13757,27077,15164,34965,28921,62046,5628,10224,7745,14238,12642,22199,6206,11000,442,862,32669,58520,45,64,105,181,0,0,7,33,168,276,213,449,168400,425111,11988,..,180389,425111
LGA89499,0,0,0,0,0,0,0,0,0,0,0,0,0,0,0,0,0,0,0,0,0,0,0,0,0,0,0,0,0,0,0,0,0,0,0,..,0,0
LGA89799,0,0,0,0,0,0,0,0,0,0,0,0,0,0,0,0,0,0,0,0,0,0,0,0,0,0,0,0,0,0,0,0,0,0,0,..,0,0
LGA99399,946,2045,7,18,4,3,11,17,6,11,0,0,0,0,0,0,9,13,14,22,0,0,0,8,0,0,0,6,3,12,15,22,986,2116,195,..,1179,2116
LGA99499,0,0,0,0,0,0,0,0,0,0,0,0,0,0,0,0,0,0,0,0,0,0,0,0,0,0,0,0,0,0,0,0,0,0,0,..,0,0
LGA99799,0,0,0,0,0,0,0,0,0,0,0,0,0,0,0,0,0,0,0,0,0,0,0,0,0,0,0,0,0,0,0,0,0,0,0,..,0,0
